Month,DayOfWeek,IsHoliday,Temperature,Humidity,SquareFootArea,Occupancy,HVACUsage,LightingUsage,RenewableEnergy,DailyConsumption_kWh,MonthlyConsumption_kWh
7,6,0,35.7,68.5,5000,6,6.4,4.6,0.0,61.22,1935.22
4,3,0,27.3,21.2,2200,4,7.4,4.1,10.1,34.37,997.58
11,4,0,14.3,60.7,1500,3,5.8,6.3,3.8,33.93,1004.92
8,2,0,23.7,31.7,3500,1,4.1,3.2,7.3,32.76,976.81
5,1,0,28.2,80.0,800,3,7.1,8.0,0.0,33.29,1002.38
7,4,0,32.9,45.1,1500,3,14.5,5.6,0.0,50.44,1533.36
10,2,0,23.8,66.5,5000,9,8.1,4.8,0.0,62.29,1888.12
3,2,0,8.9,54.6,1200,3,7.4,5.8,0.0,34.26,977.85
7,2,0,26.1,41.0,5000,8,10.0,4.6,4.1,63.7,1854.81
11,5,0,17.9,48.3,800,8,4.3,4.2,5.8,28.59,934.12
11,5,0,20.2,78.4,1800,3,9.3,6.3,0.9,38.86,1217.9
8,2,1,32.4,64.0,2800,6,7.7,7.7,2.6,54.87,1587.49
5,6,0,26.6,74.0,3500,8,7.9,6.4,0.0,55.73,1689.72
4,5,0,23.5,53.2,1500,8,10.9,4.0,8.8,44.47,1370.67
8,3,0,29.3,56.0,5000,9,7.8,4.7,0.0,66.99,2102.55
8,2,0,32.0,49.3,1800,9,13.0,8.2,0.0,61.38,1820.03
3,3,0,19.4,51.6,2200,8,6.3,7.0,4.7,42.06,1307.77
6,3,0,29.2,37.5,4500,7,8.3,4.0,10.1,58.39,1784.4
5,2,0,24.8,51.7,1500,3,5.4,4.2,8.8,27.38,790.42
2,1,0,15.4,48.0,4500,7,10.5,6.0,6.4,63.45,1888.0
8,6,0,31.1,57.8,800,4,8.0,5.2,3.4,34.26,993.99
12,2,0,16.3,62.0,4500,2,11.2,8.3,2.9,54.21,1642.53
6,2,0,30.6,53.5,4500,8,7.6,4.7,0.2,60.39,1742.16
2,5,0,21.1,77.6,2800,2,5.1,6.1,0.0,35.62,1058.79
12,2,0,16.3,59.5,2200,1,9.4,5.5,1.2,36.13,1067.81
5,1,0,23.1,59.8,5000,5,6.4,3.0,0.0,52.7,1489.04
1,5,0,18.0,83.9,2800,9,7.5,2.3,0.0,47.78,1447.28
12,0,1,8.9,75.7,800,5,7.0,4.9,0.0,36.26,1118.28
10,0,0,17.1,71.3,2800,2,7.4,5.8,0.1,35.64,1003.98
6,3,0,30.4,46.3,800,4,9.6,7.8,3.6,41.47,1244.22
12,6,0,17.4,62.8,2800,8,10.5,4.6,5.4,52.21,1504.38
9,3,0,20.4,39.2,1500,7,5.2,6.4,7.4,34.2,1031.5
1,1,0,12.3,65.3,2800,5,9.3,5.1,0.0,49.09,1525.31
11,4,0,15.3,62.6,2800,4,10.1,8.0,2.2,50.83,1502.05
11,6,0,15.8,59.6,800,5,7.6,5.4,0.0,34.05,1008.27
10,0,0,26.2,69.8,5000,7,9.7,5.0,1.0,65.29,2053.82
12,3,0,18.3,45.5,4500,5,11.8,5.8,0.0,59.59,1754.18
12,0,1,15.0,79.6,1200,8,7.9,6.1,0.0,46.5,1352.9
3,1,0,15.5,65.8,1200,7,10.3,7.8,4.2,44.63,1338.66
12,1,0,9.0,59.2,2200,7,10.6,5.7,1.7,53.78,1722.14
7,4,0,36.4,48.9,1200,9,12.3,6.5,1.4,54.34,1641.6
4,4,0,24.7,58.3,800,8,8.5,3.3,4.4,38.35,1120.9
9,5,0,22.8,73.3,1200,8,8.7,4.1,3.2,37.43,1149.71
3,6,0,21.2,56.2,2200,6,8.1,5.0,0.0,41.44,1276.73
5,1,0,25.7,52.4,3500,7,7.3,5.9,0.0,53.46,1631.1
3,3,0,16.7,55.2,2200,8,6.2,4.7,4.2,45.51,1400.52
7,0,1,32.0,72.1,800,5,10.2,5.9,0.0,44.43,1375.02
5,2,0,22.7,46.2,3500,2,3.6,4.4,0.0,38.08,1136.61
9,4,0,24.5,54.6,2800,7,8.3,8.2,8.2,51.11,1527.51
7,2,1,30.5,68.2,3500,3,10.3,5.0,0.0,52.57,1614.95
2,3,0,12.8,59.3,1200,8,8.1,6.4,0.0,41.66,1139.81
4,4,0,25.0,66.1,2200,6,7.3,5.3,0.0,44.17,1208.44
9,2,0,34.4,44.1,4500,4,11.8,5.3,6.8,61.36,1813.91
12,6,0,11.7,57.5,3500,2,10.3,6.0,5.0,46.55,1381.06
2,3,0,7.6,75.3,2800,7,11.9,5.9,0.0,57.87,1767.34
10,0,0,13.0,49.4,2800,1,10.0,4.3,12.3,39.68,1168.79
9,6,0,25.3,53.2,800,7,7.5,6.2,12.7,33.21,1049.04
10,3,0,19.0,60.6,800,7,6.6,5.5,1.7,35.3,1065.48
5,5,0,26.9,38.8,3500,3,8.6,6.2,4.0,48.85,1430.39
2,4,0,15.7,52.5,1500,4,10.5,7.1,0.2,41.79,1310.55
4,1,0,14.8,53.9,2800,4,8.4,6.9,0.6,46.63,1411.38
12,0,0,6.9,60.6,2200,4,12.8,3.8,5.9,50.43,1454.47
12,6,0,16.4,75.4,1500,9,3.3,1.4,0.0,34.57,1071.51
7,6,0,30.6,69.2,2800,6,9.5,9.0,1.6,53.87,1650.47
12,2,0,13.2,49.7,1500,9,8.5,6.7,4.8,49.19,1418.23
8,4,0,21.5,53.8,4500,4,2.8,6.0,3.7,44.91,1352.13
3,1,0,20.1,63.1,3500,7,3.2,4.6,3.7,41.31,1266.51
1,3,0,19.7,77.5,5000,9,7.3,2.8,0.0,62.15,1789.57
4,1,0,23.3,61.1,2200,3,6.9,2.3,1.7,30.65,967.0
2,4,0,11.3,61.0,800,3,10.5,4.8,7.2,35.48,1033.42
8,4,0,29.1,60.5,4500,6,3.2,5.8,0.0,52.62,1539.67
4,5,1,15.9,60.6,1200,8,9.7,8.3,1.0,44.62,1325.82
2,5,0,19.8,46.4,2800,1,8.5,5.5,0.6,40.85,1256.97
6,1,0,29.3,52.3,800,4,5.7,6.4,5.2,27.53,870.77
6,3,0,21.0,67.5,2800,8,8.8,5.0,0.0,51.45,1618.43
10,1,1,20.6,55.0,1800,6,9.7,4.9,1.9,46.37,1350.9
4,4,0,24.1,54.1,2200,2,4.3,3.0,3.1,22.9,703.51
6,4,0,27.4,47.1,3500,8,8.1,4.0,7.5,54.26,1658.49
2,2,0,13.8,29.7,2800,1,8.6,3.2,4.4,38.93,1189.71
10,5,0,16.5,57.7,800,1,3.8,4.6,11.6,17.81,490.22
12,2,0,17.6,63.6,5000,7,6.4,3.2,0.0,59.15,1786.05
2,0,0,12.2,51.4,2800,3,11.4,4.1,0.0,49.67,1504.57
10,4,1,12.3,43.6,2800,8,6.9,5.7,5.7,51.24,1508.93
4,2,1,20.3,41.9,5000,9,9.9,2.3,3.1,66.97,2030.85
8,1,1,33.3,61.7,2200,8,10.4,8.0,7.0,61.83,1864.29
7,5,0,28.3,74.3,2800,1,6.6,7.8,0.0,42.13,1203.03
12,5,0,22.9,76.6,2800,1,6.7,6.6,0.0,35.37,1089.6
9,3,0,27.9,38.9,3500,6,5.1,6.2,7.5,49.31,1484.45
8,1,0,30.5,62.8,5000,1,9.7,5.6,0.0,59.73,1706.8
5,3,0,25.4,42.7,2200,8,6.9,6.6,0.0,45.44,1349.71
2,2,0,14.8,50.5,2200,6,7.0,5.7,7.7,41.0,1235.56
5,6,0,24.8,45.1,1800,5,4.2,5.8,0.0,33.31,966.94
8,0,0,27.6,61.0,1800,6,7.8,3.1,4.0,41.31,1253.36
10,1,0,24.4,69.0,4500,4,7.4,5.6,0.0,52.41,1559.36
9,1,0,21.8,53.8,1200,1,3.5,5.8,0.0,19.38,627.54
12,1,0,10.2,59.0,4500,7,11.4,6.2,3.2,69.35,2092.7
12,3,0,10.0,65.6,1200,9,9.9,7.6,0.3,48.46,1539.47
12,2,0,24.3,66.8,800,4,5.3,7.6,0.0,29.47,819.21
9,1,0,28.4,69.1,5000,4,8.0,4.6,0.3,56.71,1715.69
1,6,0,15.4,43.9,4500,9,9.4,4.2,0.0,66.31,1990.05
9,1,0,21.2,55.2,2800,4,8.8,7.3,0.0,44.16,1343.73
7,5,0,32.8,37.9,1800,4,12.7,6.4,11.4,47.71,1490.19
9,0,0,25.5,54.4,1200,8,11.0,4.9,0.4,42.0,1195.53
8,5,0,29.9,49.8,4500,4,6.0,5.1,4.9,51.82,1581.96
1,5,0,9.6,58.8,1500,9,8.0,5.4,3.0,46.69,1415.86
12,0,1,15.8,50.4,1800,8,4.8,6.2,0.5,42.5,1234.06
8,6,0,27.0,34.7,2200,5,10.0,7.7,5.5,49.53,1539.39
8,2,1,25.5,27.4,1800,9,7.0,4.6,1.8,47.82,1437.33
11,5,0,21.3,57.8,4500,8,8.6,6.2,1.0,61.94,1824.77
3,2,0,11.1,49.8,5000,4,6.1,5.8,0.1,54.85,1664.79
1,5,1,16.5,51.2,800,4,6.0,2.4,10.1,29.34,923.21
8,4,0,32.0,68.4,1200,1,7.7,8.9,0.0,31.36,955.09
3,0,0,14.0,44.7,1800,4,10.6,5.7,5.1,39.76,1173.57
3,5,0,14.3,72.0,800,8,9.4,7.5,0.0,42.27,1232.36
1,4,0,13.0,78.8,2800,5,4.3,3.1,0.0,39.02,1133.98
11,3,1,19.3,35.9,2200,6,5.6,8.5,0.0,43.06,1327.57
5,4,0,25.3,51.8,3500,4,9.2,4.9,1.1,48.33,1492.34
10,1,0,24.0,52.7,2800,5,9.1,2.0,3.8,43.8,1302.68
7,5,0,37.9,20.0,1500,8,11.9,3.7,8.9,54.36,1735.87
10,4,0,19.7,40.2,2200,9,6.8,4.1,5.9,43.04,1280.48
9,2,0,18.3,64.3,1500,3,4.9,4.1,0.0,24.47,730.73
12,3,0,18.8,84.2,5000,4,8.8,3.5,0.0,55.05,1633.7
7,6,0,37.6,61.5,1200,1,8.6,6.3,0.0,34.99,1044.42
9,5,0,27.8,58.9,2800,5,4.8,5.8,3.3,38.92,1165.86
8,1,0,24.0,52.2,5000,4,7.3,6.2,7.1,54.82,1670.72
12,6,0,14.5,80.2,3500,6,7.1,6.2,0.0,49.63,1480.15
2,4,0,10.0,83.3,2200,6,10.7,5.2,0.0,49.98,1526.69
1,6,0,16.9,52.3,1200,6,8.2,3.3,0.0,36.49,1022.84
7,6,0,23.9,26.7,1200,3,10.3,3.0,3.6,33.69,982.62
7,3,0,28.6,25.5,1800,7,9.1,3.5,8.0,45.67,1355.69
8,6,1,24.4,68.4,1200,3,9.1,3.7,0.0,31.84,943.73
5,6,0,26.6,50.1,4500,6,6.0,8.1,0.0,57.19,1633.2
3,5,1,16.4,57.2,3500,1,8.8,2.9,0.0,45.43,1403.17
12,3,0,15.9,38.5,3500,8,7.0,8.0,6.1,51.23,1470.8
8,1,0,29.0,43.5,1500,7,7.4,4.1,0.0,41.04,1202.77
6,4,0,24.5,46.5,3500,9,5.2,3.9,0.0,51.48,1543.14
11,3,1,20.8,61.8,4500,3,9.1,5.9,3.3,52.29,1660.59
3,3,0,17.8,50.2,2200,8,6.9,7.7,2.6,44.73,1339.52
1,0,1,9.6,46.9,800,2,7.8,2.8,8.8,26.45,813.68
3,3,1,28.1,45.6,800,9,9.5,5.8,2.5,47.4,1355.22
5,0,0,28.1,65.2,1800,1,7.3,6.9,7.9,27.92,800.02
3,4,0,17.3,57.9,1200,7,5.5,7.1,0.0,34.75,1011.19
1,6,0,20.4,66.7,3500,1,12.0,2.8,3.5,43.09,1268.69
5,5,0,34.3,39.9,1500,6,7.6,5.3,0.7,44.76,1388.56
10,5,0,21.3,22.1,1800,1,9.8,2.7,5.0,27.74,807.51
7,4,0,31.6,44.4,5000,4,7.6,6.0,9.9,60.22,1833.98
7,4,0,25.6,40.3,1200,7,8.6,5.9,1.2,42.61,1243.62
11,2,0,17.3,63.5,4500,2,6.9,6.0,0.0,50.18,1492.82
9,6,0,25.1,94.4,800,3,8.7,3.9,0.0,29.4,774.05
10,4,0,22.8,65.8,1500,4,3.8,4.4,3.3,25.99,776.51
10,3,0,23.5,90.3,1800,6,3.7,7.1,0.0,33.9,1016.38
12,5,0,17.6,66.8,2800,9,8.6,7.4,3.9,54.75,1633.77
3,1,0,19.1,47.4,800,4,3.0,7.9,3.5,22.67,768.54
7,5,0,24.6,54.8,4500,6,4.7,7.7,1.8,52.32,1566.67
1,0,0,9.8,80.7,1200,7,9.2,3.2,0.0,41.65,1126.99
4,5,0,19.5,74.5,2200,4,3.9,7.2,2.1,33.39,946.82
4,2,0,20.7,45.6,2800,6,3.8,5.5,2.0,36.15,1082.56
5,6,0,30.7,53.7,4500,3,8.1,6.4,0.0,54.31,1625.72
7,4,0,24.8,33.5,1500,5,2.8,5.0,7.4,29.83,858.32
7,6,1,28.4,60.6,5000,4,5.4,4.0,0.0,53.86,1569.84
11,4,0,22.3,78.0,2200,7,9.1,5.3,4.2,48.04,1503.56
4,5,0,20.7,53.0,4500,6,8.0,5.7,5.0,54.11,1667.84
7,1,0,32.1,42.7,1800,7,13.9,6.1,4.8,53.47,1654.73
11,1,0,17.4,63.7,5000,6,8.3,7.1,5.0,63.07,1863.83
3,2,0,19.2,60.0,4500,2,9.1,3.6,0.0,52.18,1596.91
6,0,0,27.9,51.0,2200,7,7.2,4.0,4.0,42.71,1165.77
12,5,0,18.1,62.1,1500,8,6.5,3.4,0.0,39.84,1176.5
2,4,0,8.1,55.4,800,7,10.7,5.4,0.1,45.16,1329.99
10,5,0,20.4,69.5,2200,4,2.4,4.1,0.0,28.31,837.99
9,2,0,27.3,63.8,2200,4,9.0,4.9,3.7,42.45,1278.69
5,3,1,28.4,38.9,1800,5,7.0,5.5,0.0,42.04,1253.5
6,3,0,35.6,37.9,4500,9,9.5,3.2,6.3,67.41,1971.56
12,2,0,13.3,56.9,1500,5,10.3,4.7,0.0,42.02,1227.1
12,4,0,21.7,68.8,5000,2,3.1,5.7,0.0,43.29,1322.02
12,6,0,12.1,61.8,1500,5,8.8,5.6,0.0,39.56,1202.76
12,2,0,21.1,52.3,1800,3,6.9,4.7,8.0,28.25,919.18
4,4,0,25.7,55.6,2800,8,6.3,5.7,0.0,45.61,1382.36
11,1,0,13.9,55.4,5000,2,8.2,4.8,1.1,53.55,1673.46
10,2,0,23.4,68.1,1200,4,6.9,3.9,0.0,29.11,808.16
7,4,0,29.8,54.7,1200,5,10.4,3.8,3.1,37.37,1147.68
12,2,0,17.9,56.2,1200,4,6.6,9.4,0.0,32.75,1016.59
9,2,0,25.0,57.8,2200,5,4.7,6.4,0.0,36.69,1122.52
7,6,0,28.6,66.5,2800,4,7.1,7.0,0.0,44.55,1282.47
1,6,0,20.2,52.5,1500,3,5.5,6.2,0.4,31.25,951.79
1,4,0,13.6,64.2,1500,1,6.6,7.2,0.0,29.62,872.35
9,4,0,29.7,54.2,1200,4,9.0,6.3,5.7,40.32,1235.63
11,0,0,17.0,64.5,2800,9,7.5,2.7,5.2,46.52,1391.69
9,2,0,33.5,47.1,800,1,9.9,3.8,8.6,31.22,911.0
4,3,0,18.9,53.8,5000,7,4.8,6.1,5.8,53.12,1696.27
9,2,0,23.2,68.3,1800,3,6.9,5.6,6.6,35.42,1029.15
3,2,0,24.9,43.8,1200,8,9.7,6.0,5.1,45.99,1392.27
7,4,1,28.0,34.7,2800,6,8.7,3.9,6.9,50.9,1551.83
6,2,0,36.1,34.5,2200,1,12.7,4.3,12.4,47.69,1417.5
8,5,0,32.9,38.5,1500,5,9.8,5.9,0.0,46.56,1448.06
11,2,0,17.3,66.5,1500,8,5.8,5.9,2.5,39.44,1222.04
9,5,0,17.8,38.1,2200,3,8.7,6.5,4.2,36.11,1007.4
5,6,0,25.9,47.1,1800,4,4.7,3.8,7.9,25.66,797.65
1,3,0,14.5,66.7,2200,7,6.8,6.4,3.4,41.86,1335.58
3,4,1,23.3,60.0,1200,6,6.4,4.7,0.0,33.2,961.71
10,2,1,29.1,52.9,800,7,9.7,5.2,0.0,42.68,1218.42
12,5,0,12.0,62.3,2200,9,11.2,5.8,4.9,57.3,1705.4
8,5,0,32.5,53.8,800,9,11.1,3.3,0.0,45.83,1373.45
11,6,1,21.4,56.6,1500,2,7.6,5.4,1.2,31.46,945.22
6,5,0,33.8,47.5,4500,3,11.6,7.2,0.0,63.97,1966.22
8,1,0,31.2,79.3,4500,4,11.1,3.6,0.0,60.78,1792.17
9,0,0,17.3,64.7,5000,6,4.8,8.4,3.1,55.32,1683.49
4,3,0,21.3,82.3,800,5,10.5,4.5,0.0,37.67,1164.78
1,6,0,8.8,53.4,1800,6,11.9,6.5,0.0,51.84,1559.81
1,6,0,13.1,58.3,2800,8,8.0,3.8,0.0,51.04,1503.12
10,2,0,26.4,41.5,3500,2,8.4,8.4,6.5,51.51,1493.25
4,1,0,23.4,42.8,2200,6,4.1,4.0,1.8,38.43,1083.78
12,2,0,20.2,82.8,3500,9,5.7,6.2,0.0,52.0,1493.85
7,2,0,31.5,44.4,4500,5,8.5,4.7,2.6,59.61,1715.87
2,4,0,9.2,80.5,2800,1,8.7,5.0,0.0,40.41,1280.91
3,4,0,6.7,40.1,1800,8,11.9,6.0,6.5,50.73,1513.75
1,4,0,14.7,46.7,800,4,8.1,4.9,0.0,33.14,1086.12
5,1,1,25.0,46.6,2200,8,4.8,4.8,3.3,41.42,1259.18
1,2,1,9.6,58.6,1800,4,7.1,5.3,1.9,41.7,1181.86
8,0,0,21.3,63.6,2200,8,2.2,5.7,4.7,39.49,1175.79
1,3,0,10.7,64.7,1800,9,10.8,6.4,0.0,51.07,1560.27
11,4,0,17.1,54.3,5000,5,6.7,6.2,0.0,52.53,1589.89
1,4,0,17.0,57.7,1500,5,8.7,6.7,3.2,37.04,1091.55
2,6,1,15.9,53.7,1500,2,13.8,6.0,0.0,45.97,1419.08
2,2,1,22.3,46.5,3500,9,4.6,6.1,0.0,55.46,1616.42
12,2,0,10.4,49.3,1200,4,9.8,5.0,0.1,40.57,1224.82
6,1,0,32.9,62.3,5000,3,12.5,3.0,0.0,64.9,1982.49
7,1,0,30.2,28.7,4500,2,7.8,5.4,11.4,50.17,1488.19
5,4,0,29.1,70.1,2800,3,7.8,6.9,0.6,45.12,1375.78
1,2,0,12.0,55.2,5000,4,9.8,4.2,0.0,62.67,1874.23
1,0,0,18.8,50.1,1500,9,11.7,4.9,8.0,46.29,1397.51
3,3,0,19.3,63.9,1800,6,7.8,7.6,3.5,40.55,1235.12
2,2,0,12.0,75.3,3500,5,7.0,7.9,0.0,49.79,1480.26
5,6,0,25.9,64.1,800,9,6.0,4.6,0.0,38.11,1205.66
12,2,0,14.0,66.0,800,8,7.1,9.6,0.0,41.81,1265.73
10,5,0,24.2,70.5,800,6,3.3,6.2,0.0,32.86,1010.57
6,1,0,23.6,29.4,4500,3,6.5,6.7,12.7,44.99,1400.68
7,6,0,29.9,44.4,2800,7,8.7,5.2,8.4,52.47,1600.58
4,3,0,23.8,41.6,1500,6,6.9,6.0,0.0,37.07,1069.24
7,4,1,30.1,65.4,3500,8,5.8,6.4,0.0,58.64,1791.64
11,6,0,24.1,54.7,2800,6,7.6,4.3,0.3,46.92,1418.97
8,2,0,32.4,62.6,2200,4,7.5,7.9,0.0,44.55,1304.85
11,4,0,18.0,65.8,1500,7,6.4,5.6,0.0,35.96,1130.12
1,2,0,15.0,49.0,1800,7,6.3,4.9,0.0,38.31,1102.97
6,4,1,30.3,43.0,800,8,11.1,4.1,11.9,45.41,1337.44
8,3,0,30.7,68.0,5000,2,7.5,6.0,0.0,54.59,1618.78
5,1,1,17.8,41.4,2200,6,9.7,6.0,2.5,47.33,1362.49
4,3,0,20.6,54.0,1200,3,6.4,3.8,12.5,21.68,649.58
2,5,1,8.4,48.1,5000,8,10.6,6.0,1.0,75.1,2223.14
6,0,0,34.7,46.2,3500,4,10.3,6.1,0.0,55.39,1671.89
6,1,1,28.7,49.4,4500,4,6.6,4.8,0.0,54.54,1713.89
11,3,0,17.1,49.9,1500,2,8.0,5.8,3.2,33.7,1009.23
1,5,0,18.0,47.8,3500,6,6.0,5.6,0.5,47.52,1447.29
9,0,0,27.9,58.4,800,6,8.7,5.3,0.0,39.37,1180.23
12,5,1,10.0,49.9,2800,1,10.5,3.7,1.8,43.65,1295.3
11,2,0,17.7,49.6,2800,8,10.8,6.1,14.7,52.5,1607.87
6,2,0,27.4,38.7,2800,3,8.9,2.2,7.1,41.3,1196.75
3,4,1,10.1,54.1,1500,1,11.2,7.3,0.0,40.4,1256.86
4,1,0,18.9,63.8,2800,1,8.0,6.9,0.0,38.27,1113.28
12,2,0,14.2,78.1,1500,1,7.6,3.6,0.0,28.25,908.17
11,6,0,17.5,50.6,5000,5,8.4,3.3,6.2,55.92,1661.07
4,5,0,15.3,78.3,3500,5,7.5,7.3,0.0,48.31,1412.18
3,1,1,23.2,42.9,1800,1,5.8,4.9,0.0,28.09,847.28
10,6,0,21.5,70.5,1500,5,4.0,5.6,0.0,27.53,755.13
3,2,0,18.2,46.3,2800,7,8.1,5.7,0.2,46.31,1340.97
3,4,1,19.8,44.5,5000,5,5.2,3.5,0.0,51.72,1572.93
4,3,0,18.5,43.6,1500,9,8.0,7.1,4.0,45.15,1407.47
7,4,0,32.1,50.0,4500,4,9.3,6.1,5.2,59.2,1749.55
4,6,0,20.3,59.5,2800,9,5.6,5.9,0.0,47.55,1483.88
9,0,0,22.0,63.0,1800,8,4.6,2.4,0.0,33.97,1000.52
1,2,0,16.6,48.0,2200,1,9.9,5.9,0.3,37.77,1141.3
8,6,1,35.6,40.6,1500,4,9.6,6.0,0.0,48.62,1467.18
7,0,0,33.3,39.7,1200,7,12.9,5.6,6.3,50.98,1598.28
2,0,0,19.2,56.2,5000,1,4.9,6.5,9.0,45.25,1397.3
8,5,0,26.6,50.0,1500,8,10.7,7.5,3.2,48.79,1454.55
1,1,0,6.8,47.9,2800,2,10.4,5.7,4.2,46.56,1506.39
11,5,1,24.7,62.6,2200,8,8.8,3.5,2.7,49.75,1489.95
12,2,1,24.3,87.2,4500,4,4.4,3.5,0.0,46.88,1407.09
9,0,0,32.9,48.9,2200,8,7.0,4.8,0.0,48.82,1479.56
9,6,0,24.5,49.8,4500,1,7.6,4.7,1.8,47.3,1400.07
2,3,0,9.9,64.2,2200,5,7.3,6.8,3.0,43.21,1358.59
7,0,0,25.2,44.0,2800,9,9.9,6.4,0.0,55.59,1663.4
10,6,0,14.4,65.5,2200,7,8.7,5.5,0.0,46.18,1414.54
3,3,0,17.5,46.4,1200,3,5.8,6.2,0.9,25.89,653.29
7,5,0,37.2,72.7,2800,4,9.0,4.2,2.5,50.11,1509.22
12,5,0,14.4,64.1,3500,7,7.4,6.6,0.0,55.44,1648.07
10,1,0,23.4,50.1,1500,6,5.6,5.9,0.1,34.65,1042.71
9,6,0,32.2,47.9,1500,4,10.4,6.2,6.5,47.62,1376.49
4,0,0,20.2,46.3,3500,3,6.1,6.6,5.0,39.7,1182.78
12,4,0,24.2,76.5,1800,2,9.3,5.1,0.0,34.63,1047.16
1,5,0,23.0,44.1,1200,9,7.9,2.9,2.4,41.11,1217.25
2,5,1,14.5,49.5,5000,3,6.2,4.3,0.0,55.08,1679.27
1,1,0,11.4,52.6,5000,7,8.0,6.9,2.1,66.28,1991.29
12,3,0,18.2,59.8,2800,1,5.1,4.3,2.6,32.84,1013.86
5,1,0,24.4,47.4,1200,8,5.3,4.8,0.0,34.73,1085.85
5,0,0,20.8,32.8,1500,1,2.5,5.2,1.4,20.07,649.64
11,6,1,23.8,54.5,2200,2,8.7,6.8,7.8,36.61,1081.1
7,2,0,35.5,49.5,2200,1,12.9,5.8,0.8,49.93,1480.03
9,2,0,26.7,47.5,5000,4,5.7,8.0,9.1,56.21,1758.5
9,6,1,20.3,63.2,1500,2,4.0,5.8,0.0,28.34,808.89
3,3,0,12.5,66.0,1200,1,9.7,5.6,0.0,33.05,972.6
3,5,0,18.5,54.1,4500,1,5.1,4.7,2.1,43.27,1290.85
3,3,0,15.8,57.8,3500,2,10.1,2.9,0.0,45.92,1339.04
4,5,0,20.5,26.6,5000,6,4.7,5.8,11.7,53.63,1613.98
8,5,0,33.5,47.4,1500,2,5.5,5.3,2.0,31.26,992.48
6,2,0,32.2,62.1,2800,2,9.1,6.2,2.4,45.07,1266.03
8,3,0,35.1,47.4,2200,8,9.0,6.3,0.0,55.37,1637.87
1,1,1,9.5,50.5,2200,5,9.7,5.9,3.0,47.21,1421.67
8,5,0,27.4,79.8,4500,8,7.2,7.5,0.0,62.56,1947.21
4,4,0,25.4,74.3,800,8,8.5,5.4,0.0,40.15,1137.28
11,4,0,20.0,64.9,800,2,7.1,6.5,0.9,23.04,730.3
1,1,0,20.9,73.0,1500,7,6.7,7.6,2.8,39.08,1165.05
8,4,0,30.8,25.8,1200,9,9.3,5.1,4.5,47.84,1442.51
4,0,1,30.3,43.0,1200,8,8.8,5.2,5.1,47.76,1488.05
6,5,0,31.4,44.4,1200,9,6.3,4.7,2.3,39.72,1185.67
8,1,0,33.7,49.7,1800,8,10.6,3.8,2.5,53.36,1599.33
4,3,0,20.5,46.6,800,4,7.6,8.2,6.0,26.68,806.47
3,5,0,18.1,24.4,5000,7,7.6,10.5,12.9,60.45,1822.56
9,1,1,30.1,59.6,2200,9,8.3,6.2,5.0,57.68,1681.41
3,2,0,25.3,61.5,2200,9,8.5,5.4,0.0,50.68,1527.69
9,3,1,29.3,74.2,5000,4,9.0,8.0,0.0,63.35,1920.03
2,2,0,14.7,48.0,2200,7,9.3,6.6,0.0,46.69,1328.09
2,5,0,21.3,47.1,4500,6,5.9,4.5,5.1,48.54,1495.1
2,3,0,5.2,25.3,800,3,7.9,4.0,4.8,30.53,957.08
6,4,0,22.5,46.5,800,6,6.1,6.8,6.9,32.81,995.68
3,1,0,21.1,65.8,1800,8,4.1,6.4,0.0,38.89,1106.2
9,5,0,26.1,47.7,4500,2,6.6,6.9,4.2,51.1,1503.8
4,0,0,24.7,78.2,1500,3,7.3,6.4,0.0,32.09,858.05
1,3,0,14.3,56.3,800,8,10.0,4.0,2.8,37.46,1107.7
4,3,0,24.6,54.3,5000,4,8.4,4.2,2.7,57.26,1676.69
1,6,0,10.3,43.0,5000,4,9.6,4.1,0.0,60.77,1820.04
5,5,1,28.6,54.1,5000,2,10.8,5.5,1.9,60.31,1854.37
4,5,0,26.5,28.7,5000,1,7.7,4.9,14.5,50.2,1483.4
8,2,0,34.4,60.8,1200,7,10.4,5.0,2.6,49.46,1502.3
8,6,0,38.0,61.2,1800,4,10.3,4.9,11.6,47.81,1430.36
7,4,0,31.1,67.0,1200,6,6.9,6.6,0.0,38.13,1103.22
3,2,0,19.2,42.8,3500,8,7.7,5.5,5.8,54.08,1685.81
1,6,0,7.1,61.3,1500,7,7.0,4.7,0.0,43.65,1346.74
1,2,0,11.6,66.1,5000,7,7.0,3.7,0.0,59.95,1748.62
12,4,1,14.2,65.3,3500,6,8.4,4.2,0.0,56.22,1706.78
11,6,0,22.7,48.9,4500,4,4.8,7.0,5.8,46.42,1383.26
3,6,0,15.3,26.3,5000,4,7.7,4.4,3.5,53.86,1638.86
6,0,0,32.5,54.2,4500,9,9.7,8.6,7.8,72.05,2101.15
7,2,0,30.0,48.8,3500,5,7.6,6.4,0.0,51.37,1525.42
6,2,0,28.1,43.2,5000,9,8.2,4.7,2.1,67.64,2045.12
6,3,0,30.0,59.2,800,9,8.8,5.0,0.0,43.37,1252.15
6,4,0,27.2,49.5,1800,4,5.6,2.2,0.0,32.66,991.45
3,1,0,16.1,39.2,1800,2,8.6,4.5,5.1,33.49,989.63
6,0,0,21.3,26.8,2200,2,2.0,8.1,4.5,24.85,747.48
8,6,0,27.8,39.0,4500,9,11.8,8.3,9.8,71.45,2189.38
11,6,0,15.8,88.0,800,9,8.6,8.3,0.0,43.19,1417.49
11,6,0,15.7,68.0,2800,3,9.6,6.2,0.1,43.5,1308.51
2,0,1,16.9,59.8,5000,5,8.6,5.2,0.0,59.2,1767.53
5,6,1,29.0,48.5,4500,5,8.3,5.6,1.4,58.41,1839.2
1,6,0,15.0,56.4,1200,2,6.3,6.0,1.1,27.21,867.31
12,4,0,19.6,74.0,3500,2,6.4,5.2,0.0,40.79,1303.64
1,5,0,16.6,53.4,2200,1,9.0,3.9,0.0,32.24,977.92
5,5,0,24.7,57.6,1200,2,5.5,5.1,0.7,26.32,826.34
12,3,0,13.0,55.8,800,7,8.7,3.7,0.0,38.72,1163.78
3,3,0,19.4,78.3,1200,1,2.9,6.0,0.0,20.96,631.34
4,6,0,24.6,61.4,2800,1,5.5,3.7,0.7,31.75,957.47
3,4,0,24.3,69.9,4500,9,5.3,6.8,2.4,59.42,1801.34
1,6,0,19.4,52.3,1500,2,9.8,3.6,7.7,28.33,853.25
1,3,1,11.6,72.0,2200,4,6.1,5.2,0.0,38.52,1218.09
12,0,0,14.6,56.2,1200,3,8.7,5.7,0.0,34.88,1072.3
12,0,0,18.1,61.3,4500,4,10.1,5.2,0.0,59.86,1804.87
5,1,0,30.8,70.3,1800,7,11.0,6.7,0.0,53.29,1605.96
6,5,0,33.2,37.5,2800,2,12.7,5.9,6.3,48.74,1443.07
3,4,0,17.7,57.4,1500,2,10.3,4.6,0.0,32.51,926.49
12,2,0,9.4,65.3,4500,9,9.6,5.0,0.3,69.1,2118.04
9,5,1,21.5,61.2,4500,6,7.1,4.6,0.0,57.6,1772.82
5,2,0,27.2,45.3,1500,7,8.2,4.5,0.0,42.29,1218.89
8,1,0,30.5,77.5,5000,5,9.8,8.6,0.0,66.83,1956.06
1,1,0,9.1,43.8,2200,5,10.4,4.6,4.8,48.06,1473.3
5,6,0,26.2,68.2,5000,4,11.0,7.0,0.0,62.23,1852.49
3,3,0,20.8,69.6,3500,8,6.6,6.0,0.3,53.53,1561.35
12,1,1,9.9,82.8,1500,7,7.4,5.2,2.5,45.06,1279.6
1,1,1,19.0,40.3,2800,2,7.8,5.5,10.6,36.81,1083.5
4,2,0,20.3,42.1,1200,2,7.7,5.6,0.0,28.25,853.38
5,3,0,31.7,68.6,2800,6,7.6,3.0,0.0,54.2,1613.28
7,1,0,27.6,28.1,2200,1,6.3,5.0,8.3,30.71,861.61
1,5,0,9.4,40.1,1500,7,11.4,5.7,0.0,51.04,1504.72
3,1,1,15.9,49.1,3500,8,6.5,5.3,4.7,55.14,1679.18
2,3,0,14.6,59.8,1800,8,7.1,2.6,0.0,41.9,1328.24
9,6,0,24.3,74.1,2800,3,6.1,4.8,0.0,37.56,1128.89
10,4,0,21.0,55.3,5000,7,6.5,8.1,4.7,58.32,1796.08
6,3,0,30.4,42.7,2800,1,11.0,5.9,0.0,46.13,1416.34
10,2,1,21.2,61.2,1800,3,7.4,3.7,0.0,34.04,995.06
3,4,0,17.7,60.6,1200,6,6.1,6.9,0.0,37.26,1159.99
8,5,0,21.2,57.8,5000,9,8.7,4.2,2.9,66.91,2057.89
8,0,0,30.7,50.4,1800,5,10.6,5.9,0.0,50.38,1489.61
2,3,0,14.7,34.0,1800,5,9.9,5.9,0.0,42.9,1287.8
6,6,0,36.2,39.0,1200,9,12.5,5.3,0.0,57.71,1705.87
7,2,0,25.8,67.7,2200,9,6.4,7.5,3.8,48.61,1401.73
2,5,0,6.9,59.7,2800,6,8.4,6.7,3.4,50.36,1556.84
11,4,0,20.8,55.5,2800,5,5.4,4.3,0.8,35.88,1148.52
10,5,0,23.6,70.9,1500,2,8.8,4.8,0.0,32.24,964.43
2,3,0,10.5,43.9,5000,8,6.8,4.5,4.9,62.39,1847.65
10,1,0,15.1,54.8,3500,8,5.1,4.9,4.9,47.5,1473.06
1,6,0,20.9,61.0,1500,7,2.4,6.7,0.0,33.89,1069.63
8,3,0,35.3,47.2,1800,8,7.8,5.8,0.0,52.56,1537.82
1,0,0,2.8,60.5,3500,3,9.9,6.8,0.0,55.92,1683.91
9,3,0,23.9,52.7,4500,3,7.1,2.9,0.1,51.07,1621.17
11,4,0,25.5,42.5,2800,2,5.0,5.6,4.2,35.73,1153.86
6,4,1,26.8,52.2,1800,1,9.1,6.3,5.6,33.47,962.52
7,3,0,27.8,34.7,1200,3,8.1,5.5,0.0,30.49,852.08
10,4,0,20.7,59.5,4500,3,2.0,3.3,0.0,39.43,1198.7
7,1,0,25.0,67.2,800,7,7.2,4.1,0.0,34.74,1074.28
10,5,0,14.3,54.1,5000,9,8.3,7.3,2.2,66.5,2027.37
3,3,0,22.7,40.9,4500,1,10.3,4.3,3.0,50.79,1548.23
2,6,0,6.8,56.0,1500,8,10.7,4.6,0.0,54.84,1657.96
9,1,0,27.1,45.0,1800,1,4.3,4.6,0.2,26.88,787.3
8,5,0,32.9,59.6,1800,3,10.0,4.9,0.0,41.91,1228.81
12,6,0,8.5,58.2,1200,4,10.1,7.2,0.0,41.1,1269.18
10,6,0,17.8,78.0,2200,8,8.2,3.2,0.0,42.71,1249.56
7,6,0,35.5,64.6,1500,1,15.6,6.0,0.0,50.08,1427.37
9,5,0,28.4,53.2,800,2,7.1,7.4,3.4,28.67,866.58
4,1,0,19.2,61.1,1200,5,5.2,6.9,0.0,30.76,935.65
4,6,1,27.4,47.8,3500,6,8.9,9.1,0.0,59.01,1856.87
1,6,0,19.4,59.7,800,5,10.1,4.8,0.0,37.7,1132.51
8,2,0,30.1,48.2,1200,3,10.1,6.6,5.4,35.68,1010.71
12,3,1,11.0,69.2,3500,7,8.3,5.6,0.0,59.54,1841.07
3,5,0,16.1,72.2,800,1,9.4,4.3,2.0,28.65,857.28
7,5,0,31.3,60.3,3500,2,12.7,1.9,3.7,50.11,1496.11
12,4,0,14.2,71.1,4500,9,6.5,5.2,0.0,62.05,1809.15
2,5,1,19.3,68.6,1200,4,4.5,7.0,0.0,29.98,922.33
2,1,1,8.2,64.1,1800,8,10.0,3.2,3.6,52.6,1585.03
7,5,0,23.3,37.0,3500,9,7.3,9.0,2.7,56.04,1684.78
6,2,0,29.7,70.4,800,7,11.4,6.3,0.0,46.42,1434.8
3,3,0,15.8,76.7,2800,1,6.6,3.4,0.0,34.4,1079.65
9,3,0,23.2,52.2,2200,5,7.5,5.8,0.7,41.77,1267.53
10,5,0,14.0,53.1,2800,6,11.2,6.6,0.3,50.04,1525.43
6,6,0,29.0,57.3,4500,8,8.8,5.1,3.0,62.35,1886.11
10,0,0,21.8,64.1,800,8,5.4,4.9,0.0,34.14,1099.44
10,0,0,24.9,55.1,1500,9,8.3,8.9,1.8,51.42,1501.8
6,6,0,29.2,35.0,5000,9,7.8,5.4,6.5,68.26,1998.94
1,6,0,13.4,63.0,4500,4,9.0,5.2,0.0,57.17,1661.62
4,6,0,27.3,59.1,1800,6,7.5,7.6,0.0,42.19,1288.98
10,1,1,16.1,66.2,5000,3,7.2,5.2,0.6,56.06,1676.7
6,0,0,31.3,54.2,3500,1,8.3,6.2,8.5,46.03,1331.12
6,6,0,21.4,46.7,1200,6,5.0,4.9,0.0,34.25,1018.79
11,1,0,14.2,71.3,800,1,10.0,4.1,0.0,27.6,925.08
12,4,0,9.6,60.8,800,9,9.8,6.5,4.7,45.66,1389.04
5,1,1,29.5,45.1,1500,6,11.1,4.1,3.4,50.95,1594.87
1,0,0,13.7,57.2,1200,1,3.7,5.7,0.0,22.43,614.25
8,5,0,28.9,31.5,1800,3,7.3,3.9,5.5,35.24,1070.34
5,4,0,21.0,48.5,4500,1,4.5,5.7,0.0,39.61,1211.37
12,0,0,13.7,68.3,2200,2,7.7,7.1,0.0,37.76,1163.94
12,1,0,11.6,64.1,2200,6,6.8,2.6,0.7,41.64,1237.81
12,2,0,16.8,78.2,2800,7,4.0,5.1,0.0,41.09,1277.1
5,3,0,21.5,47.5,2200,1,7.5,2.2,3.3,29.52,907.73
7,0,0,36.0,56.5,2200,5,9.3,5.1,0.0,49.54,1490.17
4,6,0,14.5,62.0,3500,6,9.1,6.1,0.0,54.6,1618.72
6,1,1,25.3,78.1,2800,4,4.9,4.9,0.0,39.49,1117.86
4,6,0,29.5,54.2,1200,6,5.3,2.4,0.0,34.55,950.25
3,6,1,16.0,42.5,800,5,8.0,6.8,0.0,37.11,1083.01
7,6,0,24.1,60.8,800,7,8.2,3.5,0.0,34.55,1029.55
8,6,0,29.9,74.9,1800,4,7.4,6.7,0.0,38.91,1136.89
4,6,0,19.9,48.6,1200,1,4.3,4.0,5.4,16.5,510.5
2,4,0,11.3,67.6,2800,2,11.4,3.9,0.0,48.61,1495.33
12,0,0,10.1,74.7,5000,6,9.2,5.6,0.0,63.91,1861.02
10,0,0,34.5,69.7,4500,2,8.1,6.8,3.5,53.86,1640.51
3,3,0,16.9,56.5,1800,5,4.2,8.4,2.0,33.04,990.0
1,1,0,5.3,50.9,1200,4,9.3,4.8,0.0,36.86,1028.25
8,2,0,35.6,51.5,800,7,9.6,3.7,11.4,44.86,1386.68
3,4,0,20.7,60.5,3500,4,7.6,5.9,0.0,46.23,1344.8
12,1,0,11.6,70.9,1500,7,8.8,3.7,0.0,41.45,1359.16
10,4,0,17.8,61.5,2800,8,6.7,6.9,2.9,47.85,1488.04
7,0,0,33.0,46.1,2200,7,7.8,6.4,0.0,47.7,1424.59
10,6,0,20.9,64.2,2200,2,8.8,7.2,6.6,36.72,1101.53
5,3,0,17.3,61.0,1200,1,9.1,6.7,2.7,30.06,839.19
10,3,0,30.0,62.1,5000,5,10.5,5.7,8.1,65.89,2055.76
5,5,0,24.0,40.6,1800,7,6.8,5.7,0.0,40.01,1162.09
7,2,0,36.7,48.5,800,1,11.5,3.8,7.4,35.34,1062.09
9,3,0,31.8,66.4,1200,8,4.1,4.4,0.0,37.45,1094.6
12,6,0,10.6,43.4,5000,3,9.5,5.2,4.7,57.15,1735.25
5,0,0,30.6,25.6,3500,7,12.7,4.1,7.6,61.79,1852.76
1,2,0,11.1,77.4,1200,3,7.8,4.9,2.1,33.03,962.72
10,1,0,13.6,63.6,3500,4,6.2,4.7,2.5,46.55,1417.4
10,6,0,20.1,64.8,1800,8,6.0,6.7,0.0,41.56,1314.48
1,6,0,15.8,46.4,1200,2,5.8,5.2,7.1,24.26,730.0
2,3,1,13.0,66.4,1800,6,6.6,7.1,0.0,45.48,1265.81
6,2,0,27.5,53.3,2200,9,8.5,5.4,4.1,51.01,1547.2
9,0,0,31.1,36.0,1800,9,10.7,4.1,6.0,50.88,1459.95
8,5,0,29.4,69.6,1500,5,9.1,6.3,0.0,44.3,1267.37
5,4,0,22.2,52.6,2800,3,4.1,5.1,0.0,35.85,1009.2
1,4,0,17.2,54.6,800,6,5.8,5.2,1.9,28.8,895.78
7,0,0,30.9,46.1,4500,9,9.6,5.3,0.1,67.12,1948.25
5,0,1,14.7,26.5,2200,6,9.2,5.6,1.8,48.35,1494.93
6,4,0,30.9,57.1,4500,4,8.6,5.0,3.9,56.05,1717.99
7,5,0,31.8,53.8,1800,5,7.5,6.3,0.0,42.26,1228.97
3,2,1,18.1,52.7,1800,7,8.4,6.8,0.0,44.66,1361.36
12,4,1,19.1,75.3,2200,3,10.2,4.7,0.0,42.34,1323.22
10,0,0,19.0,40.9,2200,9,8.8,8.9,3.2,51.63,1522.69
3,3,1,19.5,47.8,2800,1,10.4,4.2,2.2,38.69,1216.14
5,1,0,18.9,40.5,2200,8,5.4,5.8,3.6,40.45,1221.1
6,5,1,30.8,46.7,2200,5,11.0,3.1,0.0,49.03,1439.88
9,6,0,34.8,55.8,4500,9,12.7,5.7,0.0,76.16,2321.97
12,5,0,10.6,65.2,2800,2,8.1,4.9,3.1,42.51,1242.62
5,3,0,22.6,46.5,1200,1,4.8,5.0,6.1,22.3,731.37
1,3,0,10.8,48.8,1800,7,7.1,7.2,0.8,44.53,1284.05
4,6,0,22.6,72.7,1800,9,6.3,8.4,0.0,46.67,1459.02
5,0,0,21.2,79.6,2200,5,3.0,7.2,0.0,31.11,943.11
12,4,0,17.0,61.7,2800,4,10.6,5.2,0.0,49.66,1521.85
10,2,0,25.8,48.4,2200,4,4.9,5.7,7.3,33.08,974.69
10,5,0,24.4,75.2,2800,8,7.9,8.1,0.0,50.67,1537.73
5,6,0,18.0,33.3,4500,1,2.4,3.6,6.6,34.03,907.06
7,5,0,34.5,46.7,1800,1,14.1,6.3,0.0,50.35,1520.33
4,3,0,26.2,44.1,1500,8,10.1,4.5,4.6,46.81,1345.2
1,4,1,17.7,45.4,5000,2,3.8,6.9,0.3,52.13,1597.56
5,5,0,27.7,47.3,1500,6,8.6,5.4,1.0,42.37,1247.03
7,2,0,31.0,40.3,4500,2,8.5,3.9,2.8,54.72,1617.11
10,3,0,26.6,57.7,2200,5,8.0,4.5,0.0,41.55,1194.12
10,2,0,30.7,57.8,5000,3,10.2,4.6,0.0,58.6,1766.28
6,4,0,24.6,42.5,1500,7,5.5,7.1,6.8,37.94,1100.08
5,5,0,30.9,46.2,4500,9,8.9,7.9,3.2,68.93,2065.53
4,1,0,21.6,49.7,3500,2,2.6,4.6,7.9,32.68,965.69
2,5,0,14.5,67.2,3500,7,8.1,4.4,0.0,54.68,1594.29
4,4,0,15.1,50.7,5000,8,3.7,8.8,5.3,59.75,1775.01
10,5,0,20.7,67.4,4500,8,8.7,7.0,0.4,61.76,1826.23
10,6,1,17.5,64.5,1500,7,4.1,4.5,3.8,34.59,1081.36
3,5,0,15.9,61.9,2800,4,8.1,5.9,0.0,45.09,1403.86
10,0,0,17.1,74.2,2800,4,8.8,4.8,0.0,41.27,1178.73
1,5,0,12.0,45.9,2200,9,12.4,4.0,0.0,55.6,1676.71
8,5,0,27.1,46.8,1500,9,11.4,5.4,1.6,55.22,1643.99
5,2,0,26.4,71.8,5000,5,10.4,3.4,0.0,61.07,1792.54
4,1,0,14.7,49.4,3500,7,7.9,5.0,0.0,54.49,1641.26
8,2,1,22.4,20.0,1800,7,8.7,5.1,8.5,42.79,1304.81
7,2,0,31.6,48.2,2800,9,9.7,5.1,6.1,56.85,1585.72
2,3,0,11.5,59.1,2200,7,9.6,7.1,4.9,46.51,1440.51
1,0,0,18.8,27.9,800,8,5.4,6.4,3.2,34.51,1067.29
12,2,0,16.1,76.0,1200,7,11.0,4.7,0.0,42.73,1280.72
11,6,0,20.7,50.8,800,4,4.5,5.9,1.3,20.81,584.8
4,4,0,28.3,56.4,5000,2,6.0,7.2,6.6,49.38,1503.42
8,6,0,27.5,49.8,5000,3,8.8,4.1,9.2,54.95,1619.03
12,4,0,12.5,44.5,2200,7,5.0,3.7,0.0,39.33,1237.05
2,5,0,19.0,44.7,4500,9,6.8,4.3,5.0,55.96,1719.2
3,3,0,20.3,43.8,1800,2,9.5,5.8,5.4,33.17,995.98
12,0,0,14.2,73.0,800,7,8.9,7.9,0.0,35.77,1036.86
1,6,0,20.3,57.6,1800,4,6.3,6.7,0.0,31.32,961.93
1,0,0,13.0,53.1,3500,7,6.7,7.6,4.2,54.49,1670.35
3,6,0,18.1,43.8,1200,5,3.9,2.2,8.1,24.51,720.26
11,5,0,18.1,73.7,1200,7,8.6,4.4,0.0,39.59,1206.21
5,4,0,21.8,68.2,2800,6,6.3,3.9,3.1,42.53,1254.3
12,1,0,15.4,74.2,5000,2,8.9,6.0,0.0,56.24,1608.81
3,3,0,24.3,60.9,1500,7,2.6,5.4,5.5,33.79,938.87
1,6,0,16.0,62.8,3500,5,9.0,1.0,5.1,47.46,1430.82
1,6,0,14.1,44.7,5000,9,12.0,7.0,3.0,74.01,2288.85
8,5,0,28.2,49.6,5000,1,10.8,6.9,3.7,61.13,1790.38
10,3,0,23.5,49.3,1800,1,7.3,8.1,0.0,34.07,985.89
11,4,0,21.4,37.4,1200,2,4.0,5.4,0.0,23.65,723.02
12,4,1,17.8,72.7,800,8,7.2,6.7,0.0,39.06,1173.46
12,6,0,13.6,51.7,2800,9,8.5,4.2,0.0,53.53,1618.75
2,1,0,16.5,71.9,2200,7,6.4,3.2,6.0,37.28,1141.7
3,1,1,20.2,65.6,2800,1,5.4,7.0,3.4,32.28,967.58
2,0,0,10.5,64.2,3500,7,13.3,6.5,0.0,62.25,1873.66
3,3,0,18.8,62.4,5000,8,4.7,7.7,10.2,56.6,1647.29
7,3,0,20.3,43.3,2800,7,5.4,5.3,0.8,45.24,1338.38
1,4,0,16.2,81.6,2800,5,8.6,9.1,0.0,50.22,1563.39
10,0,1,25.0,58.0,1500,7,11.6,6.2,0.0,52.02,1581.81
8,5,0,32.3,56.1,4500,2,8.8,4.1,0.5,52.47,1586.66
10,3,0,20.2,49.7,5000,9,2.6,5.4,0.8,55.54,1626.94
10,0,0,23.4,46.3,800,2,2.4,2.8,4.6,18.92,531.41
10,0,0,28.4,63.2,2800,2,13.3,3.8,0.0,50.79,1475.35
2,6,0,21.4,60.1,3500,5,2.3,4.9,0.5,37.81,1051.72
3,4,0,17.9,45.5,4500,8,7.1,8.1,0.7,57.74,1720.09
9,0,0,26.6,37.7,4500,6,4.7,5.5,4.7,49.8,1476.47
7,1,0,35.0,35.4,3500,9,8.6,7.5,0.6,65.56,1975.12
4,1,0,15.2,66.9,4500,6,6.4,5.5,0.0,55.59,1714.31
10,2,0,20.5,50.1,5000,5,2.2,4.0,10.5,47.18,1387.21
5,4,0,32.0,46.6,3500,1,11.7,5.9,0.0,52.64,1635.41
2,6,0,19.5,74.9,1500,8,7.3,4.5,0.0,36.82,1127.75
11,5,0,19.7,45.9,5000,3,5.5,4.7,0.7,48.04,1505.19
8,2,1,22.2,43.8,800,2,5.2,8.2,0.0,27.22,765.33
4,1,0,21.8,43.3,4500,7,8.4,6.6,3.6,58.39,1804.48
9,6,0,23.3,74.4,2800,2,6.9,4.0,0.0,36.66,1069.44
5,2,0,27.5,74.6,1500,1,12.1,6.2,0.0,40.08,1166.61
9,4,1,22.4,64.0,5000,2,5.5,3.8,0.0,45.54,1363.54
4,6,0,17.4,61.9,2800,6,7.9,3.0,5.0,42.05,1223.32
10,4,0,12.7,50.5,3500,2,6.0,6.8,0.0,45.84,1394.52
5,0,0,31.5,74.0,1200,1,8.3,5.5,0.0,35.45,1101.35
9,3,1,24.2,58.2,800,1,9.0,4.8,1.8,26.93,830.12
8,0,0,29.6,62.7,800,4,10.9,2.9,0.0,34.48,1031.87
3,4,0,18.0,53.7,1500,8,10.6,5.3,0.0,47.67,1483.18
1,6,1,9.2,56.1,1500,6,10.4,5.9,0.0,52.68,1599.68
3,1,0,12.3,75.0,4500,4,11.1,3.7,0.0,59.52,1779.07
4,5,0,17.5,59.0,3500,6,8.3,5.7,0.0,51.66,1544.06
2,1,0,11.8,74.9,4500,6,7.9,7.9,0.2,59.92,1757.81
1,6,1,15.6,62.4,800,9,4.6,6.2,0.0,39.86,1152.42
7,0,0,26.4,40.5,1800,4,7.2,6.3,3.5,36.8,1083.53
8,5,1,36.8,45.5,4500,6,8.4,4.9,0.0,68.41,2004.93
7,6,0,34.6,51.9,1200,1,12.2,3.5,0.0,39.32,1127.84
5,4,0,29.6,43.2,3500,7,10.8,4.9,4.7,59.34,1738.94
12,1,1,14.5,46.7,4500,7,5.9,7.3,0.0,58.73,1810.26
1,4,0,20.8,73.7,5000,1,8.3,5.0,0.0,48.69,1424.31
7,5,0,29.0,44.1,3500,8,6.0,5.5,1.0,52.69,1617.82
7,5,0,29.9,52.3,5000,5,11.6,4.7,2.5,65.87,1947.29
9,1,0,26.8,58.6,1200,9,7.4,4.0,1.9,43.64,1317.72
3,4,0,21.2,47.9,800,8,7.0,7.9,3.2,38.78,1126.78
9,2,0,28.9,72.4,800,3,11.3,5.0,0.0,36.25,1096.33
1,4,0,11.9,45.9,1800,1,9.9,4.3,5.2,31.33,1042.39
1,5,0,11.6,62.5,800,3,8.6,5.4,0.0,31.46,912.4
4,4,0,24.9,55.5,3500,2,8.9,4.4,0.0,45.51,1352.08
9,6,1,29.2,54.3,4500,2,6.5,5.7,0.0,52.93,1534.46
6,0,0,27.2,34.4,1500,4,4.0,4.4,5.9,31.78,1002.88
11,2,0,10.9,69.8,800,2,11.3,5.4,1.5,37.98,1196.06
3,3,0,17.1,63.9,1500,8,4.5,5.7,1.6,38.05,1099.56
1,6,0,16.8,51.2,1200,5,9.1,8.3,2.4,38.01,1133.23
4,0,0,30.1,61.0,2800,1,9.0,8.0,2.3,44.8,1362.93
12,3,0,9.7,64.5,3500,6,9.4,6.8,8.6,56.76,1705.82
9,1,1,24.1,39.6,5000,7,5.0,5.6,5.2,60.88,1784.77
3,3,1,16.2,44.8,2200,1,6.5,6.3,3.7,32.4,928.5
12,6,0,21.2,73.7,1800,3,6.1,6.5,0.0,33.93,962.47
9,4,1,25.8,58.7,800,9,7.8,5.2,3.3,43.45,1349.6
7,6,0,25.9,43.9,2800,7,5.7,3.2,0.0,43.26,1327.66
12,3,0,17.6,49.7,4500,4,8.5,2.5,2.8,53.16,1669.88
4,5,1,20.2,46.3,1800,6,7.9,5.4,6.8,36.61,1052.94
3,0,0,12.5,49.7,800,6,9.5,4.8,9.0,40.66,1233.28
10,0,0,18.0,47.3,2200,3,6.0,4.5,2.6,35.02,1056.72
5,3,0,33.8,29.8,2200,2,11.6,4.0,4.2,44.28,1345.11
5,0,0,27.7,64.4,1200,5,9.3,4.2,0.0,37.82,1162.03
3,5,0,18.5,66.6,2800,8,2.8,6.8,0.0,42.21,1410.17
12,6,0,13.9,44.7,5000,3,8.6,1.0,9.3,49.79,1635.82
9,0,1,27.3,56.6,2800,5,11.8,6.4,2.6,55.22,1672.76
4,3,0,23.3,41.7,4500,3,8.6,4.9,3.4,52.97,1661.77
11,2,0,19.3,56.2,1500,7,8.8,7.9,5.2,40.73,1183.13
5,2,0,26.5,46.5,1200,6,6.2,6.0,0.0,37.95,1134.03
4,1,0,25.9,47.4,1800,6,7.7,3.0,0.0,39.07,1136.22
5,0,0,26.1,74.7,5000,1,7.2,2.3,0.0,50.35,1521.85
7,6,0,25.6,45.4,5000,2,7.4,3.5,7.2,52.17,1588.76
9,3,1,23.2,45.3,1500,6,5.6,6.0,2.4,35.45,1166.97
7,0,1,21.1,41.5,800,8,3.6,3.2,1.0,26.54,754.29
5,4,0,35.1,63.2,800,5,10.4,5.7,0.0,42.9,1346.68
10,5,1,25.9,37.7,1800,2,5.9,6.3,0.0,34.81,1025.7
10,0,0,18.3,48.3,1800,5,8.0,4.7,5.0,34.46,1008.68
7,0,0,28.7,68.0,2800,9,8.2,4.6,1.7,56.98,1698.8
10,2,0,19.1,60.4,2200,6,2.7,2.4,3.6,29.46,972.93
5,5,0,32.9,53.0,2800,5,12.3,7.8,1.4,59.37,1692.85
3,3,0,11.6,80.6,3500,6,9.7,8.3,0.0,57.32,1739.95
7,0,0,30.5,53.6,3500,9,7.9,7.7,0.0,58.82,1815.27
11,2,0,17.5,50.8,5000,7,6.4,5.3,4.2,59.97,1755.58
11,1,1,21.7,55.9,2800,3,3.8,5.2,0.0,34.19,1049.69
2,5,0,14.6,43.9,4500,5,7.8,6.5,2.8,57.62,1696.05
12,2,0,7.2,75.1,1200,4,11.5,5.6,0.0,42.41,1360.63
9,2,0,24.9,61.9,4500,5,10.7,1.0,0.0,56.31,1631.3
10,6,0,17.6,71.0,5000,8,6.8,7.2,0.0,62.53,1901.96
10,2,0,22.4,72.1,1800,6,6.5,7.4,0.0,39.65,1170.05
12,6,0,21.5,55.0,2200,4,8.5,7.0,0.0,39.89,1190.42
1,0,0,6.2,48.0,2200,5,8.1,6.2,0.0,48.34,1437.2
6,0,0,25.3,49.4,1200,7,7.6,7.1,5.5,41.25,1287.45
7,1,0,27.5,40.2,2200,8,6.4,3.7,8.2,45.07,1360.87
8,4,0,27.2,54.5,5000,5,8.1,5.4,3.8,58.56,1693.53
10,4,0,25.3,71.1,1800,2,9.2,4.2,3.4,32.77,1000.27
9,4,0,25.2,53.0,1500,6,4.0,7.8,0.0,35.75,1085.18
2,6,0,16.9,59.3,3500,9,9.5,6.2,0.0,60.21,1853.64
11,5,0,15.2,58.2,4500,3,8.5,5.1,0.7,53.44,1618.88
10,5,0,23.0,67.1,2800,7,6.9,4.2,6.4,47.06,1343.94
2,1,0,18.6,49.5,2800,8,9.4,4.2,1.2,50.85,1579.0
5,5,0,22.7,24.3,2200,6,4.9,3.9,10.3,38.13,1195.85
5,4,0,29.5,56.3,2800,3,5.9,6.4,7.5,41.58,1271.53
6,4,0,29.2,61.9,5000,1,6.4,6.0,0.1,53.22,1610.26
3,2,0,22.7,60.4,1200,3,7.6,5.7,0.0,31.36,958.24
8,5,1,28.0,44.8,1500,6,7.1,6.8,1.5,42.2,1318.6
1,0,1,15.7,45.7,800,4,5.8,4.2,0.0,28.18,907.28
6,0,0,28.7,55.9,1800,1,6.4,2.3,0.0,29.36,905.42
4,2,0,21.6,54.2,1200,6,6.5,6.6,0.0,36.63,1128.12
1,2,0,15.2,57.8,2800,1,7.7,5.0,3.6,36.57,1106.72
7,2,1,32.4,72.5,800,8,6.6,7.0,0.0,43.15,1403.36
9,0,1,20.4,43.6,4500,3,3.4,5.9,4.8,42.49,1183.57
4,4,0,28.5,73.8,2800,3,7.2,5.2,1.8,42.85,1256.41
4,2,0,13.6,52.9,5000,1,10.1,5.4,4.3,53.07,1556.95
6,1,0,25.8,28.0,2800,3,6.6,7.4,4.5,41.72,1346.91
12,6,0,14.6,57.8,3500,7,5.0,5.3,3.5,48.52,1446.47
3,2,0,19.9,66.5,2200,8,6.2,6.9,0.0,43.49,1215.42
12,6,0,22.2,55.6,4500,8,6.4,6.3,0.0,60.47,1778.35
6,3,1,20.6,32.3,4500,3,3.1,2.8,4.1,44.33,1355.77
7,2,0,27.7,48.7,5000,5,5.6,3.5,4.0,50.01,1502.56
11,0,0,8.4,49.0,2800,1,11.3,5.0,0.0,44.04,1317.45
10,5,1,22.1,63.4,800,9,3.9,5.2,0.0,36.05,1091.57
10,2,1,23.2,66.8,5000,8,8.2,4.4,0.1,68.34,2102.45
3,5,0,25.2,42.3,1500,2,4.2,6.8,1.5,24.87,788.52
7,3,0,30.5,42.2,5000,1,5.8,2.9,0.0,49.32,1443.79
3,1,0,22.7,64.1,3500,4,6.6,5.1,0.0,41.5,1259.2
2,5,0,17.7,47.2,1500,9,5.5,4.6,3.2,35.18,1126.07
12,6,1,13.1,47.0,5000,8,7.3,8.0,4.5,71.28,2149.0
10,4,1,15.7,43.4,3500,3,7.9,9.1,7.7,50.31,1483.58
4,2,0,23.2,56.7,3500,6,5.5,5.1,3.8,43.05,1240.8
12,3,0,8.4,63.7,3500,9,7.9,7.2,2.3,60.68,1831.87
8,3,0,34.8,44.3,1200,8,11.1,7.7,0.0,51.71,1542.52
9,5,1,25.3,55.1,1800,5,7.7,6.8,4.0,41.22,1227.02
7,1,0,35.4,69.0,4500,9,10.4,7.1,0.0,72.76,2193.19
1,0,0,11.8,47.6,1200,9,8.7,3.2,0.0,44.55,1306.14
3,2,0,19.2,31.6,1800,3,4.9,7.1,7.9,29.75,950.65
12,3,0,16.0,65.5,4500,8,5.5,6.3,0.0,56.39,1688.52
9,1,0,25.8,53.7,1500,4,6.8,5.1,4.8,31.98,1048.77
12,4,0,13.1,51.5,2800,7,6.8,5.6,0.0,49.21,1522.8
1,3,1,15.8,67.2,1200,8,7.5,6.2,0.0,42.16,1261.38
9,1,1,21.8,65.1,4500,7,5.5,5.3,0.0,55.0,1592.45
8,0,0,23.5,26.0,4500,5,6.8,5.0,14.6,50.02,1530.43
1,0,0,19.6,51.5,800,1,6.2,3.6,0.0,20.13,625.18
6,3,0,32.2,77.8,1500,8,12.9,6.6,0.0,54.99,1618.19
5,6,0,26.3,57.7,1200,5,4.8,5.3,0.0,33.35,948.91
6,3,0,36.4,58.1,3500,3,10.2,4.1,1.2,54.72,1641.01
10,5,1,20.8,71.6,3500,2,3.8,5.3,0.0,41.57,1257.63
12,2,0,21.0,60.2,1800,3,5.0,5.4,4.3,28.1,850.2
5,1,0,26.8,60.2,4500,9,6.1,6.7,1.2,63.03,1891.05
6,3,1,24.3,58.6,1500,2,8.3,5.2,0.0,37.47,1177.88
5,2,1,34.3,57.1,5000,1,7.0,6.0,3.7,54.66,1611.2
11,5,0,22.5,55.5,2200,2,8.0,4.8,4.5,33.57,1092.4
12,2,0,14.5,62.1,1200,2,9.0,4.9,0.0,34.5,960.0
5,3,0,29.3,43.6,5000,5,12.6,5.9,0.0,70.2,2073.22
4,0,0,20.2,52.7,800,1,9.8,5.7,3.1,26.98,755.69
3,1,0,21.7,41.0,4500,8,4.6,7.6,6.4,52.32,1579.53
3,1,0,7.2,45.5,2800,2,12.6,6.8,0.0,50.39,1529.65
4,0,1,17.4,49.1,800,6,6.4,5.5,5.9,32.09,1041.6
9,6,0,30.4,43.7,1800,5,9.4,3.4,1.0,41.21,1245.93
2,3,0,13.9,51.4,1500,2,11.6,6.2,6.5,36.92,1145.71
9,1,0,26.9,53.0,3500,1,6.3,5.9,0.0,38.02,1091.62
1,3,0,7.9,64.2,3500,6,10.0,5.9,0.0,56.32,1627.44
1,5,1,22.3,70.7,2800,6,2.5,6.8,0.0,39.15,1233.37
5,3,0,31.4,45.1,4500,3,10.9,4.7,0.0,59.72,1833.97
6,2,0,28.0,66.0,3500,8,12.3,3.4,0.0,61.57,1857.86
6,0,0,27.1,61.3,1800,9,9.0,4.6,0.0,49.06,1432.38
3,6,0,22.6,61.0,3500,3,9.2,1.0,0.0,43.63,1418.28
7,3,0,38.9,52.5,800,9,13.7,6.6,0.0,54.66,1677.1
9,6,0,30.3,58.8,1500,8,7.4,5.7,0.0,47.0,1378.89
11,6,0,27.8,73.6,1200,5,8.7,6.8,0.0,41.16,1237.18
12,5,0,10.9,74.7,3500,6,10.0,6.7,0.0,58.17,1679.46
10,4,0,18.3,73.5,5000,1,4.5,4.4,0.0,42.78,1288.88
8,0,1,23.6,53.0,2200,5,9.7,4.3,6.4,46.72,1380.7
6,6,1,30.9,56.7,5000,7,8.0,4.5,1.9,64.48,2041.83
12,1,0,15.9,76.1,4500,1,7.1,8.0,0.0,50.92,1561.89
8,2,0,28.2,45.0,800,9,7.6,5.7,0.0,40.51,1101.5
12,1,0,18.7,56.2,1200,7,6.8,5.3,0.0,38.48,1237.23
5,5,0,31.5,50.9,2800,4,15.0,5.8,8.8,57.76,1750.97
8,5,0,22.1,63.3,2200,4,5.1,3.0,0.0,33.92,1086.9
10,1,1,19.3,68.5,3500,7,3.4,5.1,0.0,46.44,1405.7
12,0,1,18.8,57.2,5000,6,7.0,4.3,1.8,59.15,1781.34
4,1,0,19.9,34.4,1800,3,4.6,3.7,6.7,25.56,729.24
10,3,0,18.4,60.5,4500,9,6.0,5.5,0.0,56.67,1729.5
8,1,1,33.5,41.5,1800,6,11.0,5.7,0.0,54.84,1694.21
10,2,0,16.2,39.6,1500,2,5.3,3.3,0.0,25.38,682.51
12,2,0,13.7,44.8,1200,2,7.5,4.7,5.2,29.04,834.31
2,4,0,16.6,61.4,4500,1,7.9,5.2,0.0,44.93,1292.48
12,2,0,12.5,76.3,4500,5,7.0,6.2,0.0,55.88,1756.72
12,1,0,18.6,60.5,1500,6,6.6,5.2,0.0,36.45,1143.93
5,2,0,23.4,53.2,800,3,7.3,5.8,0.3,31.75,936.32
9,0,0,32.3,69.2,2800,4,9.2,4.9,0.0,48.76,1511.2
4,6,0,21.4,34.0,2200,5,6.4,7.4,3.3,38.34,1088.63
11,2,0,21.0,65.6,4500,4,6.7,6.2,0.8,49.61,1502.01
6,3,0,32.3,49.9,2800,9,8.0,4.9,6.7,53.28,1640.44
1,0,0,11.2,66.1,1800,3,6.0,4.6,0.0,37.18,1091.07
9,4,0,16.8,49.2,1200,5,5.2,6.1,6.8,27.99,839.32
1,3,1,15.6,49.5,4500,7,5.2,4.9,4.3,54.83,1667.54
5,1,0,26.3,52.4,2200,7,10.1,2.8,0.0,50.24,1559.12
4,6,0,24.5,72.3,4500,6,3.6,6.0,0.0,52.94,1519.55
12,1,1,14.1,70.3,2200,9,9.3,5.3,0.0,58.27,1740.42
3,6,0,16.1,48.9,2800,7,6.1,6.7,1.5,48.52,1414.23
6,6,0,38.0,33.9,2200,4,13.2,5.5,4.1,54.49,1659.33
2,1,0,8.4,37.3,1500,9,8.9,6.9,6.9,50.57,1503.27
3,3,0,21.3,70.8,4500,6,6.2,9.4,0.0,54.78,1680.06
5,3,0,23.4,39.2,1500,1,7.8,7.0,5.2,29.83,834.46
9,6,1,24.5,51.1,1800,9,9.6,5.4,0.0,49.92,1476.27
2,3,0,13.6,73.4,2800,7,7.1,6.3,0.0,51.92,1647.76
10,6,0,18.4,38.1,1200,6,5.5,5.8,2.5,29.53,876.74
8,6,1,31.5,70.4,3500,6,10.2,6.0,0.0,60.66,1868.48
2,0,0,21.3,54.5,2200,4,2.9,3.0,0.0,26.43,745.33
11,5,0,20.1,45.5,2200,4,2.8,7.0,8.9,30.87,859.18
5,0,0,26.5,47.7,2200,3,8.4,1.8,0.0,37.22,1179.84
7,1,0,25.6,42.0,1200,8,8.7,5.8,6.3,41.97,1295.36
8,5,0,31.3,57.8,5000,8,9.8,3.2,0.3,66.18,1966.61
1,2,0,23.7,51.6,1500,2,6.6,4.1,0.0,31.21,1009.84
6,1,0,27.2,27.1,3500,5,6.8,5.8,5.4,46.53,1367.95
1,4,0,12.3,56.7,2200,9,11.8,7.2,0.0,57.73,1693.36
2,0,0,12.5,41.2,2200,9,12.0,7.4,10.6,56.53,1696.6
1,3,0,11.8,61.8,1800,7,9.0,5.4,0.0,47.5,1412.83
11,0,0,5.6,45.1,2800,4,9.3,6.9,7.4,49.54,1434.01
5,3,0,27.8,44.8,3500,4,6.0,5.3,8.4,46.85,1400.22
10,5,0,18.2,59.7,3500,7,7.7,4.6,0.0,51.12,1544.95
9,4,1,18.8,52.5,4500,3,4.2,5.9,1.6,49.73,1529.25
6,5,0,32.3,53.0,2200,3,7.0,3.9,2.1,36.88,1226.03
11,4,0,13.1,67.5,3500,5,7.4,5.3,6.1,49.43,1538.0
11,0,0,16.5,45.4,1800,6,8.4,4.9,2.2,39.39,1134.03
1,3,0,20.6,58.6,5000,8,9.1,3.5,0.1,62.36,1993.33
1,5,0,7.7,20.0,2200,1,10.5,5.6,2.4,39.69,1192.99
2,4,0,8.2,60.5,1500,7,10.8,5.9,0.0,52.22,1581.53
9,6,1,27.2,51.4,2200,8,9.8,7.5,0.0,58.06,1711.23
3,1,0,23.2,43.2,5000,5,8.4,2.7,8.6,56.91,1706.9
1,1,0,6.9,63.1,4500,2,9.1,4.1,7.0,55.19,1654.58
5,5,0,27.8,64.7,800,4,9.8,7.1,1.1,42.42,1303.23
7,3,0,32.6,45.0,2200,6,11.5,6.4,4.4,53.5,1645.86
6,6,0,19.7,38.7,2800,9,7.0,7.0,7.0,52.13,1546.83
12,5,0,18.7,62.0,1200,2,7.0,7.4,0.0,29.21,929.95
1,0,1,17.9,43.3,2800,4,8.1,4.3,8.9,43.31,1274.75
5,4,0,24.6,42.7,5000,5,8.1,4.2,0.0,59.49,1834.94
5,0,0,31.6,65.3,1800,8,5.5,7.1,0.0,42.27,1238.51
6,1,0,34.0,50.7,1500,8,10.8,6.8,4.5,52.11,1512.3
3,4,0,18.5,32.4,5000,2,9.1,5.0,3.6,52.35,1557.11
5,5,0,24.0,29.1,1200,6,8.9,5.4,16.1,35.49,1053.6
7,0,0,25.6,52.6,5000,6,8.1,4.1,4.2,57.95,1694.19
5,2,0,25.8,61.0,1200,5,7.7,7.9,3.7,37.71,1114.23
5,3,0,28.6,31.3,1500,8,7.5,8.8,2.7,47.17,1390.71
5,6,0,24.5,56.1,3500,2,6.8,6.9,4.6,40.89,1226.82
10,6,0,12.1,73.5,1200,2,10.1,6.2,0.5,36.25,1112.14
10,3,1,27.7,80.2,800,7,8.8,6.6,2.2,42.26,1264.11
3,2,0,18.9,59.0,5000,9,8.4,6.4,0.0,68.16,2002.76
1,1,0,12.3,65.4,2800,3,7.6,2.7,0.0,41.54,1229.82
5,4,1,29.9,25.1,5000,7,10.8,5.0,8.3,68.11,2087.9
9,3,0,32.9,80.2,1500,3,8.3,6.5,0.0,41.19,1205.87
1,2,0,1.4,52.4,1500,6,12.3,4.3,1.3,51.74,1508.94
3,5,0,20.0,43.8,1500,3,5.2,5.5,0.0,27.77,763.91
4,6,0,15.6,49.4,1200,1,7.4,6.8,2.9,26.67,769.31
1,2,0,16.2,77.5,2800,6,11.5,7.4,0.0,54.94,1685.34
1,1,0,14.6,85.8,1500,3,8.9,6.7,0.0,38.91,1134.42
8,1,0,31.8,54.0,2200,1,9.7,5.5,1.1,40.31,1207.67
2,0,0,12.8,69.5,2200,5,11.3,6.7,1.9,52.21,1544.25
12,3,0,6.6,60.5,1500,8,5.2,5.4,0.0,44.23,1302.17
8,0,0,26.9,40.0,1500,8,7.5,8.4,0.0,44.52,1394.7
7,6,0,31.8,68.4,800,8,8.2,3.4,3.9,40.54,1209.49
10,2,0,26.6,50.0,2800,3,6.0,5.4,7.4,35.55,1010.04
10,4,0,16.7,75.9,1500,8,4.2,5.1,0.0,34.41,963.57
2,4,0,19.7,73.1,800,4,6.0,6.4,0.9,24.14,676.59
6,1,0,26.0,57.4,5000,8,8.9,5.3,0.0,63.4,1849.23
6,4,0,30.6,71.9,800,3,8.6,8.9,0.0,36.19,1124.46
3,4,0,15.7,81.8,2200,3,9.2,6.7,0.0,41.07,1222.74
11,6,0,18.8,57.2,2200,1,6.8,3.6,5.1,29.11,876.26
2,4,0,19.1,47.8,1200,8,8.9,1.8,0.0,36.61,1087.02
12,2,1,9.6,37.6,800,8,8.4,4.1,2.8,44.31,1320.22
1,4,0,10.9,86.3,2800,9,5.3,6.7,0.0,51.15,1576.89
6,5,0,29.8,44.7,3500,6,5.5,5.2,6.4,48.86,1511.52
12,4,0,25.9,73.6,5000,2,6.5,4.3,0.0,44.84,1425.7
5,4,0,22.1,41.8,4500,1,4.6,4.0,8.2,38.94,1128.68
11,0,0,27.2,77.8,1500,8,6.7,7.0,0.0,45.06,1334.21
9,2,0,35.0,46.6,5000,4,12.5,4.9,7.9,62.9,1895.77
1,1,0,13.6,45.0,800,7,5.2,5.0,0.0,33.17,1065.9
7,0,1,28.7,48.2,2800,4,11.3,6.9,0.4,53.12,1562.34
5,3,0,22.9,44.3,1200,1,5.0,7.4,4.9,26.54,838.75
5,2,0,25.7,57.8,5000,8,4.9,4.1,6.7,54.74,1614.76
2,5,0,8.7,56.9,5000,9,9.4,7.7,0.0,77.23,2360.71
11,2,1,17.7,66.9,4500,9,10.0,5.7,6.5,68.68,2064.59
3,3,0,24.7,51.5,3500,9,5.7,7.3,3.1,54.45,1586.58
7,3,0,27.3,42.7,2800,4,6.7,6.4,0.6,41.06,1226.49
6,3,1,27.8,43.0,1200,9,7.0,5.9,0.0,44.85,1373.13
12,6,0,7.4,84.5,1800,4,12.4,5.5,0.0,50.04,1371.58
2,1,0,16.8,60.2,3500,2,6.4,6.2,0.0,42.07,1303.05
6,4,0,30.1,26.2,2800,3,9.6,3.7,5.7,42.5,1209.05
2,2,0,15.4,51.3,5000,2,7.9,3.5,2.4,53.15,1584.67
2,6,0,14.1,58.7,2200,1,7.9,8.2,1.1,37.25,1112.59
2,4,0,13.8,79.6,2800,6,7.2,7.4,3.7,48.25,1324.75
11,4,0,20.3,71.7,2800,4,10.1,6.9,0.0,48.46,1426.14
3,5,0,17.9,43.9,4500,7,12.5,5.5,0.8,67.26,2036.6
2,3,0,16.5,86.5,4500,7,5.6,3.2,0.0,55.08,1736.23
4,1,0,23.0,52.1,2800,1,4.5,4.3,8.2,30.48,951.41
9,5,0,31.1,70.0,4500,9,9.1,6.5,0.0,67.53,2066.64
6,0,0,32.0,36.1,3500,8,4.8,7.5,7.1,53.46,1506.67
1,6,0,14.9,30.6,800,1,7.9,5.7,6.6,27.75,818.94
8,6,0,35.8,35.6,2200,8,14.5,6.5,6.6,60.28,1890.28
12,1,0,17.0,21.0,2200,5,6.0,5.2,13.4,32.89,1031.62
7,4,0,35.9,76.0,5000,1,12.6,6.1,0.0,65.9,1953.94
10,6,0,24.7,60.1,3500,4,10.0,4.0,3.2,49.35,1485.64
3,1,1,9.7,43.9,3500,7,7.7,5.9,4.4,54.17,1669.19
1,6,0,19.9,64.8,1200,5,6.7,5.2,0.0,32.98,1032.35
5,6,0,26.6,52.9,4500,3,8.4,7.5,3.4,55.67,1664.41
4,3,0,21.8,60.0,1500,4,7.7,1.1,0.0,35.39,1050.69
10,0,0,23.3,72.0,5000,2,8.3,5.0,0.0,53.38,1621.28
8,3,0,27.4,49.0,2800,8,10.2,6.2,4.5,59.46,1827.67
1,0,0,15.0,48.8,5000,2,6.2,2.4,4.1,48.99,1452.04
10,6,1,19.3,67.4,5000,6,6.9,6.7,0.0,57.01,1627.05
1,5,0,19.7,69.0,3500,7,9.4,5.5,0.0,53.98,1615.8
12,4,0,14.6,61.2,4500,7,11.1,4.3,0.0,63.88,1859.56
4,6,0,20.3,78.6,1200,1,6.7,6.6,0.0,25.64,856.2
8,0,0,24.8,47.2,2200,8,6.1,4.7,0.0,42.26,1224.9
5,0,1,27.2,39.9,1500,9,9.9,7.1,7.6,52.78,1578.1
2,0,0,15.9,62.5,800,7,8.6,6.0,3.0,37.26,1085.84
6,6,0,30.7,41.9,2800,8,9.9,5.2,2.6,58.31,1725.99
5,1,0,21.4,56.6,5000,4,7.7,3.9,6.6,54.25,1665.04
2,5,0,7.9,47.5,1200,8,8.0,4.7,4.5,42.82,1331.98
11,1,0,20.8,54.5,5000,3,7.8,6.6,2.5,52.6,1607.51
11,4,0,24.7,82.0,4500,1,7.4,6.8,3.7,47.09,1456.26
11,6,0,13.4,54.5,5000,8,10.6,6.8,0.0,70.69,2097.02
3,0,0,25.2,45.4,2200,6,7.3,5.6,2.7,43.13,1244.58
9,5,0,27.3,69.0,1200,9,9.1,6.9,0.0,46.76,1369.09
7,5,0,30.0,38.1,2800,3,9.6,5.8,2.9,46.09,1402.1
7,2,0,28.2,42.4,3500,8,7.1,4.9,3.3,54.76,1697.56
11,4,0,11.8,66.2,1500,9,7.0,4.5,0.0,46.12,1328.04
6,5,0,33.4,61.3,2800,9,11.3,5.4,0.0,62.7,1865.01
8,6,0,25.4,67.1,2800,7,5.6,4.7,0.0,45.01,1338.01
4,0,0,18.5,43.5,4500,3,6.1,5.5,0.0,48.24,1412.41
8,0,0,33.4,59.7,800,3,9.0,7.7,4.8,33.34,1027.06
4,5,1,13.5,46.9,1800,2,9.0,5.6,5.7,37.46,1168.74
8,1,0,22.1,45.2,800,1,7.7,7.3,4.3,23.25,807.88
9,4,0,25.9,69.4,4500,2,4.4,5.2,0.0,43.95,1407.37
3,0,0,19.3,48.4,1200,5,5.1,5.2,2.9,27.07,847.65
3,5,0,20.2,58.3,4500,1,4.7,2.8,3.2,36.65,1078.81
11,0,0,16.6,61.2,1500,4,6.9,6.4,0.0,32.78,1015.21
2,5,1,26.5,44.7,4500,1,3.7,4.1,0.0,47.7,1343.03
10,4,0,21.0,69.1,2800,8,8.3,4.5,1.1,48.83,1494.66
3,5,1,17.0,61.7,800,5,7.3,4.0,1.8,34.57,1053.55
3,2,0,14.4,31.2,3500,4,7.7,5.9,7.0,48.27,1451.56
5,5,0,26.6,54.0,3500,3,9.2,4.4,0.0,49.53,1450.73
5,5,0,28.8,41.4,2800,9,9.4,8.4,7.6,58.92,1803.33
2,6,0,20.5,70.7,800,6,7.2,7.3,2.5,37.11,1068.77
12,4,0,8.4,42.7,2200,1,9.7,4.3,4.6,39.64,1236.69
10,6,1,20.9,53.2,800,8,6.2,2.2,0.0,30.7,948.04
6,5,1,30.9,54.3,800,2,10.7,5.4,0.0,37.44,1142.53
5,4,1,28.6,51.3,2800,9,9.3,5.4,0.2,57.08,1668.12
6,2,0,29.0,59.2,4500,7,11.9,7.0,0.0,66.71,1971.95
1,4,0,16.4,41.1,800,3,7.7,5.3,2.4,29.28,811.48
5,0,0,22.4,70.5,1200,4,7.7,7.1,0.0,30.49,952.51
9,6,0,33.0,61.3,2200,3,9.4,6.0,3.3,44.53,1337.53
12,4,0,19.5,76.3,4500,6,7.1,3.7,2.5,49.37,1456.91
10,2,0,15.9,68.0,1800,9,8.3,4.8,0.0,46.3,1382.86
2,3,0,10.2,57.4,2200,9,8.4,5.2,0.0,53.49,1651.94
1,5,0,9.3,43.9,2200,1,8.2,4.8,6.6,34.8,992.73
10,4,0,25.1,50.7,1500,6,8.5,5.2,0.0,38.41,1132.57
11,5,0,12.2,78.4,2800,1,9.5,6.2,0.0,42.44,1202.11
9,1,0,24.5,71.6,2200,4,10.0,6.2,0.0,45.31,1311.95
10,0,0,24.0,50.1,1200,7,6.9,5.1,1.3,37.58,1116.11
9,6,0,25.7,21.2,1800,4,5.4,6.4,14.3,31.64,997.99
9,0,0,27.2,52.4,1800,9,7.9,4.1,1.0,45.03,1379.78
6,1,0,24.1,46.5,3500,5,8.5,6.5,3.8,49.83,1539.43
8,1,0,31.6,49.5,3500,9,4.9,7.2,0.0,57.87,1765.95
11,6,0,15.2,65.7,5000,1,7.7,5.5,3.2,50.4,1468.77
1,4,0,12.5,69.8,1200,4,9.9,6.2,1.5,39.49,1260.96
10,1,0,23.1,69.4,2800,7,7.1,6.7,0.0,47.56,1460.19
4,3,0,22.5,57.8,1200,2,5.7,6.8,0.0,25.08,833.25
1,5,0,14.1,37.7,5000,9,5.7,7.0,8.3,65.99,2055.02
8,5,0,25.6,48.4,1200,3,7.4,7.1,1.4,34.47,1029.99
1,2,0,12.7,87.0,2800,4,6.0,3.0,0.0,40.23,1184.89
3,1,0,18.0,59.5,4500,4,8.2,5.6,0.0,53.09,1492.14
4,1,0,15.8,56.9,2800,8,7.7,5.7,1.6,52.85,1592.98
8,3,0,26.8,56.8,1500,2,10.7,5.4,3.6,35.68,1068.63
6,0,0,30.7,55.0,2200,5,5.0,6.9,2.3,41.83,1226.14
10,0,0,16.3,28.9,1800,2,6.7,5.4,7.3,30.17,882.65
12,5,0,20.3,57.1,800,6,7.7,5.7,0.0,32.81,1007.66
7,5,0,35.7,50.2,2200,9,12.7,6.6,2.5,61.98,1774.62
8,4,1,23.3,67.9,2200,9,8.2,3.6,0.0,52.03,1618.54
2,6,0,21.2,58.1,3500,1,4.2,7.4,0.0,33.19,1035.07
10,3,0,21.4,37.7,3500,4,5.2,5.2,10.1,42.61,1262.25
11,6,0,19.9,64.5,1200,4,1.9,7.6,0.0,25.88,772.98
8,6,0,26.7,42.9,1800,1,7.8,3.8,1.9,31.36,955.09
3,2,0,22.2,40.4,800,2,8.7,3.8,1.2,26.28,825.07
7,6,0,31.8,40.7,2200,6,9.3,5.3,0.0,49.14,1565.5
3,2,0,14.3,61.5,2200,3,9.2,5.4,8.0,40.05,1177.82
7,6,1,24.8,65.8,1800,9,8.2,5.1,7.6,49.77,1554.48
11,3,0,11.4,65.1,3500,3,8.2,4.1,1.5,47.83,1424.93
12,2,0,15.9,67.6,2800,3,2.7,5.9,0.0,34.02,1002.69
2,0,1,17.6,63.2,1500,9,9.7,8.1,10.3,49.15,1462.89
10,2,0,24.9,58.7,1200,3,8.0,7.8,0.0,31.32,988.33
6,2,0,28.4,58.4,1800,6,5.7,5.2,1.9,35.8,1048.26
3,3,0,12.8,26.0,5000,6,9.2,4.0,0.0,64.6,1942.8
3,3,0,14.9,56.3,2200,1,8.2,4.7,0.0,35.67,1047.01
9,2,0,31.2,42.5,800,7,11.7,8.3,4.4,49.32,1460.32
7,1,1,27.8,64.6,1500,9,9.0,7.4,0.5,53.4,1662.78
5,3,0,26.6,48.9,5000,9,8.6,6.5,2.7,69.39,2081.22
12,4,0,10.2,60.4,3500,9,9.6,5.2,5.9,62.14,1834.23
10,4,1,23.5,39.4,1500,2,5.2,6.6,3.9,28.17,825.57
7,0,0,27.9,62.9,800,1,9.4,8.5,2.7,33.32,1012.17
9,6,0,30.7,62.5,1800,6,8.9,5.4,0.0,46.51,1392.95
1,2,0,17.5,66.0,5000,6,5.1,2.6,4.0,54.05,1621.61
7,1,1,27.8,40.9,3500,4,6.7,3.9,9.3,39.72,1178.15
6,0,0,28.4,40.7,2200,8,5.9,5.9,2.8,49.82,1541.58
10,2,0,19.5,60.2,2800,5,8.6,5.3,1.5,45.92,1403.54
12,3,0,8.7,51.7,800,7,13.6,7.7,0.0,51.93,1547.79
9,4,0,22.1,60.2,3500,9,8.6,5.0,0.0,54.87,1651.95
1,5,1,14.9,33.4,2200,1,8.6,4.8,8.3,35.41,1025.64
4,1,0,23.5,46.6,3500,9,6.6,4.9,4.6,53.44,1599.88
9,5,0,26.7,76.6,2200,4,7.1,6.6,0.0,43.75,1281.44
4,4,1,20.6,57.8,2200,7,4.1,4.4,0.0,41.52,1254.4
10,6,0,26.2,59.5,1500,4,11.5,5.0,0.0,43.33,1295.24
3,6,0,18.3,78.8,2200,4,4.7,3.1,0.0,32.87,975.26
9,5,0,29.2,27.0,4500,4,6.8,4.6,2.9,53.19,1602.13
2,3,0,7.1,47.7,4500,6,9.8,8.1,0.0,64.83,1958.34
4,2,0,4.3,47.7,1200,5,10.8,8.2,0.0,46.65,1448.57
6,3,1,30.2,60.3,800,2,10.0,6.2,8.3,36.87,1141.14
2,5,0,8.7,68.0,1200,9,8.3,6.6,0.0,49.06,1514.6
8,3,0,28.0,42.1,3500,6,4.1,4.7,0.0,45.05,1335.66
8,4,0,27.6,64.5,1500,6,7.5,5.9,3.2,38.54,1169.15
1,1,0,21.1,54.5,4500,9,5.7,6.1,7.1,57.89,1814.77
12,3,0,16.9,74.5,1800,1,6.7,5.1,0.0,28.84,860.84
3,4,0,18.7,42.6,4500,7,6.2,6.9,6.0,53.54,1612.02
10,1,1,25.8,56.0,1200,3,6.7,3.9,6.0,31.08,938.82
9,6,0,27.7,49.1,2200,4,5.4,9.2,4.6,40.8,1219.32
5,2,0,23.9,63.3,2800,1,9.8,7.5,1.9,40.5,1272.97
6,5,0,33.7,43.7,800,3,12.6,4.1,0.0,40.03,1181.0
4,6,1,17.0,52.0,800,7,10.0,5.9,0.0,43.78,1362.0
10,2,0,23.5,63.6,5000,6,4.4,4.7,2.7,55.87,1710.73
2,6,0,8.1,64.0,2200,1,10.7,6.1,0.0,43.72,1308.87
11,0,0,18.9,70.0,1800,9,5.8,5.8,0.0,41.08,1213.9
8,6,1,29.8,55.0,800,4,7.7,2.6,4.9,30.95,927.03
11,4,0,25.5,54.3,1500,7,5.5,4.3,0.0,36.8,1156.16
6,1,0,21.9,45.8,1800,4,11.4,7.4,2.7,43.29,1347.16
5,6,0,23.3,51.0,2200,7,6.2,5.4,2.0,37.78,1169.4
9,3,0,29.7,58.0,2200,5,6.8,5.2,3.2,38.45,1149.61
1,2,0,15.5,57.6,4500,1,7.9,6.1,1.8,44.54,1338.16
5,6,0,26.8,50.9,1500,4,9.3,6.8,3.2,39.71,1219.48
6,1,0,24.6,31.8,3500,3,6.8,5.2,4.0,45.12,1342.94
5,4,1,23.3,58.7,2800,6,7.2,2.4,0.0,46.85,1443.19
6,0,1,34.5,52.2,2800,6,12.1,4.4,2.9,57.09,1719.53
6,2,0,28.7,62.0,5000,1,6.4,1.9,0.0,46.24,1432.83
7,5,0,31.7,50.7,3500,2,9.6,3.1,0.0,46.0,1316.35
4,1,0,21.5,31.6,3500,2,4.9,5.3,10.8,35.65,1042.18
11,5,0,12.7,55.0,800,4,6.9,5.5,0.0,33.01,975.32
8,1,0,33.1,50.1,800,9,13.1,7.8,0.1,57.17,1733.66
7,1,0,32.3,59.6,5000,2,9.2,5.2,5.0,56.41,1675.39
9,4,0,36.4,30.2,5000,8,8.5,4.5,3.2,69.12,2171.71
7,4,0,25.4,51.2,1500,1,7.1,6.9,3.0,28.81,809.46
3,4,0,21.7,61.2,4500,8,3.8,8.4,1.4,55.31,1705.18
3,6,0,12.1,47.1,5000,3,8.2,6.7,2.2,56.55,1751.86
8,3,0,29.6,53.4,800,5,7.2,5.4,0.0,33.58,1029.82
5,1,0,30.4,43.1,1500,1,9.8,4.6,0.0,33.18,981.2
4,2,1,12.7,43.7,2800,1,12.4,3.3,5.8,40.66,1218.94
8,5,0,28.0,47.6,1800,6,7.8,4.4,6.9,39.6,1224.77
6,4,0,26.4,41.5,4500,3,6.3,4.6,7.7,48.5,1383.06
2,6,0,11.9,65.7,5000,8,8.9,3.8,0.3,66.26,1959.26
4,4,0,23.7,43.7,3500,4,9.8,4.9,0.0,47.51,1401.11
12,5,1,20.1,49.2,800,6,7.3,5.2,5.2,29.1,897.51
11,5,0,17.4,80.5,1200,9,6.8,7.8,0.0,42.28,1317.4
4,1,0,22.9,64.0,800,8,2.4,3.4,0.0,25.27,847.24
6,4,0,29.4,27.7,5000,4,8.4,5.7,9.1,57.32,1635.71
6,5,0,28.9,40.8,1800,8,9.9,3.8,4.7,45.63,1322.65
1,3,1,9.1,62.2,4500,7,11.5,2.8,3.6,64.47,1918.7
8,3,0,33.9,56.4,2200,5,12.5,4.8,2.1,54.8,1669.03
6,4,0,30.3,32.1,2200,7,7.4,5.7,4.5,47.33,1454.3
3,6,0,19.8,68.9,2200,7,5.6,7.6,0.0,41.55,1193.45
9,5,0,22.4,64.9,2200,2,6.2,4.8,1.5,33.46,1020.74
2,1,0,13.0,63.3,1500,7,9.8,4.9,0.0,45.12,1238.41
11,1,0,17.2,75.6,2800,3,6.6,4.2,0.0,37.24,1130.34
8,6,0,22.0,57.9,800,8,7.3,5.0,0.0,39.38,1180.22
10,1,0,14.4,62.9,4500,8,7.2,1.0,1.1,59.51,1780.82
3,0,1,15.3,73.7,1800,9,6.3,4.7,0.0,43.89,1299.07
12,4,0,17.4,73.2,2800,4,9.3,6.6,0.0,46.62,1394.56
5,1,0,23.1,40.6,1200,3,7.3,1.6,0.0,27.66,844.27
6,3,0,24.3,57.6,1200,9,8.5,5.3,4.3,44.47,1408.83
10,5,0,18.3,49.5,4500,9,6.4,5.5,0.0,57.29,1660.86
6,2,0,26.9,56.0,800,2,9.4,6.3,3.4,33.92,1005.32
4,6,0,20.4,58.2,4500,6,4.1,5.8,0.3,47.94,1462.54
3,2,0,27.7,38.4,800,3,6.2,5.9,2.2,28.18,842.69
4,1,0,26.7,51.0,5000,5,9.6,4.4,4.1,58.65,1765.09
1,2,0,18.6,62.5,800,2,6.6,2.6,0.0,21.17,608.7
4,2,0,27.3,47.3,1800,4,7.4,4.6,8.5,33.67,1047.24
1,0,0,9.5,63.1,5000,3,7.6,5.1,0.0,55.28,1560.64
12,3,0,9.6,69.7,800,2,11.0,6.9,0.0,38.49,1110.03
1,6,1,9.0,59.0,5000,6,13.3,3.5,0.1,72.77,2271.1
10,3,1,28.0,60.2,4500,3,9.3,8.4,1.9,63.86,1860.5
6,0,0,26.5,66.6,2200,4,6.8,5.7,0.0,39.0,1130.76
5,0,0,20.4,56.3,2800,6,9.0,4.5,7.9,43.3,1263.55
11,2,0,16.1,61.7,2200,5,8.2,4.3,4.5,39.21,1151.95
4,4,0,20.9,41.0,1800,4,5.2,5.2,1.7,30.75,921.63
11,5,1,19.2,67.4,1800,4,9.1,5.3,0.0,40.64,1267.75
3,5,0,19.1,59.0,4500,2,6.2,5.2,0.0,44.93,1369.38
1,2,0,10.3,74.7,4500,4,6.3,6.4,1.3,51.79,1543.08
6,5,0,32.0,50.6,5000,8,8.7,4.8,0.0,69.92,2176.31
2,0,0,12.2,35.7,1500,5,9.7,5.7,5.7,43.3,1280.22
8,3,0,28.2,32.1,4500,8,6.7,5.3,4.6,58.87,1768.69
10,5,0,25.1,66.3,1500,6,3.5,8.1,0.0,37.43,1128.27
5,6,0,23.1,43.8,1200,5,9.6,2.8,6.6,33.45,1041.62
7,2,0,27.4,55.9,1200,4,13.9,8.6,0.0,49.85,1443.7
10,4,0,24.7,58.9,5000,9,6.2,4.6,0.0,60.75,1776.43
12,2,0,11.2,58.0,1800,5,7.7,3.9,3.8,43.22,1339.02
2,1,0,13.3,56.3,2200,6,5.6,5.2,0.0,37.51,1205.62
8,2,0,31.4,42.1,1200,7,7.5,6.0,9.5,38.33,1133.52
2,0,0,24.3,57.3,5000,1,3.9,4.6,0.0,48.04,1384.42
4,3,1,24.7,45.5,3500,9,4.5,6.8,0.0,51.64,1495.65
1,3,1,16.1,54.9,1500,8,7.5,5.1,1.2,43.36,1347.43
5,6,1,28.4,46.8,2800,5,5.1,4.5,9.2,41.04,1155.3
9,5,0,21.2,52.3,3500,3,3.1,3.9,1.5,35.1,1055.87
1,0,0,14.5,70.4,2800,5,8.4,7.4,1.8,48.49,1446.77
9,1,0,25.9,53.4,2800,5,6.2,6.1,0.0,43.44,1272.81
11,0,1,19.4,71.6,4500,9,7.2,4.2,0.0,62.45,1834.87
8,2,1,29.5,71.0,4500,7,7.9,5.0,0.0,65.9,2008.33
6,0,1,30.6,60.3,2200,2,8.5,3.2,0.0,39.47,1219.08
7,0,0,28.6,57.1,1800,5,9.8,9.6,0.0,44.78,1395.93
3,6,1,18.3,58.9,2200,9,5.7,6.2,0.0,45.83,1396.7
1,1,0,8.5,69.7,5000,2,11.2,2.2,4.4,58.7,1761.34
5,2,0,24.6,51.7,2800,8,6.2,3.8,2.5,46.47,1401.45
12,4,0,21.3,71.8,1500,3,4.4,3.4,0.0,26.72,846.19
12,6,0,16.5,67.4,1500,4,5.2,5.8,0.0,34.64,962.36
2,4,0,15.0,53.2,800,2,4.5,2.7,0.0,20.75,642.48
5,6,0,34.5,61.4,2200,9,7.6,3.9,0.0,51.05,1505.48
8,3,0,22.8,53.6,2800,6,3.0,5.2,2.8,36.31,1106.23
11,6,0,13.0,58.1,4500,9,6.4,5.8,0.0,61.5,1798.62
9,5,1,33.7,49.3,5000,8,11.5,5.0,4.7,76.49,2332.95
2,0,0,15.3,59.5,3500,9,7.7,5.3,3.2,54.73,1668.34
12,3,0,14.0,72.0,800,5,7.3,3.3,0.0,32.42,940.86
3,1,0,12.6,65.7,3500,6,7.1,6.3,0.0,50.25,1486.48
3,4,1,20.0,59.2,5000,7,6.1,2.7,0.3,57.06,1686.65
1,6,0,16.5,66.5,1800,5,7.4,5.3,0.0,35.3,1061.58
8,0,0,24.0,67.8,3500,1,4.7,7.8,1.3,37.68,1221.74
6,1,0,28.3,48.2,5000,9,9.1,5.4,9.1,70.2,2024.2
12,5,0,13.6,46.6,800,2,7.6,3.1,2.9,26.29,803.36
8,1,0,30.1,68.1,5000,7,9.3,5.5,0.0,66.93,2027.29
11,0,1,13.0,53.0,1800,8,8.3,5.3,1.4,48.93,1444.01
9,5,0,31.6,46.7,4500,8,6.3,6.1,0.9,62.93,1812.59
5,1,0,30.1,29.1,1500,1,11.3,5.4,6.3,37.78,1124.35
12,5,1,13.4,66.9,1200,7,8.3,7.1,0.0,45.11,1298.51
3,6,1,17.0,35.5,4500,9,6.5,5.1,0.0,60.01,1825.34
5,6,0,25.4,41.7,4500,3,8.5,4.0,4.0,48.71,1399.11
5,0,1,22.5,57.7,1500,8,4.1,4.6,9.4,36.64,1096.95
5,0,0,24.0,59.3,4500,8,3.8,4.8,0.0,51.19,1501.01
3,5,0,16.8,47.2,2800,9,8.4,6.3,6.9,52.79,1633.96
11,2,0,25.3,57.7,5000,8,9.6,3.7,2.1,67.12,2084.24
10,3,0,26.3,47.0,2800,5,8.2,4.1,0.0,43.79,1297.54
4,1,0,26.2,45.9,4500,5,9.2,5.6,0.0,57.55,1679.2
9,1,0,27.7,58.2,1200,3,5.5,7.1,1.4,30.59,992.96
10,2,0,17.0,51.5,800,6,6.5,4.3,3.1,29.05,865.36
9,2,0,25.8,52.1,1200,3,6.1,5.8,0.0,28.58,871.54
2,2,0,19.4,39.9,1800,2,8.5,4.9,7.7,30.21,900.84
8,4,0,23.3,66.1,5000,7,7.7,6.5,0.0,60.93,1818.65
8,4,0,31.8,58.6,3500,3,11.3,5.4,2.3,55.31,1637.12
7,5,0,40.5,60.2,5000,4,10.6,5.4,2.8,68.03,1955.89
8,4,0,33.7,68.0,5000,8,7.5,9.6,2.0,68.06,2121.34
3,6,0,24.4,45.1,5000,1,9.7,9.5,0.0,60.97,1838.01
6,6,0,29.9,45.7,4500,9,8.7,5.5,10.9,63.75,1908.83
1,0,0,18.4,36.6,2800,6,8.9,4.2,1.0,46.23,1428.67
7,5,0,26.8,88.4,3500,2,7.6,5.6,0.0,44.02,1295.42
1,1,1,17.6,57.5,1200,3,11.4,6.2,0.0,39.94,1214.84
9,3,0,28.9,67.5,800,5,10.7,7.5,0.0,40.2,1171.37
1,0,0,15.3,44.5,2200,6,7.4,2.2,2.6,37.19,1100.17
1,1,0,19.9,71.3,4500,9,6.4,5.3,0.0,57.71,1757.6
7,1,1,27.6,73.0,1500,2,8.0,4.4,1.6,37.39,1134.07
2,5,0,14.2,56.8,3500,5,5.8,4.3,0.0,46.85,1390.83
5,2,0,26.4,38.5,2200,7,6.7,3.5,0.8,44.73,1374.79
8,2,0,24.3,50.8,4500,7,5.9,5.4,0.0,54.82,1609.62
8,0,0,29.9,25.8,2800,4,9.1,6.5,7.6,45.85,1334.36
3,2,0,10.3,54.5,2800,3,7.6,3.4,0.4,40.98,1209.03
7,1,0,34.7,60.5,3500,8,9.8,5.9,0.3,64.06,1911.43
3,2,0,18.2,54.6,3500,2,6.1,5.8,0.7,42.09,1247.74
6,4,0,26.6,46.6,1800,5,7.8,8.0,5.7,40.69,1201.49
6,2,0,25.2,56.3,4500,5,10.2,6.5,0.0,58.17,1785.76
3,1,0,16.9,62.2,2800,1,9.4,5.0,1.0,41.29,1306.36
7,5,0,33.1,30.8,4500,7,7.0,6.2,5.7,63.06,1885.93
3,0,0,20.5,56.1,3500,4,6.0,6.5,0.0,44.77,1369.73
8,3,1,25.8,81.7,800,2,6.8,5.4,0.0,31.59,914.62
10,2,0,18.2,41.5,1800,8,5.5,7.0,7.4,35.96,1074.54
4,6,0,25.0,51.5,3500,4,11.5,4.9,5.0,50.83,1545.76
1,6,0,10.7,82.6,5000,1,8.0,6.9,0.0,55.09,1614.85
4,1,0,22.3,65.8,1200,8,5.5,5.0,0.0,34.06,1055.55
7,3,0,30.6,44.5,2200,7,12.4,4.7,0.0,56.68,1667.68
11,3,0,19.4,61.8,5000,3,8.4,4.6,0.0,51.32,1585.56
4,4,1,25.9,52.5,5000,3,6.6,3.8,0.4,56.71,1739.53
6,3,0,23.2,41.0,2800,7,8.2,6.8,0.0,48.62,1508.8
9,6,0,17.4,54.1,3500,2,6.6,2.8,5.8,40.28,1254.47
1,5,0,11.4,56.0,5000,5,8.5,4.8,0.0,59.49,1871.67
5,1,0,34.1,52.0,4500,7,8.3,6.2,0.5,60.55,1839.34
11,1,0,27.1,50.3,2800,6,3.0,5.6,8.9,38.8,1098.9
7,2,0,38.2,35.4,2800,7,8.3,5.6,9.0,55.29,1664.5
1,2,0,13.1,58.8,3500,2,6.2,5.0,1.6,39.96,1178.2
4,2,1,14.0,73.1,3500,7,8.9,5.9,0.0,61.05,1770.08
6,6,0,18.4,51.0,1200,2,7.1,3.7,0.0,28.84,922.74
2,6,1,12.3,53.5,5000,7,10.8,5.0,4.3,69.07,2058.32
10,6,0,21.1,66.5,1800,8,3.6,5.4,0.0,36.8,1036.92
5,6,0,31.9,48.8,5000,8,12.8,6.5,1.7,76.05,2252.49
11,6,0,21.9,81.7,1500,5,9.7,6.9,0.0,41.91,1359.23
10,6,0,23.0,57.5,2200,7,6.7,5.5,3.1,43.73,1373.43
1,5,1,10.0,67.7,2200,8,7.9,6.9,0.0,50.22,1539.43
6,6,0,24.6,40.9,3500,4,5.8,5.5,7.5,45.88,1404.78
6,3,0,30.1,56.0,1800,2,9.1,5.1,0.5,40.32,1168.95
4,3,0,25.1,55.8,1800,7,11.0,6.9,1.2,47.56,1382.76
8,4,0,30.7,51.8,800,1,8.7,2.9,0.0,30.85,950.61
4,5,1,17.3,46.5,2800,2,3.9,5.9,0.0,38.7,1232.48
8,2,0,31.9,44.8,1800,7,13.1,4.7,0.0,51.28,1492.66
8,0,0,30.8,55.9,2200,1,8.1,6.7,10.4,37.87,1131.76
5,6,0,21.2,58.2,5000,7,9.0,4.7,9.4,61.57,1857.64
4,4,1,18.5,51.0,1800,5,8.0,5.0,0.0,40.78,1201.73
12,0,0,18.2,63.4,800,3,6.5,3.0,0.0,26.39,783.79
2,3,0,14.0,57.0,5000,2,10.0,5.8,0.0,58.09,1696.41
11,4,0,25.2,60.5,2200,7,5.8,5.1,4.3,41.99,1273.59
3,4,0,20.3,52.6,3500,9,5.6,5.1,4.0,46.61,1406.05
3,1,0,15.8,55.2,1500,9,6.5,5.9,9.6,39.54,1213.93
4,3,0,22.0,84.9,1800,8,5.9,3.3,0.0,40.92,1218.41
4,3,0,22.3,56.2,5000,2,7.5,4.2,0.0,49.33,1511.98
10,5,0,18.7,65.2,800,1,7.8,4.8,0.0,24.03,736.14
11,4,0,13.9,64.6,2200,8,5.0,8.0,0.0,43.36,1356.39
11,6,0,21.2,56.2,4500,2,5.0,5.5,0.7,42.72,1269.68
5,3,0,29.8,66.2,3500,4,7.9,6.0,0.0,51.35,1582.93
4,4,1,24.7,49.0,1800,4,8.3,5.5,10.7,38.08,1132.31
11,5,1,24.8,72.0,3500,2,4.3,10.3,0.0,41.54,1275.07
10,6,0,19.6,53.5,800,4,7.8,6.7,0.0,29.38,941.19
8,5,0,36.5,41.0,2800,7,8.4,2.7,2.6,54.92,1700.47
6,1,0,24.9,54.4,5000,6,7.7,5.9,4.0,61.77,1843.93
6,6,0,24.4,36.7,1500,6,9.2,7.2,7.1,41.58,1223.75
8,4,0,21.0,58.9,1800,4,3.5,3.2,2.4,27.02,854.3
7,3,0,28.0,36.3,4500,2,8.6,5.4,0.0,51.82,1534.19
10,3,0,19.7,53.7,2200,5,6.0,4.7,0.0,38.72,1206.14
11,4,1,20.4,42.1,2200,3,4.2,4.0,3.1,30.16,851.02
12,4,0,16.2,93.9,800,3,5.0,7.3,0.0,24.15,745.82
10,4,0,16.6,37.7,2800,4,5.9,4.4,1.1,35.7,1054.43
8,2,0,27.2,52.6,1200,5,6.2,4.5,7.5,28.71,786.33
2,6,0,13.4,71.2,800,2,7.9,3.8,0.0,26.21,751.47
9,3,0,18.0,67.4,2800,6,6.0,4.0,0.0,44.76,1325.39
1,6,0,9.6,69.5,2200,6,10.3,4.8,9.2,52.54,1662.81
8,5,0,25.5,48.7,2200,8,9.0,4.9,0.4,50.93,1393.1
12,3,0,21.5,76.2,5000,2,3.1,3.4,0.0,39.14,1159.22
11,2,1,18.9,70.3,1500,8,6.1,5.8,0.0,39.08,1156.7
12,4,0,18.1,62.5,800,8,5.0,2.0,0.0,28.01,796.65
12,1,0,8.3,62.9,4500,4,7.6,5.6,0.0,56.25,1670.04
4,4,0,27.4,48.9,2200,7,4.8,7.2,5.2,40.51,1208.64
4,4,0,27.9,41.6,2200,7,4.8,4.9,7.2,40.98,1199.25
5,2,0,17.0,65.5,4500,1,6.2,5.6,1.6,44.27,1344.18
8,6,0,25.8,68.2,4500,1,8.2,4.7,0.0,50.51,1586.48
5,3,1,28.2,40.1,1200,8,8.9,9.3,2.2,50.67,1517.87
8,4,1,31.8,50.7,1500,1,7.1,6.6,4.3,37.05,1080.6
10,3,0,18.9,55.8,800,3,4.3,4.0,1.7,19.5,580.05
1,0,1,12.6,58.9,1500,6,9.0,7.5,0.0,48.27,1432.44
12,5,0,12.4,60.8,1800,8,7.7,9.4,0.0,47.96,1488.15
10,6,0,22.5,68.9,3500,5,8.2,5.2,0.0,48.98,1448.51
9,3,0,31.4,46.0,5000,5,6.9,6.2,4.9,58.2,1767.93
6,1,0,25.5,39.8,2200,4,3.6,6.9,6.0,34.0,1033.0
3,5,0,22.5,69.8,800,4,7.7,3.7,0.0,31.36,945.6
8,1,0,25.4,46.9,1200,7,3.5,2.9,6.0,31.26,886.67
9,4,0,22.2,39.8,1200,6,3.5,5.8,11.4,27.83,807.26
6,5,0,32.6,44.2,5000,8,8.1,4.6,1.8,66.7,1992.44
11,3,0,22.1,55.4,3500,6,5.8,5.3,0.1,46.77,1349.52
7,5,1,33.8,69.3,1200,7,11.0,7.2,0.0,55.23,1612.81
1,4,0,8.1,70.4,800,5,7.8,6.3,0.0,35.87,1054.51
5,2,0,23.9,64.4,2200,6,9.5,6.4,4.0,46.83,1420.28
5,6,0,29.7,60.5,800,1,5.6,4.9,0.0,26.39,855.07
10,1,0,22.2,68.9,5000,3,5.6,4.3,0.0,49.27,1490.13
4,4,0,17.2,44.2,1500,8,8.8,4.7,2.1,44.38,1337.11
6,2,0,31.0,47.6,1200,3,10.8,7.9,3.2,45.37,1364.24
7,5,0,26.8,38.8,2800,1,1.8,8.5,3.1,31.01,914.95
9,5,0,34.1,52.5,1500,3,15.3,6.9,4.8,50.34,1505.91
1,4,0,21.0,67.5,2200,4,5.4,5.0,2.7,33.81,1039.65
6,3,0,31.6,51.6,4500,8,9.7,4.1,3.2,66.29,2031.28
7,5,0,36.1,66.4,1200,9,9.9,10.0,0.0,57.88,1626.58
3,3,0,18.3,41.3,2200,4,11.1,6.1,6.9,45.41,1394.77
8,3,1,32.4,58.5,4500,7,12.0,6.3,0.0,73.13,2180.64
5,6,0,32.6,35.7,800,1,13.7,4.2,6.6,33.45,1025.75
9,3,0,27.1,56.1,1800,9,8.8,6.9,0.0,47.97,1455.32
5,0,0,24.9,59.6,2200,4,9.0,5.1,0.9,43.34,1294.27
9,6,0,18.3,52.4,1500,9,4.7,4.3,0.0,36.24,1110.85
10,2,1,21.6,64.1,1200,3,5.7,4.8,3.9,30.02,913.43
4,2,0,25.7,41.0,1500,5,9.2,6.1,0.0,42.41,1270.61
9,5,0,30.3,35.0,2200,1,9.4,7.4,4.5,40.11,1198.38
5,5,0,28.3,57.4,3500,3,8.4,2.9,0.0,44.98,1304.97
10,3,0,19.6,78.4,1200,5,4.9,3.6,1.0,27.0,810.65
9,6,0,17.1,43.0,3500,6,9.5,5.0,9.6,51.28,1448.81
3,6,0,15.8,69.7,2800,8,9.9,4.4,0.0,50.68,1533.36
4,0,0,20.6,53.0,3500,1,8.2,5.1,2.7,42.01,1294.01
9,3,0,24.6,39.0,3500,3,7.7,4.6,3.0,45.69,1305.51
10,0,0,24.8,43.9,5000,1,7.2,5.3,5.3,49.52,1473.14
11,3,1,26.9,59.5,3500,5,10.0,5.8,6.4,55.67,1733.98
6,1,0,29.5,45.1,2800,8,10.4,3.8,4.5,57.43,1821.13
2,1,0,14.1,41.7,4500,4,6.3,5.1,0.6,50.13,1499.55
7,4,0,28.8,30.3,3500,9,9.0,4.7,3.2,58.66,1762.61
2,3,0,15.6,47.3,2800,6,8.9,7.3,1.1,50.34,1506.99
11,6,0,14.3,61.7,1800,6,6.7,4.6,0.0,38.09,1149.47
2,5,0,15.6,57.4,3500,5,9.4,4.8,3.6,50.55,1572.1
11,2,0,20.0,53.3,4500,5,7.7,4.1,4.7,48.32,1449.75
1,4,0,14.9,61.8,4500,7,7.0,5.7,4.7,56.57,1635.39
11,5,0,20.1,71.8,1800,8,3.6,5.6,0.0,35.73,1083.47
11,1,1,20.0,64.1,5000,7,7.5,7.9,3.8,61.71,1833.98
12,3,0,7.1,58.5,1500,1,14.1,5.1,7.0,44.99,1299.3
11,4,0,20.9,70.5,5000,1,6.5,7.1,0.0,49.75,1442.12
3,3,0,15.0,43.5,1500,6,9.1,7.9,1.4,43.27,1293.15
6,1,0,24.0,47.3,3500,3,4.6,4.8,2.1,38.33,1178.11
8,4,0,24.0,50.1,1800,9,6.8,5.6,5.3,40.84,1250.9
9,1,0,28.0,40.2,2200,7,7.9,4.8,9.3,43.24,1351.46
7,0,0,29.0,45.6,1500,2,6.6,3.4,0.0,30.55,882.44
4,1,0,14.4,27.6,1200,3,8.9,8.8,3.8,36.32,1072.96
6,6,0,31.1,72.9,4500,8,9.8,4.9,2.0,64.94,1976.8
5,6,0,19.5,39.4,3500,1,5.9,3.7,0.7,38.76,1195.23
8,3,0,29.6,71.5,3500,5,8.6,3.9,0.9,53.6,1584.56
1,2,0,15.1,59.8,4500,1,11.9,4.2,2.3,52.92,1556.69
1,1,0,18.0,66.1,800,9,5.7,5.4,1.9,36.53,1117.1
11,5,0,26.0,53.5,4500,7,5.2,7.6,4.5,58.68,1799.97
6,6,0,22.8,52.5,2200,5,4.2,8.2,0.0,37.99,1129.01
10,2,0,21.8,65.3,4500,6,6.7,2.5,0.0,51.49,1565.37
12,0,0,13.8,68.0,5000,3,3.1,7.7,0.0,46.59,1397.83
2,4,0,17.0,66.8,1200,3,6.2,7.8,0.0,30.69,891.38
5,4,0,27.0,46.2,1500,7,5.9,4.8,0.0,37.2,1149.08
1,6,0,12.4,53.6,2800,7,8.5,4.3,3.2,48.73,1451.67
7,2,0,28.0,31.5,5000,7,8.0,6.5,12.6,61.58,1779.2
1,6,0,9.0,65.6,4500,2,10.3,4.2,0.0,55.72,1641.99
4,4,0,26.4,65.5,2800,2,8.9,7.4,0.0,43.58,1206.19
9,1,0,28.1,74.4,2200,5,10.4,6.2,0.0,45.87,1497.78
1,2,0,18.1,63.0,1500,4,6.2,4.3,1.5,27.46,882.26
4,3,0,20.6,43.3,1800,7,4.8,6.1,7.9,36.52,1036.22
6,1,0,26.0,29.6,3500,3,9.2,5.4,5.8,50.65,1492.96
6,1,1,24.1,62.5,3500,5,3.6,2.6,0.0,42.38,1281.53
12,1,0,16.7,38.4,1500,2,8.8,3.7,0.0,29.78,965.38
8,3,0,24.2,48.4,1800,1,7.2,4.1,2.5,31.09,965.29
1,0,0,22.3,56.6,1500,9,7.3,6.5,0.0,47.53,1435.84
7,5,0,24.1,49.8,1200,4,7.7,6.2,0.0,36.4,1065.52
1,6,0,15.2,59.8,2800,8,8.0,7.6,3.6,54.65,1661.02
7,4,0,37.1,52.3,3500,7,11.2,4.6,5.6,60.35,1830.21
3,6,0,20.7,26.0,1800,1,3.9,2.9,8.7,18.89,568.24
11,2,0,18.8,59.5,2200,7,5.4,4.4,5.0,40.06,1198.21
8,0,0,24.6,25.7,4500,2,10.6,4.1,0.3,51.41,1522.18
3,2,0,11.8,63.8,5000,3,10.1,4.1,5.8,56.97,1767.01
1,6,0,17.5,52.7,3500,1,9.2,5.1,0.0,43.78,1237.28
8,4,0,35.7,26.6,800,7,9.7,6.7,7.9,45.4,1375.88
3,3,0,16.0,45.2,1500,3,7.7,4.7,0.3,32.34,970.96
2,6,0,9.9,50.7,2200,6,10.4,6.4,3.1,50.48,1425.82
1,1,0,2.9,73.6,1500,7,13.8,7.2,0.0,58.48,1737.38
3,6,0,13.6,57.4,800,3,7.9,5.3,5.1,29.09,826.84
2,1,0,14.6,61.6,1200,2,8.9,3.5,9.5,27.9,790.53
2,3,0,22.3,71.7,4500,9,7.8,5.5,1.2,61.3,1803.75
6,6,1,32.0,48.8,3500,9,11.2,7.4,1.8,68.2,2102.03
12,0,1,16.4,69.1,1500,7,7.0,6.6,4.3,43.24,1294.53
1,0,0,12.2,67.5,1800,5,11.2,3.9,0.0,45.66,1403.33
2,2,0,12.4,42.1,1500,4,5.7,7.2,1.3,34.73,987.8
6,3,0,35.3,67.7,1800,4,8.0,4.9,0.0,41.82,1226.73
3,0,0,18.9,38.0,4500,1,7.6,3.5,3.3,45.96,1359.66
4,6,0,12.5,63.5,5000,4,9.5,5.4,0.0,60.18,1812.59
1,3,0,11.0,41.1,3500,7,8.5,3.4,6.6,54.42,1656.53
8,4,1,25.1,59.7,5000,5,6.3,6.5,0.1,61.53,1858.09
7,1,0,27.5,73.0,5000,9,7.1,7.6,0.0,68.64,2022.86
7,6,0,32.5,48.1,3500,4,7.7,3.9,8.0,45.18,1388.71
3,1,0,17.5,51.9,3500,3,7.0,5.0,0.0,42.56,1249.38
10,1,0,21.7,64.8,4500,6,3.1,6.9,3.2,47.3,1430.98
10,3,0,27.9,53.5,1500,4,10.3,3.4,0.2,37.44,1061.37
3,3,0,14.9,76.8,4500,2,8.6,3.4,0.0,51.94,1546.68
2,2,0,23.5,59.8,800,5,9.3,5.1,0.0,35.74,1095.48
12,1,0,12.1,56.2,2800,4,9.0,5.0,0.0,42.04,1265.82
1,2,0,14.4,52.8,1200,5,7.9,5.6,0.0,36.49,1057.9
7,1,1,28.7,39.5,3500,9,8.6,5.7,0.0,61.16,1859.19
7,2,0,30.6,43.1,1500,4,7.5,3.4,4.4,36.94,1073.2
12,2,0,17.1,55.8,2200,6,4.7,3.2,0.0,34.59,959.06
2,4,0,17.0,51.6,1200,4,5.2,3.4,6.0,26.47,840.59
7,2,0,26.6,42.8,800,1,6.8,5.9,0.5,26.25,742.34
8,3,0,23.9,77.7,2200,2,5.1,6.6,0.0,31.1,968.52
1,2,1,25.3,47.0,5000,6,10.0,5.5,7.5,63.1,1882.34
9,1,0,23.8,56.8,5000,8,5.4,6.9,4.2,63.61,1937.35
7,2,0,33.1,57.8,3500,9,10.4,5.0,1.0,64.99,1914.37
3,0,0,10.8,62.6,5000,4,10.2,4.8,0.0,62.34,1908.67
8,5,0,27.7,51.8,1800,6,10.5,7.0,4.0,49.64,1464.67
7,1,0,29.4,47.8,1500,3,9.9,6.0,1.3,42.94,1275.88
11,0,0,20.1,64.7,1800,9,5.9,6.2,0.0,44.75,1245.5
8,1,0,16.7,55.7,3500,8,10.7,5.6,6.2,55.46,1590.89
6,3,0,29.7,46.9,4500,1,6.1,3.4,8.5,44.31,1363.41
9,5,1,20.8,36.3,1200,2,4.2,5.3,1.2,24.03,690.91
5,5,0,27.5,45.1,2200,9,8.4,6.4,9.8,53.33,1511.63
3,3,0,13.3,41.2,2200,3,8.5,8.6,3.4,43.48,1276.32
3,5,0,14.2,47.0,5000,3,9.7,5.2,5.7,54.85,1669.72
1,3,0,12.8,59.7,1500,9,8.8,5.3,7.4,42.52,1221.76
12,0,0,10.3,64.3,2800,3,9.9,5.7,0.0,50.66,1566.43
8,4,0,26.8,73.9,2200,5,9.7,7.7,0.0,47.79,1408.92
2,1,1,9.7,51.1,1200,6,9.7,6.1,4.7,44.92,1330.27
3,3,0,9.8,64.3,1200,3,10.7,5.0,5.5,37.27,1083.23
8,1,0,33.5,56.2,1800,8,8.2,4.6,0.8,47.04,1326.6
8,0,1,23.1,68.1,1800,2,5.3,4.0,1.6,29.86,881.82
11,4,0,17.2,66.2,3500,6,8.9,6.8,0.0,54.98,1645.02
4,0,0,25.4,40.4,800,2,7.6,4.8,0.0,27.4,838.12
4,5,0,19.2,31.8,2800,9,6.9,8.9,2.9,53.56,1571.48
5,1,0,22.3,54.4,5000,6,5.0,5.7,0.0,56.17,1610.64
6,6,0,29.9,43.7,1200,9,7.9,6.6,7.2,46.54,1472.39
5,4,0,31.0,38.9,2200,4,9.6,4.6,3.9,44.57,1344.3
7,5,0,24.7,35.5,1800,3,6.5,4.1,2.5,31.68,945.93
2,4,1,14.4,59.4,1800,2,6.3,6.3,0.0,32.8,1030.28
7,5,0,22.2,68.8,4500,8,4.7,7.6,0.0,58.38,1706.46
10,0,0,20.2,52.6,2800,4,5.0,3.9,5.1,34.99,997.4
7,3,0,30.2,57.8,3500,2,8.1,4.1,0.0,45.58,1394.73
1,1,1,10.2,58.1,5000,9,8.7,4.9,0.0,69.28,2158.08
7,2,0,27.9,35.2,1500,8,11.2,6.8,3.4,52.75,1517.72
5,2,1,19.7,59.5,1200,5,8.2,6.0,1.5,36.81,1101.36
3,0,0,18.3,41.9,1500,8,7.4,5.7,11.0,42.19,1279.35
3,1,0,22.8,55.3,4500,5,10.3,4.3,0.0,54.18,1643.64
4,1,0,17.1,48.4,5000,7,6.9,8.1,3.6,61.95,1842.42
12,0,0,12.3,70.7,2200,5,9.6,7.0,0.0,45.01,1306.72
2,1,0,17.3,44.8,4500,5,7.8,2.5,1.2,50.63,1423.38
2,3,0,20.5,62.2,3500,4,7.1,6.7,0.0,45.34,1448.34
1,0,0,7.3,49.3,5000,5,8.6,5.1,9.4,62.3,1938.56
5,3,0,25.2,44.5,1800,7,6.7,4.8,2.8,40.75,1190.01
4,1,0,23.3,20.0,1500,3,5.1,6.4,7.7,27.06,809.86
11,0,0,17.5,84.4,5000,4,7.9,5.9,0.0,55.17,1624.86
10,1,0,10.9,64.1,4500,8,9.0,5.9,0.8,62.1,1846.68
2,0,0,17.3,48.3,3500,6,3.3,4.3,0.0,41.01,1220.96
3,1,0,24.8,41.5,800,8,8.2,7.3,4.2,38.83,1107.32
7,3,0,30.5,44.7,1200,2,9.3,3.3,4.8,34.76,1036.65
7,6,0,25.4,59.3,5000,9,10.7,7.1,0.0,71.6,2150.22
12,3,0,12.8,37.3,2200,7,10.3,5.8,10.9,47.87,1359.44
4,1,0,30.0,50.8,800,5,10.9,5.4,8.1,39.47,1148.8
5,0,0,30.1,71.9,5000,7,6.5,4.9,6.6,63.04,1825.05
5,2,0,28.9,37.1,800,2,10.6,5.4,6.9,35.39,1011.67
6,3,0,30.5,51.0,4500,4,8.5,3.3,3.5,59.29,1765.14
9,3,0,23.0,81.4,2200,7,5.2,7.6,0.0,39.67,1180.29
2,5,0,14.2,65.1,2800,2,3.3,4.6,0.0,32.66,970.33
5,2,0,25.6,52.2,800,8,10.0,4.8,5.3,40.95,1319.88
12,1,0,17.5,66.1,1200,5,6.5,5.2,0.0,29.19,887.07
3,6,0,24.8,50.2,3500,5,6.9,4.9,1.4,45.3,1373.74
4,0,0,27.0,68.1,1200,8,8.4,7.7,0.6,46.66,1402.6
10,5,0,15.6,52.7,2200,1,11.3,2.5,0.0,38.7,1093.64
6,1,0,29.9,26.5,5000,6,8.2,5.5,13.0,61.53,1837.92
12,4,0,18.4,55.3,2200,2,6.7,7.6,1.0,35.62,1066.42
8,6,0,31.7,40.9,1500,1,11.1,5.2,6.9,34.25,1058.33
1,3,0,11.2,56.0,2800,7,8.4,6.0,0.0,50.34,1457.96
10,4,1,35.1,54.4,3500,4,8.6,5.4,0.9,54.81,1616.44
8,3,0,23.2,66.9,4500,1,2.3,4.1,0.0,39.01,1119.08
11,3,0,13.1,67.7,1500,6,11.0,6.4,0.0,46.73,1369.52
7,4,0,31.1,53.8,1800,6,9.5,5.3,0.0,48.4,1436.37
1,6,0,23.5,59.3,1800,3,7.8,5.5,4.4,37.87,1079.94
2,4,0,11.3,44.8,1200,6,7.9,6.4,5.0,36.43,1127.82
3,1,0,16.8,28.8,3500,9,8.6,6.6,0.6,58.09,1696.03
1,5,1,18.8,60.7,1800,6,5.5,5.7,0.0,38.05,1170.27
9,5,0,25.9,64.5,1800,1,7.8,6.4,0.0,32.07,939.78
8,4,0,27.4,51.2,4500,6,8.1,7.1,3.4,60.57,1793.74
2,1,0,17.6,51.1,2800,8,9.3,7.0,1.2,58.45,1789.88
9,5,0,27.2,60.6,2800,7,9.2,7.3,4.2,51.39,1568.34
7,1,0,34.6,49.7,5000,8,8.8,7.8,5.9,71.91,2176.19
9,1,0,31.8,75.2,1800,8,10.4,4.0,5.8,47.91,1357.91
6,3,0,30.3,64.8,5000,9,8.1,10.0,0.0,69.45,2137.03
6,5,0,30.2,61.5,800,3,7.1,5.5,5.2,28.93,932.49
11,5,0,19.0,68.4,5000,7,7.7,5.3,1.5,60.42,1799.28
4,3,0,24.2,37.0,800,6,7.3,5.9,3.9,34.41,987.44
10,4,0,22.2,65.5,3500,2,4.0,3.0,0.0,37.94,1082.2
10,3,0,22.0,62.0,2800,5,5.3,5.9,0.0,40.96,1213.71
2,5,0,20.5,64.8,3500,3,7.6,4.1,0.0,42.67,1229.39
7,5,0,36.8,56.6,5000,5,11.5,5.6,0.0,71.79,2142.16
5,6,1,19.2,56.1,1800,9,7.4,6.1,0.0,47.4,1395.35
11,4,1,18.0,91.7,5000,8,10.6,4.9,0.0,69.11,2011.55
6,3,0,25.8,49.1,1500,9,9.4,3.2,1.1,45.47,1332.15
2,0,0,13.7,68.7,5000,9,8.0,6.3,0.5,68.62,2060.92
5,0,0,27.8,45.0,800,8,7.2,5.8,0.0,40.47,1171.47
10,4,0,25.0,67.0,2200,8,5.8,6.1,1.2,43.87,1298.68
4,3,0,21.5,63.8,2200,6,5.2,5.0,0.0,40.1,1241.69
9,3,0,17.4,59.4,800,6,3.9,4.6,1.7,28.26,812.42
6,1,0,24.6,70.0,800,6,4.6,5.3,0.2,31.45,900.18
2,5,0,19.1,46.9,1500,6,7.9,5.8,2.1,36.06,1085.7
1,2,0,1.7,53.5,5000,9,14.9,6.9,1.5,83.63,2559.69
5,6,0,31.3,53.2,3500,1,9.2,3.9,4.1,48.21,1464.27
9,4,0,28.3,65.6,2800,6,6.8,6.8,0.0,50.21,1474.59
6,2,1,34.9,52.2,5000,8,3.4,6.8,2.8,61.53,1814.04
10,2,0,21.1,72.9,1800,1,9.4,5.9,0.0,34.22,1003.15
12,4,0,5.8,52.1,1800,6,7.9,8.3,7.8,48.09,1426.41
7,3,0,31.9,37.0,1500,9,6.3,3.3,6.8,40.41,1323.16
5,4,0,31.7,54.4,2200,6,8.6,8.5,0.0,52.5,1579.16
10,2,0,26.2,56.6,2200,2,7.5,4.2,8.0,33.87,1096.56
6,5,0,25.9,56.5,3500,1,7.5,5.5,4.7,44.18,1362.28
5,6,0,26.4,50.3,3500,4,5.9,5.5,0.0,45.26,1243.87
11,6,0,15.6,55.2,2800,6,8.5,3.6,0.0,44.06,1298.71
9,5,0,22.3,54.1,1800,9,5.3,6.7,0.0,43.43,1299.63
6,5,0,33.2,50.3,3500,5,8.7,6.8,0.0,54.05,1628.82
11,3,0,12.6,55.7,1200,7,8.0,6.3,1.5,40.32,1212.46
8,0,0,24.9,50.1,5000,6,5.8,3.4,2.3,51.69,1473.04
2,4,0,10.1,52.7,3500,6,6.8,3.7,4.4,48.2,1366.61
12,6,0,8.4,70.3,1200,9,7.4,4.9,0.0,47.41,1420.16
9,5,1,26.7,57.3,1200,5,5.5,7.4,0.0,37.05,1093.1
5,4,0,31.2,77.8,2800,2,10.0,5.3,0.0,46.03,1438.07
7,6,1,29.2,52.6,3500,8,9.3,2.8,6.0,56.57,1697.21
10,5,0,15.2,50.9,5000,3,7.2,8.4,0.0,56.95,1742.98
1,6,0,17.8,91.4,1800,9,6.5,8.2,0.0,45.29,1387.82
10,3,1,29.6,62.5,4500,5,10.9,3.9,4.8,67.06,2008.58
5,0,0,23.1,62.6,1200,1,7.7,4.5,0.0,26.97,858.67
12,0,0,12.9,67.1,2800,4,11.6,5.0,0.0,51.4,1520.99
10,5,0,24.3,65.0,1800,9,5.8,6.7,0.0,43.06,1289.32
2,6,0,22.4,63.9,4500,1,4.1,5.4,2.8,40.59,1220.69
12,3,1,12.7,46.8,5000,8,10.5,4.8,0.7,71.97,2120.96
6,1,0,22.9,54.4,1200,8,6.5,7.8,0.0,38.6,1105.71
11,4,0,20.8,43.4,3500,9,4.5,8.5,8.8,51.34,1482.14
1,4,0,17.6,57.2,3500,9,8.0,5.8,0.0,56.64,1652.04
3,2,0,18.0,46.3,4500,6,5.5,4.7,9.3,45.63,1362.7
5,3,0,23.5,55.0,2200,5,8.1,7.9,1.7,44.96,1362.54
4,6,0,26.5,56.5,1500,7,8.6,2.4,0.8,41.46,1187.1
3,2,0,20.4,60.8,800,9,5.7,4.6,1.0,34.7,1043.4
10,5,0,18.5,60.9,1800,5,3.4,7.0,0.0,30.89,915.15
5,6,1,26.2,43.4,1500,3,5.7,7.4,1.2,39.26,1219.52
11,2,0,11.9,56.2,1200,9,11.8,5.4,2.1,49.58,1464.66
8,0,0,32.0,63.5,2800,1,12.8,8.5,0.0,46.96,1480.11
11,4,0,16.8,72.1,3500,1,12.4,1.4,0.0,46.82,1438.87
4,6,0,20.0,38.7,3500,4,7.1,7.0,13.5,42.65,1264.51
1,2,0,13.9,41.0,4500,2,5.9,5.3,6.4,43.58,1282.72
11,0,1,18.2,50.6,1200,7,9.5,5.0,1.1,42.04,1301.06
7,3,0,34.0,63.2,2800,2,9.4,6.5,0.4,47.53,1410.85
8,2,1,31.6,67.1,2800,7,7.8,5.1,0.0,52.66,1581.51
3,5,0,17.3,43.9,800,8,7.8,4.2,2.5,36.5,1072.0
6,5,0,32.4,53.7,1200,8,13.2,6.0,0.8,54.52,1610.55
2,5,0,16.9,79.5,5000,3,7.0,5.2,0.0,52.68,1525.36
7,6,0,28.1,55.7,4500,9,8.2,4.7,4.5,61.72,1913.2
8,4,0,28.4,69.6,1800,6,5.2,4.7,6.5,37.37,1103.32
6,2,1,28.3,62.0,2800,4,8.4,4.8,2.2,44.48,1340.46
6,3,0,31.2,39.1,1200,8,10.4,3.4,0.0,47.42,1444.7
5,2,1,24.3,48.4,2200,4,6.8,2.9,0.0,38.78,1224.46
8,4,0,27.2,52.9,1200,4,7.8,6.8,1.2,35.64,1044.05
1,0,0,22.9,60.6,2200,8,7.0,3.7,3.9,41.82,1150.96
10,4,0,26.2,68.5,3500,4,5.5,5.4,0.0,42.45,1277.59
4,5,0,18.6,57.4,3500,1,2.2,2.3,0.0,28.06,864.26
4,6,1,24.6,20.0,5000,6,6.9,7.9,11.6,59.15,1750.16
3,0,0,18.5,39.2,1500,8,6.3,5.4,4.1,36.34,1114.87
3,6,0,19.8,28.8,1800,3,7.5,7.0,10.4,30.16,904.82
4,5,0,22.6,54.6,5000,2,11.3,8.4,0.0,62.92,1871.79
11,1,0,23.4,62.2,4500,6,9.3,3.7,1.5,58.87,1825.78
1,4,0,15.6,62.7,3500,1,3.5,4.1,0.0,38.44,1138.77
11,4,0,17.7,47.8,4500,5,12.0,6.8,3.5,62.27,1942.66
11,3,0,22.7,67.4,5000,6,7.8,4.7,2.1,59.71,1792.79
2,2,0,16.1,66.1,1800,8,6.9,6.2,0.0,43.48,1266.97
9,0,0,26.5,39.9,2200,7,10.6,5.9,0.0,53.95,1532.74
10,6,0,23.4,39.9,5000,6,1.6,2.1,7.4,45.03,1404.49
2,0,0,14.7,57.5,3500,2,6.8,6.6,2.3,45.06,1394.76
5,3,0,26.0,72.2,1800,8,7.9,5.6,0.0,46.03,1416.7
9,3,0,23.4,75.4,2800,8,6.9,4.0,0.0,50.83,1582.7
9,6,0,22.6,61.8,800,5,9.5,7.8,0.0,36.41,1173.16
8,2,0,24.4,43.7,800,3,9.4,4.2,2.5,32.78,887.13
1,6,0,7.7,70.0,5000,8,11.4,4.7,0.0,72.55,2096.86
1,6,0,10.0,53.9,4500,5,8.7,2.8,0.0,55.73,1659.25
9,5,0,25.2,45.8,800,3,9.2,6.2,6.4,31.49,988.74
11,2,0,18.5,33.6,1200,9,5.6,6.0,1.0,34.15,1037.49
8,4,0,27.7,53.7,1800,9,9.6,3.3,1.6,50.44,1526.29
10,5,0,11.4,49.9,800,7,7.4,6.1,4.6,38.85,1145.46
9,1,0,33.1,56.2,1200,8,10.2,7.0,0.0,53.69,1572.62
7,2,0,34.9,23.1,2200,5,7.3,6.2,6.3,43.1,1288.62
3,3,0,20.0,57.0,4500,5,8.4,7.5,0.0,54.9,1635.55
3,5,0,26.6,25.8,2800,5,6.8,4.6,13.7,38.61,1138.08
2,2,0,10.7,70.6,2800,2,6.4,7.9,1.5,42.19,1294.01
5,0,0,34.5,56.9,1800,3,8.1,5.3,3.7,39.03,1170.45
12,6,0,10.7,56.7,1200,8,8.5,7.0,9.5,42.18,1285.3
12,1,0,16.1,66.8,1500,6,5.6,7.5,0.0,37.89,1131.67
3,4,0,12.3,43.3,2800,9,10.1,9.9,2.0,63.09,1923.59
6,6,0,29.0,50.9,2800,7,7.8,4.1,0.0,50.0,1450.3
2,0,0,16.8,67.0,2200,6,9.1,4.5,0.0,43.42,1238.96
12,0,0,14.4,22.9,2800,4,7.4,5.7,8.1,43.9,1301.84
3,1,0,21.2,49.6,2800,7,7.5,5.1,5.8,44.92,1382.0
5,4,1,26.4,50.4,800,4,7.6,4.2,0.0,32.71,965.0
12,3,0,12.7,57.6,2800,7,8.0,3.4,6.8,48.2,1537.53
11,5,0,15.4,76.8,2200,5,5.6,5.7,0.0,37.12,1067.75
11,4,0,21.6,45.8,4500,2,6.3,6.4,1.3,48.71,1452.58
1,2,1,11.1,51.9,5000,7,10.4,6.2,3.2,68.88,1983.76
1,0,0,18.1,36.3,2800,8,5.5,3.4,5.3,41.76,1319.3
10,2,0,27.5,75.6,1800,2,7.9,2.8,0.0,31.12,928.18
9,3,0,18.5,52.0,1500,6,5.6,5.7,2.1,35.65,963.56
7,2,0,35.1,45.4,800,4,14.1,5.0,5.5,47.54,1411.99
1,4,1,23.3,58.7,3500,5,7.3,5.0,0.0,49.71,1375.51
12,2,0,16.2,67.6,2200,1,7.6,4.7,0.0,34.05,1076.37
8,3,0,31.6,56.7,1800,6,8.2,4.9,0.0,45.18,1314.41
3,3,1,22.7,86.8,5000,8,8.3,6.0,3.3,66.42,1994.42
8,3,0,27.7,57.9,3500,2,8.0,6.9,0.1,45.02,1317.28
5,4,0,26.8,45.1,4500,1,7.6,3.7,4.7,45.33,1350.9
1,3,0,8.1,52.6,1800,9,9.7,6.6,0.6,55.21,1692.45
7,0,0,30.6,46.0,4500,2,6.7,5.3,9.2,51.1,1514.76
5,6,0,28.2,32.6,1800,8,11.2,3.1,5.4,50.53,1540.98
6,3,0,31.3,50.5,800,5,10.9,4.5,3.2,40.02,1074.01
6,2,0,33.7,59.4,4500,2,9.8,5.2,0.0,58.8,1706.71
8,5,0,25.4,45.1,800,5,7.1,8.7,10.0,30.37,913.45
9,2,0,23.6,45.3,1500,9,5.0,4.8,3.8,34.68,1008.06
2,5,0,23.6,75.7,3500,6,3.8,4.7,4.0,40.33,1262.72
9,2,1,25.3,37.9,1500,3,5.5,5.9,2.0,37.71,1168.96
12,4,0,16.0,35.2,4500,8,9.8,5.6,3.2,67.17,2076.45
11,2,0,17.7,45.5,2200,1,6.2,3.2,0.8,25.93,782.33
10,4,1,18.3,39.0,1500,9,9.0,3.3,3.1,44.74,1308.74
9,4,0,33.3,59.6,2200,9,9.6,3.1,2.8,52.47,1601.66
10,3,0,19.6,53.2,2200,4,4.7,6.7,0.0,36.36,1043.34
10,0,0,16.9,54.9,4500,8,5.8,4.3,0.8,57.02,1697.53
7,5,0,28.0,64.5,5000,3,8.6,8.9,0.0,60.08,1820.77
1,3,0,5.0,51.0,2800,6,7.6,4.8,0.0,51.98,1527.66
7,3,1,27.1,60.0,1500,8,6.3,7.0,1.9,46.11,1490.79
10,6,0,17.6,75.6,1200,9,6.1,4.2,0.0,34.76,1075.23
5,4,0,28.8,45.2,1500,8,10.0,6.1,6.4,48.59,1416.33
6,4,0,25.9,58.8,5000,9,8.0,8.0,1.8,68.42,2095.72
10,5,0,26.0,54.6,3500,4,7.9,4.9,1.8,45.64,1442.68
7,2,0,36.3,61.8,5000,1,11.5,3.5,0.0,60.02,1732.73
5,2,0,29.5,31.8,2800,7,10.6,5.1,1.9,55.59,1725.29
7,3,0,29.0,30.9,4500,4,8.5,5.1,8.2,55.03,1594.11
9,1,0,26.6,50.3,5000,1,5.6,3.6,0.9,46.53,1395.51
3,1,0,11.1,44.3,1500,3,9.3,7.8,4.7,38.8,1171.88
8,2,0,28.3,46.3,3500,7,6.5,5.7,2.7,52.41,1542.65
2,1,0,11.2,54.9,5000,3,4.8,7.2,0.0,50.51,1485.5
11,6,0,21.1,68.0,1200,1,6.4,6.7,0.3,28.77,824.58
7,2,0,41.6,45.8,3500,7,13.2,8.3,0.3,71.44,2118.89
2,4,0,17.3,47.6,2200,8,7.8,3.9,5.9,44.61,1293.56
4,3,1,13.0,48.3,4500,5,9.4,6.5,0.0,65.3,2009.09
7,0,0,28.4,41.4,1800,6,10.4,4.8,11.3,46.18,1319.23
3,3,1,18.6,43.8,800,3,4.8,5.1,0.9,25.63,849.8
2,2,0,15.5,38.1,4500,5,6.9,3.9,6.3,51.14,1528.19
11,6,1,14.7,60.2,2800,3,5.3,8.8,0.0,42.97,1194.83
10,2,0,23.1,50.7,4500,2,7.5,4.1,0.0,44.92,1382.38
7,3,1,24.4,62.3,1500,7,9.5,6.7,2.3,44.45,1316.03
1,6,0,9.7,42.0,4500,7,8.3,3.8,2.8,60.98,1775.72
8,6,0,31.8,46.0,4500,8,10.7,5.4,2.3,67.77,2017.74
3,6,1,13.4,76.8,800,1,6.7,6.7,0.0,25.82,739.76
12,5,0,17.5,48.7,1800,2,8.3,5.7,3.0,33.93,1075.83
12,2,0,8.9,57.2,3500,2,5.2,3.8,2.4,42.24,1232.07
2,1,0,23.0,42.9,800,3,9.6,4.2,0.9,32.86,926.2
3,1,1,14.5,38.8,1500,7,5.8,5.9,6.9,40.3,1177.1
5,2,0,25.0,69.2,1500,7,7.5,5.7,0.0,39.93,1153.24
11,2,0,19.5,61.4,2800,7,9.3,3.7,1.4,49.04,1519.68
8,5,0,26.4,54.1,2200,1,5.3,4.5,2.6,30.38,920.45
10,1,0,22.6,37.1,3500,2,10.0,5.0,9.1,42.85,1219.5
7,2,0,32.6,55.0,1500,8,13.7,6.7,3.0,54.98,1601.88
7,2,0,34.3,64.6,800,9,11.4,7.4,0.0,54.06,1601.76
12,5,0,18.6,73.8,1500,7,6.8,6.7,0.0,39.71,1108.38
7,5,1,29.2,58.7,4500,1,8.1,5.6,1.2,53.46,1553.95
8,3,0,28.3,38.9,2200,4,9.3,5.9,5.8,43.33,1314.49
1,5,0,24.6,63.1,1500,8,8.6,6.5,0.0,46.27,1469.76
4,0,0,26.3,60.5,4500,5,3.6,6.9,0.0,49.72,1408.9
6,1,0,24.8,28.5,2800,1,6.6,7.6,10.7,35.53,1188.6
9,3,0,26.4,41.5,1500,7,6.5,4.2,11.6,37.56,1143.67
2,0,0,13.6,68.2,2200,6,6.8,4.9,0.0,42.33,1218.85
1,2,0,13.4,69.8,800,9,6.9,7.4,0.0,40.3,1277.73
10,2,0,16.5,38.9,2800,4,4.8,3.9,4.4,34.6,1056.83
12,3,0,13.2,69.5,5000,4,11.4,3.5,2.1,61.66,1887.87
2,5,0,23.2,58.6,3500,8,5.5,4.8,2.3,44.84,1382.34
7,6,0,32.6,60.0,4500,4,9.2,5.5,3.3,62.15,1912.89
3,6,0,6.8,47.4,2800,3,9.6,4.6,0.0,47.58,1371.11
10,2,0,27.5,65.2,2200,7,6.9,6.3,0.0,46.79,1440.02
2,6,0,20.0,67.6,2800,5,7.1,5.1,0.0,43.0,1292.4
11,4,0,16.4,55.1,3500,9,6.8,5.4,0.0,55.08,1678.54
7,3,0,33.2,50.9,5000,5,10.9,3.0,0.0,63.02,1860.21
2,0,0,11.2,49.7,4500,9,12.1,6.8,3.0,70.32,2080.49
3,3,0,15.9,74.8,2200,6,5.3,6.5,0.0,37.43,1096.83
11,1,0,24.7,57.9,3500,6,7.8,5.3,2.9,52.62,1611.5
7,5,0,28.8,39.6,4500,6,8.9,5.8,2.5,58.05,1737.71
4,5,1,13.6,43.9,800,7,5.9,5.9,8.8,34.1,998.74
1,3,1,13.7,60.9,4500,4,9.5,7.0,0.0,63.21,1881.13
5,2,0,25.6,59.7,3500,4,6.9,5.7,0.0,44.92,1403.88
12,2,0,20.5,44.0,1200,9,9.3,3.9,4.1,41.65,1271.73
9,4,0,26.1,77.2,1200,7,9.5,8.6,0.0,46.9,1427.63
8,4,0,27.0,56.2,2800,6,7.8,7.5,2.9,49.25,1489.49
12,5,0,19.8,65.6,1500,1,5.9,5.2,0.0,25.33,808.13
9,4,0,26.5,53.8,800,7,11.1,5.9,0.0,44.61,1290.7
10,0,0,18.6,57.7,4500,6,5.6,6.0,0.0,55.99,1719.57
9,4,0,31.2,53.2,3500,4,9.6,4.2,0.0,50.97,1532.54
7,0,0,30.9,62.9,1800,8,8.8,7.5,0.0,50.21,1464.32
4,4,0,22.0,52.4,800,7,8.7,7.2,2.5,39.36,1179.93
5,5,0,26.8,59.9,1200,8,10.3,5.7,0.0,46.15,1372.14
1,5,0,9.2,54.1,5000,9,10.6,6.9,0.0,73.41,2217.66
1,0,0,11.6,61.7,1800,1,7.8,6.7,1.7,36.43,1133.43
3,3,0,18.0,45.4,1500,3,6.6,5.6,4.5,25.95,727.67
8,5,0,28.1,67.1,4500,2,5.7,3.7,1.4,48.52,1532.89
2,3,0,20.8,47.5,1800,3,6.6,6.3,0.0,35.66,994.17
4,2,0,23.0,48.6,3500,2,5.0,5.3,0.0,38.34,1116.88
2,0,0,18.9,53.7,2200,6,11.1,4.0,4.6,42.83,1373.59
5,6,0,26.0,46.4,2200,9,6.4,7.5,6.3,47.97,1372.28
9,5,1,30.8,63.7,2800,2,11.0,5.6,0.0,51.24,1510.57
1,1,0,15.8,55.5,1800,4,10.6,5.1,0.0,38.76,1127.78
5,2,0,26.1,67.4,1200,5,9.2,8.6,0.0,41.58,1138.51
9,3,0,25.9,45.2,2800,5,6.5,4.7,0.0,46.68,1395.44
1,5,1,9.7,61.4,2200,1,8.2,3.7,2.9,40.14,1224.18
9,0,0,28.3,45.7,1500,6,14.1,5.8,5.7,51.42,1562.44
8,6,1,28.7,57.6,1800,5,12.3,5.3,0.8,51.28,1511.63
4,4,0,19.7,52.3,1500,6,7.0,4.8,0.0,35.64,979.96
12,6,0,20.1,58.1,1500,4,5.6,7.5,0.0,32.13,932.27
11,1,1,12.4,73.6,1800,6,6.8,3.9,0.0,41.58,1206.48
10,3,0,20.1,49.6,1200,9,5.0,6.4,0.0,37.5,1136.12
5,2,0,30.6,57.7,1800,1,10.3,5.2,1.4,35.54,1040.16
5,6,0,27.4,41.4,1200,6,12.5,5.6,6.8,41.32,1257.11
11,0,0,17.8,60.7,4500,1,6.7,6.8,3.0,44.61,1250.71
12,1,0,16.2,45.7,2200,7,9.8,8.8,0.0,53.02,1617.94
6,0,0,29.7,42.0,3500,4,10.4,5.4,1.2,55.12,1675.42
7,5,0,23.2,49.7,1800,6,6.1,6.9,0.0,40.49,1163.84
8,4,0,27.4,74.3,2800,7,9.9,5.8,1.2,53.9,1583.19
8,2,1,36.2,53.7,1800,5,12.6,5.6,0.0,57.03,1694.85
11,0,0,15.0,79.2,2800,9,9.6,6.6,0.0,59.1,1820.12
2,3,0,13.6,60.1,800,8,7.4,6.1,0.0,41.63,1234.13
9,5,0,23.6,50.4,2800,3,8.2,3.9,1.2,39.17,1188.68
7,5,0,29.6,69.1,2800,1,11.0,7.1,1.0,46.98,1407.78
4,2,0,19.4,57.7,1200,8,8.4,6.5,0.0,40.42,1252.1
4,5,1,24.2,44.8,5000,4,9.1,5.3,0.0,63.47,1910.19
11,3,0,18.9,65.0,2800,7,6.2,4.8,2.0,45.79,1316.37
8,0,0,32.4,49.0,3500,4,11.6,5.8,2.7,58.08,1729.29
4,2,0,17.3,28.6,1200,7,9.7,5.3,8.2,40.96,1272.62
6,5,0,27.4,61.2,1200,1,7.0,5.4,0.8,28.82,877.98
5,5,1,25.0,63.8,1200,1,4.4,4.8,0.0,23.11,637.05
3,3,0,20.1,77.1,5000,2,9.5,4.0,1.8,54.25,1706.31
10,4,0,18.4,62.6,1500,5,5.9,7.9,0.0,38.8,1135.58
11,4,0,22.1,56.3,1800,6,4.8,4.2,4.1,34.04,1061.9
2,6,0,20.4,67.5,800,2,6.6,4.0,0.0,22.65,742.16
9,5,0,21.6,65.2,800,1,5.6,6.1,1.2,20.17,651.91
10,0,0,19.8,77.2,1800,9,2.5,6.4,0.6,36.06,1041.37
9,2,0,23.6,54.5,1200,7,8.6,6.7,4.6,38.0,1188.49
1,5,0,25.8,57.3,4500,8,9.2,6.6,1.0,62.93,1898.17
10,1,0,20.1,48.9,1800,6,4.2,4.5,0.9,31.9,897.15
3,2,1,25.5,61.4,1500,9,7.3,6.9,0.0,48.35,1446.38
8,6,1,23.2,33.9,1500,8,4.6,4.8,0.3,35.99,1034.51
6,4,0,24.5,59.3,2800,4,5.3,7.0,4.6,40.05,1218.93
5,5,0,22.9,57.7,2800,5,5.4,4.0,0.0,42.26,1303.13
5,3,0,22.2,57.7,2800,2,7.4,4.0,3.7,36.97,1159.61
6,1,0,27.7,51.7,2800,1,12.0,4.0,5.3,44.99,1346.13
7,5,0,26.8,69.1,4500,6,6.9,6.1,0.0,58.16,1703.38
1,6,0,10.3,69.8,4500,3,10.9,5.2,0.0,56.29,1634.42
9,0,1,31.2,47.7,5000,4,10.7,5.6,0.0,64.13,1954.27
3,1,1,23.5,47.9,800,1,2.5,4.9,0.0,19.74,635.88
4,6,0,26.3,41.9,4500,6,4.8,5.5,1.0,54.29,1653.21
10,5,0,24.4,64.1,2200,8,11.1,5.1,5.8,52.83,1546.33
1,0,0,14.4,47.3,1500,4,7.0,3.1,8.0,33.58,978.5
11,1,0,15.8,72.3,1500,8,8.5,3.7,0.0,41.53,1220.05
10,0,0,17.7,73.4,2800,3,7.7,4.1,2.5,40.62,1150.9
3,0,0,19.6,44.5,4500,7,2.2,5.2,0.0,49.55,1509.09
2,1,1,9.8,55.3,1200,3,8.0,7.5,0.0,41.73,1245.4
2,1,0,10.6,57.7,5000,6,10.6,4.1,6.8,67.39,2086.04
1,0,0,19.2,69.9,2200,4,4.7,3.8,6.4,29.64,845.36
8,6,0,37.5,71.8,2200,6,10.2,2.9,0.7,50.87,1519.46
3,4,0,19.8,34.8,800,7,4.0,6.5,0.0,29.99,843.55
3,1,0,23.0,51.2,2800,8,4.9,5.5,7.2,42.24,1249.99
6,5,1,27.8,46.8,2200,6,7.0,3.7,1.6,46.05,1417.0
8,2,0,22.9,35.7,3500,4,2.9,5.4,7.8,36.78,1105.9
9,3,0,28.8,49.2,3500,9,10.7,5.0,2.6,64.6,1894.48
9,0,0,28.6,60.1,1800,7,5.5,7.6,4.0,44.65,1272.03
4,0,0,22.3,49.2,2200,9,6.0,4.9,2.3,43.49,1289.62
5,3,0,24.9,32.1,4500,3,5.7,7.8,16.5,43.87,1325.35
2,4,0,19.4,92.0,1200,5,8.6,5.8,0.0,35.54,1103.11
11,3,0,13.6,62.5,800,1,5.8,4.5,0.0,25.28,724.8
9,1,0,22.5,56.3,2800,8,4.9,5.4,0.0,47.38,1386.65
8,3,0,24.4,39.3,1800,1,4.3,5.5,0.0,26.17,880.65
3,0,0,18.4,58.1,1500,1,2.0,4.7,2.8,18.42,551.52
11,3,0,13.1,57.4,3500,7,9.4,4.3,4.4,54.63,1681.81
12,2,0,12.0,37.3,4500,8,8.8,6.7,0.0,64.15,1867.55
9,5,0,22.8,42.2,1800,3,7.0,6.8,8.4,29.85,909.98
3,1,0,16.8,64.5,2800,2,8.9,6.7,0.5,43.05,1324.72
9,3,0,19.3,78.3,1200,7,6.7,5.5,2.8,34.36,1033.4
2,0,0,15.5,61.9,4500,5,6.8,7.1,0.0,55.67,1591.77
12,6,0,20.7,73.2,2800,1,6.6,5.6,0.0,35.79,1032.85
10,5,0,22.6,55.6,5000,2,5.5,4.8,2.0,49.11,1489.83
9,1,0,32.9,54.0,2800,3,11.8,4.5,0.0,50.06,1429.88
8,0,0,34.9,65.6,2800,6,9.4,7.0,0.0,54.01,1734.28
9,4,0,29.5,75.0,1200,1,8.3,2.6,0.7,30.09,953.99
5,2,0,26.3,66.3,2200,8,8.9,7.9,0.0,53.03,1523.08
11,4,0,18.1,46.5,5000,2,11.5,5.4,4.3,56.06,1693.61
11,2,0,21.4,58.5,800,5,4.1,4.6,5.8,25.62,772.01
2,3,0,13.3,60.8,1800,8,5.9,4.7,0.0,41.88,1305.4
8,1,1,20.5,49.4,1500,5,5.7,4.8,3.4,31.82,842.24
12,3,0,17.3,64.7,800,8,5.6,6.9,0.5,33.64,1016.84
6,2,0,23.8,59.8,800,6,8.2,6.1,1.6,36.55,1042.4
8,2,0,24.6,64.5,800,7,7.5,5.0,0.0,36.53,1115.65
11,2,0,18.0,79.6,800,8,4.7,5.0,0.0,32.79,934.76
5,5,0,25.6,46.7,1200,3,8.9,5.8,7.3,31.14,995.81
10,0,0,15.6,41.1,2200,5,11.3,9.6,3.3,46.25,1401.41
2,1,1,15.8,61.8,1200,7,6.0,9.8,0.0,43.22,1215.5
6,3,1,33.3,72.6,1800,9,10.3,7.5,1.4,60.41,1697.47
5,3,0,20.9,44.9,5000,6,1.6,4.4,3.1,43.99,1342.12
12,4,0,20.8,68.2,1500,1,5.3,6.2,0.0,24.42,701.33
12,2,0,8.1,68.3,1200,8,10.5,4.7,0.0,53.03,1616.72
5,6,0,35.5,53.0,1800,6,10.1,5.3,1.2,50.49,1485.01
1,2,0,12.1,59.4,5000,1,8.9,7.1,0.0,58.43,1807.06
2,2,0,15.7,46.4,1800,4,6.0,5.0,6.3,35.63,1114.32
8,6,0,20.4,25.1,2200,6,8.7,5.2,3.9,41.23,1256.34
3,3,0,17.7,41.7,1800,1,6.2,4.3,4.8,30.68,879.93
10,4,0,23.0,52.8,4500,5,4.1,4.3,3.1,43.96,1292.43
3,0,1,17.6,68.2,1800,3,6.9,4.9,0.9,35.75,1060.84
8,6,0,26.4,51.3,1200,7,9.5,6.8,8.0,43.0,1242.76
8,5,0,24.7,46.3,1800,8,8.2,6.8,0.0,44.64,1368.96
2,1,0,20.2,46.8,1200,3,5.2,5.7,5.1,23.66,695.14
8,6,0,29.1,60.4,5000,3,12.0,7.1,2.4,63.7,1902.82
11,0,0,24.9,75.6,4500,3,7.0,2.7,0.0,45.85,1352.09
1,3,0,11.6,72.1,5000,6,5.4,5.7,0.0,55.79,1672.89
6,5,0,27.0,57.3,1800,6,9.0,4.5,0.0,42.85,1293.4
8,5,0,32.6,34.8,800,3,9.2,8.3,10.6,34.9,1022.35
3,5,0,10.7,50.8,1500,6,8.9,5.2,0.0,41.91,1246.65
8,2,0,23.5,75.9,3500,9,8.5,7.0,0.0,60.25,1786.54
12,1,0,20.0,73.5,800,8,5.8,7.3,0.0,33.62,987.76
1,3,0,8.7,40.9,4500,7,9.1,5.1,0.5,64.41,1933.23
11,3,0,9.8,58.7,5000,7,6.9,7.1,0.0,64.61,1823.2
11,5,0,26.4,63.7,4500,8,6.6,7.4,0.0,60.89,1889.82
9,3,0,19.7,45.9,2200,7,6.9,6.9,3.4,39.97,1233.43
11,1,1,18.8,31.6,5000,3,5.5,4.5,6.8,49.24,1484.42
9,1,0,26.3,56.2,1800,8,4.3,3.7,4.0,36.24,1124.88
5,4,0,13.4,41.2,5000,8,9.6,9.0,8.0,70.83,2063.85
10,6,0,20.8,48.1,800,1,7.4,4.7,4.0,23.43,624.3
4,6,0,24.0,48.2,1500,5,8.3,7.0,5.5,37.18,1030.39
11,4,0,19.6,57.7,1800,5,4.6,4.8,2.6,29.47,903.57
6,0,1,33.0,49.9,800,1,9.6,8.2,0.0,35.85,1081.85
12,6,0,13.3,49.4,2800,6,8.8,4.9,3.6,48.06,1457.98
7,1,0,33.2,48.0,1800,6,10.8,5.8,2.4,51.65,1591.61
5,1,0,22.9,29.6,1800,4,7.8,8.9,3.8,41.03,1124.07
11,6,0,11.7,63.1,800,6,6.0,3.2,0.0,27.16,760.74
10,1,1,16.2,23.2,2200,6,10.9,7.4,8.8,52.98,1560.01
9,4,0,19.4,51.5,5000,1,4.1,5.1,0.9,42.76,1312.75
3,5,0,22.5,66.0,2800,5,3.2,6.6,2.8,34.72,1048.3
7,5,0,23.2,38.0,4500,2,0.8,4.7,5.8,35.99,1198.21
10,3,0,23.2,66.1,1800,7,8.1,8.2,2.3,43.18,1246.21
10,5,0,20.8,71.4,5000,9,9.0,4.7,2.7,67.79,2057.2
11,2,0,17.5,20.0,3500,9,5.8,6.0,6.4,50.54,1558.96
5,4,0,32.1,48.9,3500,9,5.8,7.3,0.4,56.61,1764.21
7,1,0,28.0,20.0,4500,7,9.8,4.5,12.6,64.2,1916.77
2,6,0,17.8,56.1,1200,7,4.4,5.9,0.0,33.78,954.8
4,5,0,22.2,52.4,2800,1,7.6,3.6,1.1,34.03,1050.42
2,4,0,14.4,27.7,3500,6,6.1,5.0,4.5,50.98,1542.53
12,5,0,25.4,83.1,1500,5,6.4,9.4,0.0,41.34,1266.1
7,0,0,23.5,54.1,4500,8,7.4,7.8,3.2,60.0,1860.77
2,1,1,20.9,47.3,800,8,6.7,6.8,1.5,36.86,1095.11
11,0,0,21.0,76.9,800,4,6.2,6.0,0.0,27.96,792.06
1,1,1,11.8,37.8,1500,1,11.7,2.8,8.1,36.3,1114.5
9,4,1,33.3,40.2,2800,6,13.1,5.3,0.0,60.62,1832.46
1,3,0,5.7,31.7,3500,1,14.2,6.5,5.1,57.03,1696.62
8,5,0,26.6,74.1,1200,5,7.3,4.8,0.7,38.29,1103.2
2,5,0,9.6,61.5,2800,5,9.6,6.0,3.4,52.56,1592.19
12,2,0,16.9,67.9,2200,3,10.0,3.8,0.1,40.4,1250.54
8,6,0,23.9,56.1,2800,5,5.6,3.9,0.0,39.5,1113.39
3,0,0,19.9,61.9,800,6,5.5,9.0,0.3,32.08,964.38
6,5,0,28.1,50.9,3500,5,8.2,8.7,3.2,55.1,1679.55
3,4,0,15.8,58.3,4500,1,7.5,5.0,0.0,48.4,1533.01
7,3,0,31.7,52.0,3500,7,8.6,4.5,3.1,56.32,1692.61
10,6,0,20.8,50.2,5000,3,4.2,3.9,0.0,47.96,1508.77
9,4,0,21.1,54.4,800,7,7.7,6.3,0.0,33.86,1053.53
2,0,0,27.7,60.8,5000,5,7.2,8.4,0.0,63.26,1936.45
12,2,0,12.9,61.3,1500,3,8.7,4.3,2.5,36.17,1048.85
12,5,0,5.1,42.3,1200,6,10.8,5.9,7.0,43.43,1414.37
5,4,1,22.2,34.5,2800,1,7.7,5.3,0.0,37.82,1137.41
6,6,0,23.2,63.0,2200,6,7.6,8.1,5.3,46.4,1401.16
4,1,0,25.7,48.8,1800,4,6.9,5.8,2.6,37.25,1118.39
4,3,0,23.4,59.5,1800,4,5.9,3.3,0.0,31.86,1011.6
4,6,0,23.8,39.4,4500,5,6.6,6.6,5.3,53.64,1697.34
2,4,0,13.4,39.8,1500,9,6.1,6.2,9.1,41.53,1275.58
4,3,1,20.7,42.4,800,1,4.5,3.8,1.6,20.07,584.83
11,5,0,16.3,56.7,2200,3,8.5,6.9,4.6,40.83,1301.33
1,1,1,13.6,51.3,4500,4,8.8,4.9,7.5,59.57,1730.32
12,2,0,18.8,75.5,1500,2,4.7,5.7,0.0,23.98,688.09
6,6,0,30.4,52.2,1200,9,8.6,6.1,0.0,49.55,1424.05
1,2,0,16.3,81.5,800,7,4.3,5.3,0.4,29.91,880.79
10,1,1,24.2,62.4,1800,1,7.2,3.9,4.2,28.75,907.68
6,3,0,32.9,21.0,1200,9,8.9,6.7,2.8,51.33,1529.86
1,5,0,15.3,72.0,4500,6,11.9,3.8,0.0,61.54,1848.85
6,4,0,30.5,31.9,5000,2,10.0,6.6,8.5,60.36,1827.2
10,1,0,27.3,60.3,800,1,6.0,3.8,3.0,24.3,718.72
8,0,0,25.9,43.2,1200,6,5.5,3.9,2.2,36.06,1031.55
11,3,1,14.1,85.0,2800,7,9.3,7.8,0.0,58.45,1679.07
2,2,0,9.7,74.8,3500,6,11.1,5.7,3.3,61.21,1895.09
2,6,0,15.9,48.6,1200,7,11.2,2.8,2.6,44.06,1293.22
12,1,0,6.7,58.5,4500,6,12.6,5.6,0.0,69.74,2061.35
4,2,0,24.1,55.4,5000,8,7.9,6.7,0.0,67.41,1955.06
11,3,0,17.5,69.7,4500,2,9.9,6.2,0.0,52.86,1579.62
3,2,0,23.1,55.3,5000,9,6.8,4.7,0.0,61.69,1875.12
4,1,0,19.0,40.2,2800,9,6.7,5.0,8.0,48.07,1425.71
12,3,0,14.2,51.4,3500,9,5.6,6.1,0.6,56.33,1705.69
7,0,1,35.0,50.6,2800,7,13.2,7.3,0.0,66.03,1891.97
11,1,1,24.2,74.1,3500,9,7.2,3.9,0.0,55.77,1680.77
1,4,0,10.9,64.5,1500,1,8.8,3.2,2.9,28.91,848.89
6,5,0,29.7,40.7,1800,3,7.0,7.4,3.3,36.2,1021.2
3,1,1,19.3,62.8,5000,2,9.0,7.0,0.0,55.66,1596.97
11,3,0,19.7,54.7,1500,1,8.4,3.7,1.6,29.79,855.02
10,6,0,20.8,68.2,1200,5,4.3,4.9,0.0,27.09,758.05
7,5,1,35.8,81.0,3500,1,11.5,8.3,0.0,59.01,1785.93
10,1,0,13.5,53.2,2800,3,9.8,6.6,2.6,43.63,1328.48
2,0,0,13.2,67.1,1500,6,5.8,5.5,0.0,39.45,1191.23
2,6,0,17.1,48.6,2800,6,8.5,7.3,0.0,49.56,1503.73
4,0,0,24.1,51.2,3500,3,7.8,4.6,0.0,42.59,1207.03
1,4,0,20.1,59.7,2800,4,7.5,5.6,0.0,40.25,1230.36
3,6,0,23.4,52.7,800,7,10.7,5.2,0.0,39.61,1218.3
9,2,0,24.7,84.6,800,6,13.0,6.7,0.0,45.28,1370.73
7,6,0,35.8,47.0,5000,2,12.9,6.3,0.2,66.66,1995.38
7,5,0,26.8,57.7,2800,9,8.3,6.2,1.1,54.25,1594.09
11,6,0,22.2,36.2,1200,6,7.6,6.4,3.5,34.69,1055.94
4,3,0,30.1,57.7,800,2,9.6,6.9,0.0,32.44,956.0
2,3,0,20.5,71.2,1200,7,10.9,6.4,0.0,44.93,1389.43
4,2,0,22.5,46.2,4500,4,6.7,5.7,0.0,53.02,1603.08
6,6,0,27.4,20.0,2200,1,7.1,5.7,6.5,32.26,960.23
11,0,0,11.1,58.9,3500,9,10.1,7.7,4.1,64.41,1916.88
11,0,0,19.4,59.5,3500,8,10.7,4.4,0.0,55.46,1656.66
3,1,0,13.0,63.7,1200,5,6.5,6.1,0.0,36.67,1093.18
1,4,0,10.4,83.5,1800,3,7.8,2.5,0.0,35.27,1054.6
12,5,0,9.7,55.4,1200,4,7.9,5.0,0.0,34.99,991.56
8,4,0,26.9,42.2,3500,3,5.4,8.1,5.8,42.18,1276.14
12,6,0,14.9,46.0,2200,8,5.9,4.6,0.0,45.5,1372.66
5,4,1,27.2,53.0,800,5,9.7,3.1,6.2,34.01,967.28
5,1,0,23.3,56.4,1200,8,7.1,4.4,2.5,37.85,1145.86
11,4,0,22.8,52.8,2800,1,4.0,6.2,0.6,28.14,843.68
4,2,0,21.1,61.8,1800,9,7.4,5.7,0.0,42.81,1246.94
6,1,0,25.4,55.6,3500,3,8.0,3.8,0.0,42.97,1316.38
3,2,1,19.0,55.5,1200,1,8.5,6.9,3.6,26.34,850.46
9,6,0,34.8,44.2,1200,3,8.9,5.9,6.4,36.59,1071.93
5,1,0,27.5,44.9,2800,2,5.5,3.5,7.2,33.64,1013.92
3,6,0,16.4,25.8,4500,7,8.7,5.4,13.5,55.09,1708.9
11,6,0,11.1,62.2,800,4,10.6,8.6,2.6,39.13,1075.24
1,4,0,13.0,59.6,2200,7,6.2,5.2,1.7,42.81,1369.48
10,2,0,23.1,59.8,800,3,7.1,2.8,9.6,20.17,608.72
12,6,0,13.3,66.1,2800,6,7.1,6.3,0.0,47.74,1466.29
6,2,0,21.4,54.6,3500,7,8.1,6.3,0.7,53.88,1539.81
2,2,0,11.2,56.2,2800,7,10.3,7.7,0.0,57.43,1661.48
3,1,0,24.5,55.6,5000,5,9.5,4.9,3.4,60.68,1776.98
1,3,0,20.5,42.5,1500,6,4.5,6.3,2.7,31.93,910.35
9,4,0,22.0,48.0,4500,3,4.9,5.7,0.0,46.86,1300.93
8,6,0,32.0,53.1,1500,4,8.6,5.4,0.0,42.3,1215.4
12,2,0,9.8,51.2,3500,6,8.3,6.1,0.0,59.8,1756.6
2,5,0,21.4,67.8,2200,3,6.9,6.2,0.0,34.02,956.09
12,3,1,16.2,52.1,800,7,5.3,6.5,0.0,34.09,1089.67
11,6,0,22.3,61.9,1800,3,9.4,6.7,0.0,36.69,1129.39
8,5,0,21.2,53.9,5000,9,9.5,2.5,0.0,66.83,1971.8
12,4,0,18.1,69.0,4500,4,9.1,3.2,0.0,55.59,1693.81
9,4,0,26.0,65.8,1500,2,8.5,5.5,0.0,35.37,1076.2
1,2,0,17.8,67.7,1200,6,6.7,5.8,0.0,32.58,899.87
5,2,0,30.1,25.4,5000,9,9.1,4.4,4.9,67.88,2055.74
8,6,0,29.2,66.8,800,2,6.9,4.7,0.0,28.55,837.73
11,1,0,15.3,77.7,5000,4,8.0,4.2,0.0,56.7,1732.08
2,3,0,18.6,51.7,3500,5,7.4,6.4,0.0,51.77,1504.4
4,6,0,21.7,55.3,1200,9,4.6,4.6,5.0,36.48,1118.87
7,3,0,26.1,40.0,2200,7,10.8,6.0,11.0,50.87,1573.41
3,2,0,13.9,31.6,1200,5,8.0,7.0,10.3,35.07,1070.03
12,4,0,8.4,51.1,2200,6,7.7,4.3,0.0,46.33,1309.26
5,2,0,23.7,44.2,3500,9,6.4,3.9,5.2,48.64,1569.84
8,4,0,33.9,48.2,2200,4,8.7,4.3,0.0,44.81,1371.07
12,6,0,15.9,48.5,1200,2,5.8,3.9,0.0,25.85,764.74
10,4,0,19.6,48.7,2200,5,9.6,5.6,0.0,40.73,1249.95
3,2,1,21.6,54.9,2800,7,6.2,3.1,1.6,44.29,1423.75
4,0,0,18.3,43.3,2200,4,8.9,7.8,0.0,45.12,1289.99
9,3,1,26.4,61.5,1200,1,8.4,3.2,0.0,30.59,966.89
7,5,1,29.2,58.8,2800,8,9.4,3.8,5.3,56.24,1679.71
1,4,0,17.5,87.9,2800,5,7.0,5.6,0.0,47.54,1411.92
12,4,0,8.0,73.5,1200,2,9.0,5.0,0.0,34.48,1022.81
4,0,0,18.2,55.4,1800,3,9.4,7.4,0.0,40.34,1116.08
4,6,0,14.6,45.1,3500,5,9.2,5.1,8.7,49.7,1512.62
9,6,0,24.8,58.5,800,4,6.8,5.0,3.1,30.94,818.96
6,6,0,34.4,53.9,800,9,12.0,6.9,0.0,53.07,1568.58
9,5,0,23.7,48.8,2800,9,9.8,7.3,0.0,58.94,1745.58
12,1,1,12.8,69.4,3500,8,9.2,2.9,0.0,60.96,1811.59
6,0,0,32.9,33.2,2200,2,12.7,5.3,5.8,46.42,1295.52
6,5,0,33.7,47.1,4500,5,8.9,8.7,5.1,65.02,1990.67
5,0,0,25.6,57.3,1800,8,5.6,4.9,0.0,38.03,1058.07
5,4,1,29.1,47.2,1500,8,7.7,6.0,2.2,47.25,1375.82
2,3,0,10.2,55.0,3500,7,9.3,7.2,4.6,60.82,1800.07
8,0,0,35.1,50.8,1800,4,13.3,6.1,6.4,54.8,1629.85
8,1,0,38.6,42.5,800,3,10.5,3.7,0.0,36.77,1120.25
11,2,0,20.3,73.4,4500,8,7.0,5.7,0.0,55.9,1677.88
1,5,0,4.6,47.1,2200,8,13.1,3.9,1.4,58.21,1833.2
8,0,0,26.4,56.3,4500,5,8.6,3.9,0.0,56.68,1716.06
5,0,0,28.8,55.6,4500,3,7.4,7.0,0.0,53.35,1612.9
2,1,0,13.2,46.1,2200,5,5.8,6.8,5.0,41.12,1207.69
2,3,0,20.8,58.4,4500,4,8.5,8.1,0.0,54.96,1662.45
6,0,1,31.6,39.1,3500,8,7.1,7.2,3.7,58.56,1734.82
11,0,0,14.8,76.0,1500,2,7.1,5.0,0.0,29.03,849.33
9,3,1,26.1,41.3,1800,8,7.6,4.3,10.7,44.09,1465.38
1,1,0,10.0,51.5,3500,6,11.8,7.7,2.9,62.51,1944.72
12,5,0,14.3,45.3,1800,4,10.0,6.3,5.8,42.78,1244.31
6,5,0,26.4,33.7,2800,3,7.9,6.5,6.3,41.56,1276.01
9,0,0,31.3,74.1,1200,5,11.5,6.4,0.0,46.55,1408.66
8,3,0,38.5,59.0,1200,6,14.1,7.4,0.0,58.72,1731.78
11,0,0,11.6,61.0,1500,1,7.9,2.8,0.0,32.21,1060.09
6,6,0,20.3,42.1,3500,1,5.4,3.3,0.0,33.9,1007.98
3,2,0,16.9,65.9,1500,3,8.7,4.0,0.0,34.77,1105.43
8,5,0,22.1,42.6,1500,2,9.7,5.7,5.2,32.92,957.96
9,6,0,26.2,64.5,1800,1,6.2,4.4,0.0,28.57,906.59
1,4,0,17.4,48.9,2800,8,3.4,7.5,8.0,40.92,1287.71
12,2,0,21.8,52.3,800,1,7.5,5.1,2.0,26.87,762.46
9,0,0,26.9,64.1,2800,8,10.5,9.3,0.0,58.27,1733.32
6,1,0,28.1,60.4,4500,5,8.4,8.1,3.3,59.38,1777.51
6,5,0,20.0,57.2,4500,4,11.6,5.6,2.8,54.05,1695.05
12,4,0,15.2,47.4,2800,8,6.1,3.8,7.1,47.07,1481.99
4,2,0,22.3,47.1,2800,8,4.9,6.8,7.9,44.3,1311.19
1,5,0,16.9,61.2,1500,8,5.7,4.1,5.6,38.59,1140.43
10,3,0,18.8,47.3,1200,3,6.8,3.8,4.4,27.26,828.83
8,1,0,27.0,69.0,3500,8,8.0,5.2,0.0,56.41,1621.59
2,2,0,8.4,28.7,4500,1,8.2,4.5,5.3,51.72,1608.85
12,3,1,4.8,50.7,2800,4,13.1,6.2,8.4,58.06,1702.96
1,6,0,9.0,53.2,2200,5,10.1,6.0,2.4,45.08,1356.78
2,0,0,8.0,23.4,1800,6,7.8,4.1,5.6,42.6,1341.06
1,3,1,15.5,42.6,800,5,8.9,5.1,1.3,38.76,1182.84
1,2,1,11.7,66.8,5000,5,7.9,3.5,0.0,59.39,1763.8
9,2,0,23.6,55.4,1800,5,7.0,6.1,4.6,33.35,954.48
1,6,0,9.6,78.2,1200,9,11.2,3.1,0.0,47.9,1434.53
4,0,1,7.5,71.0,1800,3,12.0,4.9,0.0,48.58,1444.38
10,3,0,28.8,62.7,2200,2,10.2,4.2,0.0,39.04,1289.31
6,3,1,24.4,53.8,1200,2,7.1,6.0,0.0,31.59,911.46
7,0,0,28.1,51.5,3500,8,6.2,4.6,4.5,52.93,1563.96
2,3,0,8.5,25.6,1500,5,9.1,4.2,5.9,38.88,1121.3
6,5,0,33.3,33.3,4500,5,9.7,6.1,0.4,65.41,1950.63
7,0,0,30.6,51.9,1800,6,12.0,6.3,7.2,51.16,1558.29
10,1,0,18.3,64.9,2200,9,5.8,4.3,0.0,41.58,1204.82
10,2,1,20.2,61.0,1500,7,6.6,6.6,0.0,41.64,1265.08
2,1,0,22.6,46.8,2200,5,4.0,9.2,5.5,35.09,998.15
2,5,0,14.7,68.7,5000,5,8.6,4.8,0.0,58.73,1803.86
10,6,0,21.2,75.3,1200,9,6.0,4.1,0.0,37.4,1101.43
7,5,0,25.8,61.9,3500,9,7.2,6.0,1.6,57.92,1722.89
12,4,0,6.5,71.9,4500,2,12.0,3.1,0.0,59.03,1834.21
1,4,0,13.3,52.6,1500,7,6.9,5.3,0.0,41.25,1217.87
8,4,0,30.4,65.4,1800,1,11.6,4.3,0.0,42.66,1297.67
11,0,0,22.9,61.1,1200,4,5.1,6.4,0.0,30.03,932.67
3,3,0,7.9,61.1,5000,2,12.7,2.6,0.0,61.07,1890.65
11,5,0,12.9,63.7,1500,9,5.2,3.5,4.1,40.3,1223.77
6,1,1,26.3,48.5,5000,6,8.2,6.2,1.9,63.23,1882.64
9,6,0,26.0,44.7,3500,4,8.7,6.2,0.0,50.01,1476.81
6,1,0,28.3,49.0,2800,3,7.5,2.1,6.2,39.75,1206.67
9,1,0,25.5,66.8,1500,4,7.9,7.7,0.0,39.31,1145.15
7,1,0,31.8,45.4,3500,2,8.5,6.5,2.4,48.61,1482.61
9,6,0,21.9,65.7,1500,5,7.2,4.5,1.1,33.75,1021.55
2,4,0,19.3,66.3,2800,9,7.0,6.0,0.0,53.25,1544.99
12,1,0,17.0,56.4,4500,6,11.6,2.6,0.0,56.55,1641.22
8,6,0,27.5,69.2,2200,2,5.2,6.3,0.0,34.77,1046.82
8,6,0,36.1,48.2,1500,6,10.9,4.3,0.0,48.72,1448.68
2,3,0,22.1,75.6,2800,9,5.5,5.4,0.0,46.85,1442.21
12,6,0,19.3,65.2,4500,4,6.8,5.2,2.4,50.15,1463.22
4,4,0,8.4,52.3,1500,1,9.5,6.9,9.6,33.69,1043.63
11,1,0,25.1,48.7,2200,2,6.5,5.9,5.3,31.32,973.8
7,6,0,33.6,49.6,5000,5,8.7,5.0,1.0,65.38,1908.2
11,0,1,27.0,56.9,1500,7,9.2,4.8,5.1,43.88,1306.37
4,6,1,27.6,37.4,1200,8,7.2,6.1,0.0,44.06,1383.28
4,2,0,29.1,49.9,4500,3,8.4,5.2,0.0,50.72,1539.63
6,2,0,32.9,40.4,3500,9,9.9,5.5,7.7,59.2,1771.56
10,2,0,28.1,64.5,5000,2,6.7,5.2,0.0,53.17,1633.72
6,6,1,37.9,65.7,1800,4,12.3,5.0,0.0,54.75,1620.39
10,4,0,23.0,42.8,1500,4,4.7,3.1,0.6,26.57,782.35
3,1,0,10.9,75.5,2200,6,10.0,5.5,0.0,52.21,1573.88
9,5,0,24.6,53.5,800,6,7.9,5.6,1.0,37.56,1190.74
12,5,0,16.8,48.3,2200,3,7.0,5.5,4.2,36.93,1066.46
10,5,1,22.3,66.6,1500,9,4.2,4.4,0.0,41.06,1252.98
11,4,0,12.4,54.0,800,5,8.6,4.3,4.1,36.53,1077.92
2,3,0,7.7,56.5,1500,2,7.9,7.7,2.3,36.27,1144.02
6,0,0,25.6,45.1,2200,6,7.2,4.5,2.2,40.89,1261.16
12,0,0,18.7,50.2,2200,3,8.3,6.1,0.0,39.32,1176.16
7,2,0,37.1,59.4,4500,8,10.8,4.6,0.0,68.59,2084.57
12,2,0,19.2,56.6,800,3,9.0,2.5,0.0,28.13,817.96
9,6,1,30.8,37.8,3500,5,9.5,5.3,4.0,57.19,1687.18
3,5,0,17.6,61.6,2200,4,8.6,6.3,0.0,42.28,1381.95
10,6,0,14.2,43.0,1500,4,9.5,4.9,0.0,39.68,1173.62
3,5,1,16.0,41.2,1800,2,10.3,2.2,2.6,34.38,1039.41
7,2,0,28.8,65.0,1500,8,5.7,2.5,0.0,35.82,1056.93
4,1,0,19.8,38.1,4500,3,5.3,7.0,6.6,45.85,1317.67
8,3,0,29.2,24.7,1800,4,8.5,5.4,6.4,43.75,1266.57
7,6,0,32.0,58.1,1500,6,10.9,6.5,6.9,45.46,1379.03
5,3,0,29.8,47.0,1200,9,9.0,6.2,11.4,44.84,1281.69
7,3,1,28.7,48.1,1500,4,8.3,3.7,1.2,39.43,1150.89
3,3,0,9.4,51.2,3500,3,11.5,4.9,0.0,53.34,1629.55
12,2,0,12.9,62.8,2800,5,7.8,3.0,0.0,45.59,1377.89
2,0,0,15.3,48.5,2200,9,6.9,7.3,9.6,48.27,1429.54
6,2,0,34.4,67.7,4500,1,11.1,5.6,0.0,61.13,1813.95
2,3,0,12.5,39.8,800,5,13.3,6.6,1.9,45.3,1312.66
3,2,0,20.3,60.3,1500,4,6.2,7.3,0.0,32.18,1065.72
6,3,1,30.2,57.7,1200,5,7.5,5.0,0.0,41.18,1191.17
5,4,0,26.2,41.6,1200,7,6.4,4.6,1.8,36.59,1143.18
8,5,0,33.1,40.2,800,7,8.9,5.5,7.3,40.37,1111.64
9,0,0,23.0,67.2,2200,7,9.3,7.6,0.0,48.21,1485.69
11,4,0,15.4,47.4,2200,1,6.9,2.8,1.8,29.55,930.48
3,1,0,17.9,47.7,1500,9,7.5,5.9,5.3,44.33,1287.95
12,2,0,12.2,70.6,5000,7,8.5,6.9,0.0,67.93,2010.12
10,1,0,24.3,57.9,2800,4,4.4,5.9,2.8,38.1,1191.06
3,6,0,14.8,33.4,2800,4,7.2,7.0,5.7,42.11,1211.92
3,2,0,19.0,76.0,2800,2,1.7,2.9,0.0,26.46,813.46
6,5,0,28.5,43.6,1200,6,8.6,7.2,0.0,40.81,1193.83
1,4,0,15.0,54.5,4500,3,8.8,4.4,2.7,52.15,1605.03
7,5,0,27.9,53.7,2800,1,6.4,2.0,2.5,31.14,1018.01
12,6,0,13.5,67.5,1500,5,7.2,5.0,0.0,36.85,1060.23
1,3,0,14.4,82.9,5000,6,5.3,4.3,0.0,57.29,1745.2
5,5,0,26.9,30.7,1200,5,3.3,5.3,3.9,27.44,867.22
10,5,0,22.0,67.4,3500,5,3.3,3.2,2.7,40.32,1119.86
8,3,0,36.6,61.4,1500,8,12.0,5.6,0.9,56.34,1735.4
4,2,0,17.5,50.9,2800,1,6.4,4.2,7.7,32.95,1004.27
5,3,0,25.7,60.1,2200,8,7.8,8.8,1.4,49.19,1504.55
4,4,0,14.9,63.7,2800,7,11.9,6.0,0.0,54.79,1561.55
12,5,0,16.7,43.4,4500,1,9.3,5.4,0.0,52.03,1594.38
12,3,0,10.1,81.0,1500,9,10.3,5.6,0.0,49.29,1470.47
4,6,1,20.7,33.8,1200,4,5.1,7.3,4.3,29.89,845.44
12,6,0,13.4,46.4,4500,7,11.4,6.4,9.2,65.24,1988.76
8,5,0,30.2,49.4,800,3,11.2,7.6,3.0,43.42,1339.1
2,4,0,12.6,80.6,1200,8,10.3,7.4,0.0,49.51,1481.85
1,1,1,11.3,55.6,800,4,8.9,4.8,6.5,34.26,1044.13
3,4,0,24.5,54.6,2200,2,5.2,6.3,6.4,31.32,932.32
9,0,0,27.3,72.2,4500,2,10.9,6.4,0.0,56.89,1644.81
4,0,1,19.5,48.9,1200,8,8.2,7.2,10.7,41.91,1250.81
10,0,0,20.9,43.4,1800,8,5.6,6.4,1.3,41.79,1307.69
5,5,0,33.4,45.7,1800,1,9.2,3.1,8.2,33.53,1060.53
2,6,0,14.0,73.9,3500,6,5.7,5.6,0.0,49.02,1433.45
4,2,0,18.9,53.4,800,9,8.2,6.1,4.8,40.91,1238.08
2,6,0,12.0,80.7,5000,9,9.0,6.0,0.0,67.59,2031.15
2,2,0,12.6,66.4,1500,2,9.3,6.9,1.2,36.63,1121.14
4,2,0,19.3,44.8,2800,8,8.4,4.8,0.0,48.79,1466.04
6,6,0,23.2,50.6,2200,8,8.1,6.0,0.0,47.47,1456.6
7,5,0,24.9,40.4,1800,4,5.4,5.3,0.1,29.6,869.38
10,4,0,18.3,49.5,5000,4,6.9,6.4,4.1,52.62,1628.25
3,2,0,20.7,95.0,5000,5,6.9,8.2,0.0,53.87,1592.2
3,1,1,16.3,67.2,800,7,8.4,6.6,0.5,38.71,1169.96
10,6,0,21.1,67.8,3500,1,2.8,5.9,0.0,33.17,1025.05
6,6,0,34.6,42.5,5000,9,8.1,4.4,1.6,70.26,2117.58
12,0,0,20.9,78.8,2200,3,7.3,3.0,0.0,32.89,881.3
3,4,0,16.7,68.2,800,4,8.6,5.8,0.0,28.8,877.46
2,0,0,12.2,80.1,4500,7,11.9,5.4,0.0,66.28,2019.42
8,6,0,25.0,74.5,2200,5,4.1,6.2,2.0,33.79,1027.11
5,6,0,29.1,32.9,2800,5,10.2,4.6,1.2,49.91,1539.66
1,2,0,13.1,46.0,3500,1,9.1,7.2,0.0,47.21,1469.04
3,4,0,16.3,43.0,3500,2,5.3,3.4,0.0,35.0,1018.73
10,3,0,18.3,46.2,3500,5,3.3,5.2,0.0,39.94,1121.07
8,1,0,25.5,56.4,800,2,9.2,4.6,1.9,25.58,713.42
4,2,0,23.4,45.7,3500,1,4.8,6.7,0.7,37.44,1126.41
7,6,0,24.1,75.5,1500,3,4.3,5.0,0.0,27.24,844.78
10,2,0,26.5,80.4,2200,1,8.6,4.2,0.0,32.97,983.48
12,1,0,12.7,59.9,2200,8,8.5,5.9,1.2,47.06,1349.57
2,6,0,14.4,81.0,4500,8,9.1,4.6,0.0,66.02,1993.96
7,1,0,24.0,68.5,3500,8,7.8,5.8,3.0,54.95,1649.01
5,3,1,25.9,45.3,3500,7,14.2,5.5,0.3,65.24,1964.44
5,2,0,24.5,26.6,2800,7,8.5,10.0,4.3,52.41,1653.73
6,5,0,28.7,47.4,3500,2,9.6,4.5,2.2,45.55,1403.33
9,2,1,32.6,47.3,3500,9,7.7,5.8,2.2,62.62,1872.57
6,0,0,29.7,52.5,2200,7,11.7,6.0,0.0,54.36,1571.12
12,4,0,11.5,61.1,2200,5,7.8,5.9,0.0,45.22,1417.12
8,4,0,25.7,53.3,1800,4,5.6,7.0,0.8,37.43,1043.41
7,0,0,32.7,57.0,1800,8,9.1,8.7,6.1,54.41,1619.63
9,6,0,31.8,40.4,2200,5,10.1,4.3,9.9,47.2,1361.99
4,4,0,23.3,57.4,5000,6,5.8,6.3,0.0,56.82,1686.24
2,1,0,18.2,52.2,2800,4,5.1,5.2,0.0,35.2,1051.92
7,4,0,32.7,53.1,4500,2,7.7,5.7,2.0,52.9,1527.81
6,4,0,35.3,61.5,5000,7,10.7,7.4,0.9,73.14,2083.99
1,0,0,5.2,44.6,1800,2,11.9,7.6,0.0,47.87,1392.62
11,6,0,21.0,56.0,3500,7,7.3,7.0,7.6,49.36,1419.88
9,3,0,30.4,53.6,2200,7,5.7,6.2,0.0,42.99,1246.64
9,4,0,20.0,48.8,1800,1,4.6,6.6,3.7,25.45,750.77
12,5,0,11.1,70.8,3500,3,10.8,4.0,0.0,55.98,1747.87
2,4,0,11.2,48.9,1500,3,8.1,4.2,0.9,37.67,1103.15
3,3,0,14.7,48.3,800,6,8.3,5.9,5.4,37.65,1105.64
5,0,0,23.8,42.2,3500,3,12.1,7.0,7.5,51.71,1546.59
5,3,0,27.1,63.8,5000,9,3.3,5.5,2.0,57.72,1761.38
1,0,0,17.9,53.4,1200,5,6.7,5.2,0.0,33.99,1044.97
8,1,0,33.8,58.0,3500,6,11.3,2.6,0.0,61.13,1747.55
12,0,0,11.3,83.7,1200,6,6.9,9.2,5.9,39.35,1133.48
8,1,0,25.1,51.6,1500,8,7.0,5.5,2.9,40.23,1256.75
4,1,0,27.9,65.8,1500,3,5.7,1.2,0.0,27.41,798.84
7,0,0,32.9,70.7,1800,9,10.7,6.2,1.6,55.76,1716.14
11,5,1,18.4,71.7,2800,7,5.4,6.4,0.0,46.55,1428.77
10,2,0,24.1,57.3,1500,6,6.1,5.3,8.4,34.39,930.76
3,0,1,17.9,62.7,5000,1,8.7,3.7,0.0,54.68,1565.86
6,4,1,31.3,34.6,1200,4,10.2,6.7,8.5,43.9,1302.0
10,5,0,20.5,48.1,3500,5,8.1,6.7,2.2,48.49,1472.72
10,5,0,23.2,50.2,2800,2,10.2,6.0,0.0,43.77,1301.07
12,4,0,8.3,86.9,1200,1,10.0,4.0,0.0,35.99,1070.93
9,2,1,22.9,45.2,1500,2,10.8,4.3,0.0,38.53,1157.46
1,5,0,11.0,49.4,2800,8,9.4,5.3,0.0,58.23,1742.36
5,1,1,24.3,38.1,1800,6,9.6,5.0,5.1,45.92,1376.13
4,2,0,17.8,59.2,800,2,6.9,6.1,0.0,26.43,686.22
8,6,0,26.5,54.2,800,9,9.3,5.3,1.9,42.47,1260.08
11,4,0,11.2,72.4,1500,8,8.1,4.4,0.0,41.64,1234.77
12,2,0,17.5,68.1,4500,4,9.7,6.0,0.0,58.34,1702.16
1,0,0,13.6,42.8,1800,7,10.5,9.3,0.2,53.39,1567.23
9,2,0,18.3,45.3,800,3,6.4,4.1,3.5,26.7,725.92
6,1,0,25.2,66.4,4500,6,7.6,4.5,0.0,54.31,1646.67
4,0,0,23.5,50.1,2800,3,4.9,5.1,0.0,36.88,1054.53
12,3,0,12.6,74.3,800,3,10.4,6.4,0.0,34.92,1042.16
9,4,0,22.9,53.2,2800,9,8.3,6.7,0.0,53.51,1583.22
11,4,0,17.7,47.7,800,6,4.5,5.4,8.1,24.06,713.47
5,2,0,27.5,47.0,1500,8,12.3,5.1,8.3,48.36,1491.76
5,5,0,19.5,39.1,1200,4,7.2,8.5,0.0,33.54,973.2
12,0,0,17.5,53.2,1800,4,6.6,7.1,0.0,36.76,1098.3
5,3,0,22.4,53.1,1200,8,8.8,8.4,3.2,44.99,1378.41
1,0,0,13.9,65.5,2200,7,7.1,6.8,0.0,48.9,1473.93
1,4,0,13.8,40.2,1800,5,10.8,5.4,1.7,44.41,1296.56
8,0,0,26.6,52.3,2800,2,5.3,5.8,0.0,36.2,1016.23
12,3,0,10.5,53.0,3500,6,8.7,8.3,4.9,57.04,1673.54
8,5,0,27.6,44.7,1200,1,7.8,5.9,1.0,30.63,927.06
12,2,0,22.4,61.6,1200,7,5.3,3.1,0.0,30.25,905.44
6,1,0,22.8,43.4,4500,9,5.1,8.0,3.1,56.8,1732.69
12,0,0,22.7,76.6,5000,5,5.5,7.7,0.0,59.96,1783.88
11,1,1,16.8,73.6,2200,5,6.2,7.4,0.0,42.85,1250.64
4,4,1,22.2,66.7,3500,7,5.4,3.7,0.0,50.28,1441.57
2,2,0,10.2,51.6,5000,5,12.1,6.1,0.8,69.4,2027.47
2,6,0,11.6,46.0,800,4,9.7,6.9,7.3,36.9,1059.86
9,2,0,23.7,56.0,4500,1,6.6,5.1,0.0,47.97,1498.07
5,0,0,21.3,48.9,5000,6,7.6,6.2,0.0,63.22,1843.41
4,5,0,21.1,45.2,5000,9,5.8,6.7,6.0,61.65,1796.84
10,2,0,20.2,43.4,3500,4,4.7,4.2,13.3,36.91,1075.27
1,0,0,22.3,58.8,1500,4,3.2,6.1,9.6,27.42,869.05
7,0,1,24.8,45.8,2200,5,9.1,4.0,5.8,43.29,1319.93
3,1,0,18.5,63.3,1200,6,2.3,5.4,0.0,24.89,735.19
6,2,0,30.0,58.0,1500,3,5.7,4.4,0.0,33.22,925.42
5,0,0,21.2,63.9,3500,9,7.1,7.2,0.0,53.94,1612.28
5,1,0,29.1,35.6,800,1,8.4,6.1,0.0,28.32,881.13
11,3,0,16.2,64.1,1500,6,10.4,6.5,1.9,41.5,1300.45
5,6,0,14.8,41.9,2200,6,6.6,6.0,8.9,35.85,970.01
1,1,0,17.0,44.7,1800,8,8.7,6.5,2.5,43.5,1262.68
1,1,0,9.0,54.2,1500,5,9.2,8.5,9.5,43.46,1300.55
3,0,0,13.3,67.8,2800,9,9.4,7.9,9.3,58.35,1799.06
12,4,0,18.2,55.5,2800,9,7.2,4.5,4.4,47.59,1360.74
10,4,0,20.4,76.3,1800,2,7.2,4.4,0.0,28.95,811.24
4,5,0,26.1,59.1,5000,5,8.0,5.2,0.0,59.25,1748.64
5,4,0,31.4,45.9,2800,7,9.7,5.3,5.9,53.61,1537.25
2,1,0,12.2,71.4,5000,2,6.5,4.0,1.9,50.72,1425.17
8,5,0,32.5,57.8,1200,7,9.6,6.6,0.0,48.79,1551.13
11,0,0,14.6,48.1,2800,9,9.1,5.8,0.0,54.82,1625.24
11,2,0,28.0,81.6,1800,8,8.0,6.1,0.0,46.3,1351.62
2,6,0,12.0,60.6,1200,9,8.5,3.3,0.0,43.85,1254.13
9,6,0,30.6,55.2,2200,4,5.1,3.0,0.0,37.31,1109.59
2,1,0,18.9,47.2,1500,8,9.7,5.0,6.9,47.79,1400.9
9,1,0,27.4,69.2,2800,9,5.2,6.8,0.0,53.83,1642.24
7,5,0,27.0,56.9,4500,2,6.6,5.9,0.0,50.1,1446.56
8,0,0,28.2,60.1,1800,3,6.6,6.8,0.0,35.64,1060.26
11,3,0,8.3,53.2,1800,1,10.4,4.0,0.0,38.27,1137.22
2,1,0,16.1,67.5,2200,1,8.2,6.1,0.0,34.26,1043.77
7,3,1,31.6,61.6,2800,6,10.5,7.9,0.0,59.45,1767.13
12,3,0,15.7,52.0,3500,1,9.0,6.5,0.2,45.65,1387.22
6,4,1,15.5,33.0,2800,5,11.1,3.6,10.7,50.15,1509.65
4,0,0,16.3,59.5,3500,6,6.8,7.3,0.0,47.35,1450.91
7,6,0,26.6,31.8,5000,9,6.0,6.4,2.9,62.3,1887.36
4,6,0,23.3,54.3,1800,6,6.2,6.3,0.0,41.28,1221.89
2,3,0,16.4,52.1,800,4,5.2,9.1,2.2,27.47,890.5
10,6,0,21.2,72.1,5000,1,5.4,5.5,0.0,44.54,1304.99
12,0,0,17.9,55.3,3500,6,3.8,6.5,0.0,43.96,1379.66
7,4,0,25.4,64.0,1800,7,5.6,5.8,3.7,41.74,1292.94
8,0,0,31.7,46.3,4500,5,5.8,5.1,5.4,55.18,1677.96
2,1,1,17.2,69.5,3500,6,9.6,6.1,0.0,55.78,1665.37
5,3,1,27.7,75.4,1200,8,8.2,5.1,0.0,44.3,1293.51
1,0,0,13.2,46.5,800,1,12.1,5.3,0.0,32.9,992.03
7,6,0,38.2,54.2,5000,8,13.4,5.3,0.0,76.94,2312.78
8,2,0,31.1,85.5,3500,2,11.4,2.1,0.0,48.73,1453.56
6,0,0,24.6,50.8,800,2,6.8,4.5,0.0,28.69,881.33
5,3,0,27.1,51.4,1800,8,8.8,7.2,1.3,51.43,1579.87
6,4,0,32.3,59.5,2200,2,7.6,6.0,8.1,37.58,1086.18
2,6,0,12.4,58.0,2200,8,7.5,5.4,0.0,47.09,1379.24
1,4,1,18.9,38.8,2200,5,6.7,5.6,11.0,40.34,1149.42
7,3,0,31.7,64.3,1500,9,5.7,4.7,0.0,42.78,1296.52
7,6,0,19.5,26.6,2200,9,5.4,4.9,8.7,41.99,1326.62
10,1,0,23.3,52.5,1800,8,8.3,5.8,0.0,43.32,1236.73
11,6,0,16.2,73.8,2200,9,6.5,5.6,0.0,46.9,1369.29
10,1,0,24.4,53.2,3500,7,5.5,4.6,0.0,47.72,1366.49
2,4,0,19.3,49.2,2200,8,5.7,5.7,5.0,41.89,1229.43
2,4,0,16.0,68.1,4500,6,9.0,3.9,0.0,60.09,1706.34
1,3,1,21.5,49.1,4500,9,6.9,8.3,4.2,62.5,1924.03
10,1,0,21.2,42.8,1500,2,5.6,6.5,2.6,25.41,792.58
8,4,0,31.7,55.8,2200,3,9.2,2.0,5.7,38.95,1176.78
8,1,0,32.6,50.3,1800,2,11.2,6.5,1.2,46.22,1427.06
1,4,0,13.6,44.4,2200,6,10.8,5.0,3.9,48.33,1487.98
12,6,0,18.6,67.6,4500,3,5.8,4.5,0.0,46.29,1385.76
11,0,0,15.3,64.9,1800,1,7.5,6.2,2.5,33.89,956.0
8,2,0,27.0,48.2,2200,4,10.3,5.2,6.1,44.56,1302.7
9,6,1,20.1,51.5,3500,5,7.3,4.9,1.8,52.24,1563.25
4,5,0,23.1,58.1,1500,4,3.8,3.4,0.0,24.79,708.72
1,0,0,15.5,73.6,2800,6,5.9,7.0,0.0,45.29,1436.49
1,5,0,19.3,55.9,5000,3,4.8,6.9,3.9,46.15,1391.57
3,4,0,21.6,62.9,1800,6,5.3,5.8,0.0,34.03,1025.55
5,2,0,24.7,57.5,1800,1,7.8,3.4,0.0,32.84,1027.82
5,2,0,20.7,61.2,2800,6,9.9,6.1,0.0,47.81,1446.76
9,4,0,27.9,55.5,2800,8,7.9,6.8,0.0,56.39,1679.77
10,4,0,27.0,46.6,1500,8,9.1,5.8,1.2,44.24,1395.32
12,1,0,18.5,54.5,800,1,9.0,6.4,1.2,27.13,833.45
2,4,0,20.0,61.6,1500,7,9.3,6.0,0.0,39.9,1174.77
2,3,0,14.1,79.3,4500,4,10.3,5.9,0.0,60.04,1809.22
6,4,0,26.8,44.2,4500,6,6.2,7.8,10.2,55.84,1651.35
9,3,0,22.7,64.7,2800,6,3.6,4.9,4.6,40.17,1168.18
1,4,0,13.7,55.4,3500,5,6.9,3.1,2.9,47.74,1467.74
9,1,0,25.6,56.3,1200,9,7.7,5.6,3.2,42.9,1264.44
9,3,0,26.9,73.2,5000,8,6.3,5.0,0.0,62.36,1836.27
9,0,0,25.4,64.2,1500,6,4.1,3.5,0.0,29.69,898.84
5,3,0,25.4,35.8,1200,4,4.9,6.3,1.3,30.67,967.3
9,6,0,22.5,48.1,2200,4,12.5,5.4,8.1,44.78,1248.89
11,1,0,22.2,74.4,800,9,5.9,3.2,4.5,34.64,1006.61
4,5,0,22.3,54.2,2200,4,10.0,7.7,0.0,45.83,1274.35
2,3,0,14.3,43.7,1800,7,7.5,4.6,7.6,39.42,1030.29
6,6,0,25.6,40.2,2800,6,9.0,4.7,2.1,47.2,1418.15
4,6,0,16.0,60.9,2200,2,7.2,6.6,0.0,36.23,1027.59
6,6,0,34.8,61.9,5000,5,10.2,6.1,0.0,67.2,2050.45
3,4,0,20.5,55.2,2200,3,7.7,6.9,0.0,34.77,989.07
6,6,0,21.6,79.7,4500,9,5.4,2.6,0.0,53.23,1623.33
2,4,0,18.5,67.4,1200,1,4.4,4.7,0.0,22.87,699.12
2,5,0,19.2,54.6,1500,4,4.9,5.6,4.3,29.27,836.02
9,1,0,26.6,45.2,1500,4,6.1,7.4,0.0,35.48,1041.73
7,2,1,37.2,39.0,1500,9,11.0,4.6,3.8,58.61,1766.11
3,4,0,19.0,59.0,2800,1,2.8,4.6,0.0,27.47,847.97
11,6,0,11.6,53.5,3500,2,9.4,5.4,0.0,49.75,1553.85
1,6,1,15.6,79.4,3500,1,10.2,6.2,0.0,49.01,1479.95
8,0,0,30.0,70.1,3500,1,7.7,3.4,0.0,43.0,1287.94
6,6,0,26.2,57.6,1500,1,6.3,6.3,0.0,34.99,1050.75
7,1,0,32.6,36.5,800,3,13.4,4.4,0.8,40.29,1197.21
9,3,0,18.5,46.9,2800,4,9.7,6.0,0.0,46.77,1382.03
5,3,0,30.5,65.7,1500,2,9.7,4.9,0.1,38.43,1110.9
1,6,1,10.0,52.6,1500,1,7.8,5.5,0.0,37.11,1130.67
12,0,0,10.6,73.5,1500,5,10.3,5.8,3.7,43.21,1258.42
10,4,0,21.5,63.2,5000,6,4.1,7.5,0.0,58.22,1754.34
7,1,0,31.9,51.3,1800,2,6.6,4.8,3.7,33.26,996.23
5,0,0,26.7,42.2,2200,3,8.6,4.8,9.1,37.08,1141.29
3,4,0,14.7,53.9,1500,3,6.9,6.9,0.0,35.55,1077.15
12,1,1,12.8,62.3,800,2,4.4,7.3,1.2,29.26,842.89
9,6,1,20.9,67.4,1800,4,7.2,4.8,0.4,34.23,976.98
1,3,0,13.0,48.7,800,5,11.3,6.5,0.1,39.71,1238.02
1,1,1,18.8,56.2,3500,8,8.0,4.5,0.0,55.47,1645.15
1,6,0,14.0,59.9,3500,6,7.1,6.6,0.0,52.9,1649.88
3,5,0,21.9,63.0,1800,9,2.0,7.3,0.0,39.79,1075.73
12,2,0,21.6,49.1,2200,3,6.5,4.9,6.5,32.99,997.85
6,1,0,26.3,34.2,3500,9,6.3,7.6,1.9,58.55,1795.0
10,2,0,21.2,65.6,2800,4,4.3,5.0,2.6,32.07,966.03
11,1,0,27.8,41.1,1800,8,4.1,5.8,0.6,38.11,1152.84
3,2,0,24.5,70.4,1800,7,10.8,6.3,0.0,48.59,1483.45
8,5,0,21.4,50.6,1200,7,3.9,4.3,3.9,31.54,983.41
10,3,0,23.7,38.9,1200,9,3.2,3.9,8.2,31.28,965.56
2,4,1,15.1,51.7,1800,2,11.2,5.6,0.0,41.52,1300.89
9,2,0,29.7,59.5,2200,5,8.7,4.4,0.0,45.35,1339.23
3,5,0,14.6,48.6,1800,3,7.7,3.5,0.0,33.9,1092.19
5,2,0,22.2,50.9,1500,7,7.0,6.9,0.0,42.53,1229.39
10,3,0,19.0,66.4,1200,3,7.5,7.6,11.9,29.45,926.61
8,2,0,26.4,50.1,1800,5,8.0,6.8,1.0,45.87,1393.85
2,5,0,18.7,46.3,2200,5,3.7,3.7,0.0,32.31,1070.15
6,6,0,23.6,46.4,800,2,3.6,5.5,2.0,19.51,598.74
12,5,0,12.3,77.0,800,1,7.2,4.6,0.0,26.02,811.52
5,0,0,17.9,70.9,2800,6,5.9,4.3,0.0,43.9,1242.62
10,3,0,26.5,33.3,2200,1,6.9,5.2,0.9,33.24,1035.65
9,6,0,31.7,68.1,1800,9,9.7,5.8,8.4,46.29,1401.38
12,0,0,13.6,63.0,800,5,7.7,5.2,0.9,32.75,1015.64
5,3,0,24.7,61.8,3500,1,5.7,6.6,5.8,34.48,991.52
2,6,0,17.1,50.9,1800,8,8.0,7.7,0.2,47.13,1391.45
5,2,0,32.6,29.5,1500,1,10.9,4.6,13.2,33.44,1011.37
12,6,1,16.9,67.0,3500,4,5.6,5.1,2.2,44.97,1345.9
4,5,0,18.9,41.2,1200,7,3.9,5.3,5.8,27.31,831.57
11,0,0,10.7,42.7,800,4,9.5,6.2,0.0,36.98,1116.84
7,2,0,25.0,34.8,1800,5,6.4,6.0,2.1,37.55,1104.17
6,5,0,29.3,57.2,4500,7,10.2,4.6,2.4,63.11,1882.54
2,3,0,12.1,59.2,2800,4,6.7,5.2,0.0,42.95,1254.89
12,6,1,15.9,69.4,5000,5,5.1,3.3,0.0,51.23,1660.97
11,5,1,15.5,67.4,800,7,6.4,3.3,0.0,35.07,1067.39
11,2,0,13.2,54.3,800,1,9.4,3.3,2.8,26.21,865.33
5,0,0,20.7,49.8,2200,3,5.4,4.9,0.0,32.15,917.69
7,0,0,37.0,44.5,2800,1,10.6,6.0,4.9,47.55,1422.52
11,6,0,22.0,56.8,4500,3,5.3,4.1,0.0,45.1,1332.92
7,5,0,37.8,39.1,1500,2,13.1,5.0,2.8,45.05,1369.32
5,2,0,28.4,55.4,2800,5,9.2,5.8,0.1,50.16,1513.99
12,1,0,13.1,72.9,1500,5,5.3,7.8,0.0,39.48,1133.24
9,3,0,32.0,45.2,4500,9,11.1,6.0,0.4,71.69,2172.11
4,3,0,21.9,67.9,1800,8,7.5,6.0,0.0,44.5,1347.04
11,2,0,19.0,60.7,1200,3,8.8,4.4,2.7,33.53,1019.16
3,1,0,17.8,57.9,5000,1,5.9,7.9,1.4,49.66,1541.66
4,0,0,8.7,32.1,4500,5,7.8,6.6,7.6,59.25,1820.15
5,6,1,33.2,29.0,2800,3,9.5,3.6,6.5,46.1,1456.13
6,4,0,31.1,51.7,1500,5,9.4,7.7,0.0,45.7,1386.25
3,4,0,19.5,64.5,1200,9,8.8,7.0,0.0,44.73,1383.03
2,6,0,14.8,49.4,1800,1,9.1,5.5,0.0,37.83,1126.33
4,2,0,22.7,72.5,1800,1,6.8,6.1,0.0,27.97,847.74
5,1,0,23.3,59.5,800,9,6.4,7.6,0.0,43.42,1328.75
4,1,0,24.8,41.6,5000,3,7.2,4.2,9.9,52.9,1564.76
11,3,1,12.1,59.7,4500,5,7.9,4.9,1.2,60.43,1815.68
12,0,0,15.9,89.7,3500,9,8.9,5.8,0.0,56.59,1640.04
3,5,0,20.5,40.1,2800,5,3.2,3.6,6.2,31.37,996.63
8,1,0,28.0,58.8,1500,3,8.1,6.4,8.3,36.1,1139.84
10,6,1,23.7,53.6,1800,9,8.9,5.5,0.2,46.44,1338.6
4,5,0,17.5,61.0,1200,7,4.8,5.1,0.0,30.47,966.2
2,4,1,10.7,72.7,3500,7,13.0,4.7,0.0,66.86,2049.36
2,5,1,16.1,52.9,1200,8,5.3,5.7,0.0,41.29,1253.1
1,0,0,17.1,72.8,800,5,6.2,5.7,0.0,34.04,1035.71
4,6,0,13.6,79.2,2800,2,10.3,6.7,1.9,44.95,1374.27
10,0,1,24.3,58.3,1800,9,9.9,7.4,5.5,50.99,1470.57
9,5,0,23.6,64.4,4500,3,7.5,3.6,1.7,47.7,1534.68
11,2,0,17.1,52.2,800,2,7.8,5.9,3.1,27.72,733.97
7,1,0,24.0,50.9,5000,5,10.5,7.3,0.0,63.97,1853.3
12,6,0,11.2,57.9,2800,8,6.2,5.5,0.0,47.63,1476.67
10,2,0,26.3,67.1,1200,3,4.1,5.0,3.9,26.54,837.5
7,5,0,30.1,65.1,4500,6,4.9,5.0,0.0,52.83,1661.58
7,1,0,28.3,49.4,2200,9,6.5,6.7,0.0,50.9,1531.7
8,3,0,28.4,70.9,2200,2,6.8,5.6,0.0,37.83,1093.36
1,2,0,16.2,77.7,2200,8,8.2,7.3,0.0,48.51,1458.24
10,2,1,24.0,67.7,3500,7,8.9,5.5,0.0,57.47,1762.45
10,5,0,21.7,51.3,3500,3,8.0,7.2,1.0,45.74,1340.93
8,4,0,33.8,45.2,3500,1,11.6,6.0,0.0,53.12,1545.6
4,5,0,26.4,42.8,1200,6,5.7,7.4,3.2,33.56,1008.23
4,2,0,23.9,63.9,4500,2,7.6,4.3,3.2,41.74,1219.7
4,1,1,22.2,38.0,800,3,4.9,7.7,4.1,26.89,798.87
6,4,0,31.9,58.1,1200,5,10.5,4.7,8.7,39.17,1147.3
7,5,0,31.4,37.7,3500,8,9.2,5.0,1.6,58.07,1768.31
6,6,1,33.7,59.9,1800,2,11.6,4.6,0.0,44.17,1304.86
1,5,1,18.0,59.5,5000,6,11.7,4.8,0.0,69.0,2046.69
12,2,0,10.5,76.0,5000,1,9.1,7.9,0.0,59.74,1823.93
8,2,0,24.0,66.2,1500,7,4.7,6.5,0.9,37.1,1063.04
10,3,0,18.8,74.7,1500,4,3.4,6.1,0.0,26.95,767.73
11,5,0,22.4,76.9,5000,1,4.6,2.3,4.4,42.05,1276.74
7,2,0,22.9,52.4,4500,9,8.7,7.8,2.5,66.92,1968.23
6,6,0,30.7,36.1,800,9,9.9,4.3,1.3,48.51,1513.84
6,0,0,30.6,37.4,2800,3,9.3,5.2,0.5,45.26,1310.4
5,4,0,31.2,25.6,3500,6,9.8,4.5,13.5,51.13,1528.53
6,0,0,29.7,37.0,4500,7,10.0,6.1,5.5,65.0,1910.94
12,4,1,9.0,60.8,1200,4,6.5,7.7,5.1,34.47,1099.93
9,6,0,21.7,48.3,800,6,8.2,4.2,2.6,33.39,954.17
10,5,1,16.7,55.3,1800,9,8.1,4.8,1.0,48.31,1535.6
9,3,1,23.6,60.9,800,6,3.9,5.8,5.2,29.4,885.75
10,2,0,21.2,53.9,1200,7,6.7,8.1,2.7,40.91,1218.99
8,2,0,23.7,39.0,1500,6,4.2,5.0,5.6,31.55,852.62
10,2,0,28.6,56.9,1800,7,9.3,4.6,0.0,47.52,1500.57
9,5,0,20.0,44.2,2800,1,6.5,5.3,6.6,34.46,1056.65
10,4,0,28.1,54.3,4500,6,6.1,5.6,0.8,55.97,1624.24
8,6,0,34.3,68.6,5000,9,10.8,4.4,0.0,73.49,2181.25
8,2,1,33.0,49.3,1800,3,11.2,4.7,10.7,43.72,1237.16
1,0,0,10.9,80.6,800,6,7.9,2.6,0.0,35.7,1035.99
10,2,0,23.5,74.7,2200,4,8.3,5.4,0.0,40.84,1220.05
11,5,0,12.3,52.4,2200,7,8.1,3.8,6.1,47.6,1501.66
5,6,0,30.1,37.3,5000,7,10.5,9.4,7.3,69.71,2203.43
4,3,1,21.7,51.9,2800,9,6.0,6.7,0.0,51.14,1558.19
2,6,0,13.2,71.3,2200,4,10.7,5.8,0.0,47.76,1362.74
8,0,0,23.4,46.6,2200,8,4.9,6.6,5.4,42.82,1389.42
3,2,0,6.9,65.9,4500,8,8.5,5.1,0.0,65.55,1886.75
4,2,0,17.3,67.0,800,8,5.5,5.6,1.7,33.52,1044.25
12,1,0,20.1,50.7,2200,8,6.5,6.6,1.8,42.68,1283.36
7,4,0,28.2,42.6,800,6,7.9,4.1,6.8,32.69,1036.18
10,0,0,21.2,66.1,3500,8,6.6,6.8,0.0,52.57,1543.1
9,1,1,28.9,56.8,3500,6,6.0,8.8,0.0,56.44,1739.77
2,6,1,23.2,49.3,4500,2,5.2,3.0,6.4,44.63,1404.2
3,3,0,24.0,50.8,3500,3,9.4,6.1,3.0,48.09,1461.15
4,4,0,17.6,51.7,5000,6,7.8,4.4,4.4,58.1,1743.59
10,0,0,13.3,38.7,4500,7,9.6,6.7,9.2,60.41,1858.22
1,2,0,24.6,68.5,4500,4,6.6,5.9,0.0,53.2,1656.4
7,6,0,40.2,44.9,1500,1,12.3,7.9,5.1,43.2,1275.04
2,0,0,15.9,24.1,1800,4,6.6,8.0,16.5,34.36,1002.24
5,2,0,20.3,50.4,1800,6,2.5,3.4,1.3,29.53,856.88
1,4,0,18.3,50.4,800,8,8.9,6.9,0.0,40.7,1119.86
3,2,0,17.5,75.3,2800,4,7.4,6.5,0.2,42.83,1326.9
12,3,0,14.6,53.0,1200,1,6.5,6.9,0.0,26.11,783.01
2,6,0,19.1,44.3,5000,5,6.6,6.2,0.0,55.49,1651.91
1,5,0,15.5,65.4,800,7,6.7,6.6,0.0,39.66,1169.84
7,2,1,24.7,42.7,800,6,10.1,4.1,3.3,39.22,1196.29
5,3,0,24.5,41.3,2800,3,8.4,5.9,4.5,41.61,1218.47
1,5,0,17.0,65.4,800,7,4.9,5.4,7.7,26.82,844.99
6,6,0,31.2,37.5,1500,4,6.5,6.4,4.8,37.01,1093.31
5,4,0,27.2,33.2,1200,5,8.4,5.4,3.1,38.0,1088.36
3,4,0,22.2,75.7,5000,7,6.6,6.4,0.0,59.06,1799.02
12,6,0,13.4,67.0,2200,2,9.3,6.1,0.0,39.86,1156.69
7,6,1,30.8,47.5,2800,4,8.7,6.4,0.0,48.46,1450.62
11,0,0,2.8,59.3,1200,4,10.2,4.3,2.4,42.32,1311.68
10,3,1,20.0,63.6,4500,6,7.3,9.2,0.5,60.65,1821.68
9,3,0,29.4,66.7,2800,7,9.7,6.1,0.5,50.65,1524.37
9,6,0,24.2,45.9,4500,4,9.5,6.3,6.0,55.73,1652.17
9,1,0,23.9,59.4,4500,1,8.3,5.2,2.6,51.21,1543.87
2,1,0,10.4,51.4,800,1,7.5,3.4,0.0,26.46,765.72
3,5,0,22.5,52.7,3500,5,7.0,6.7,0.3,49.19,1499.42
7,5,0,32.5,52.6,1200,1,8.9,5.5,0.5,35.78,1058.29
5,1,0,29.7,50.6,4500,3,6.7,6.6,7.4,52.83,1576.42
2,6,0,7.3,66.3,1200,9,6.5,4.9,4.6,42.35,1225.19
3,6,0,17.3,60.8,1800,3,11.6,4.8,0.0,37.72,1154.88
10,5,0,20.7,39.4,1200,3,5.0,5.7,0.2,30.83,900.44
6,2,1,27.7,33.7,3500,9,7.8,6.0,5.9,60.88,1777.2
7,6,0,27.2,46.2,2200,5,8.3,5.1,1.5,44.66,1316.47
9,1,0,24.4,76.9,5000,8,7.2,6.2,0.0,65.4,1998.65
1,3,0,17.8,49.1,2200,9,1.9,8.0,7.0,40.8,1250.1
11,6,0,9.4,56.8,4500,6,9.1,6.3,1.7,64.0,1819.33
7,6,0,38.0,44.2,1200,7,14.6,7.5,1.2,58.15,1713.25
8,2,0,31.1,45.9,1500,7,8.6,5.4,0.2,44.76,1407.54
12,5,0,14.9,62.1,2800,7,11.1,5.8,0.0,56.26,1744.3
3,6,0,22.1,71.8,3500,4,6.4,5.8,0.0,44.9,1290.6
4,4,0,15.5,58.0,4500,2,6.9,4.5,1.5,47.71,1471.73
10,0,0,19.0,47.9,1500,2,6.9,5.6,4.7,29.93,833.18
6,1,1,28.4,83.0,3500,7,8.3,8.1,0.0,63.93,1880.25
10,4,0,28.1,58.4,4500,7,8.2,8.3,0.0,62.14,1816.01
7,5,1,29.8,43.7,2800,7,7.5,7.8,3.5,55.11,1686.51
4,3,0,24.0,69.4,1800,8,4.2,6.3,2.7,36.88,1107.9
8,0,0,26.3,46.9,2800,3,8.7,4.2,2.9,42.67,1302.91
5,4,1,28.2,70.6,5000,5,8.3,9.2,4.5,62.39,1783.5
1,0,1,21.5,48.9,1500,6,9.5,4.8,3.2,40.47,1253.86
4,1,0,26.5,69.7,1200,8,7.6,8.1,5.9,42.69,1354.31
3,5,0,17.6,57.4,2200,8,4.0,6.3,8.7,40.65,1230.33
9,6,0,29.0,70.5,3500,3,9.0,3.8,0.0,45.87,1465.49
8,3,0,31.5,75.3,1500,4,9.3,3.2,0.0,40.22,1245.78
1,5,0,16.3,45.7,2200,6,6.5,7.7,1.0,42.65,1360.81
11,0,0,23.0,74.6,1800,4,7.8,4.5,0.0,38.68,1150.05
6,4,1,33.9,33.1,3500,4,10.9,3.5,7.2,55.3,1673.43
9,1,0,25.4,42.4,1200,5,4.9,5.1,5.3,30.67,889.57
7,1,0,32.9,41.0,3500,7,8.6,5.7,4.6,57.15,1649.18
4,5,0,20.3,58.5,1200,2,8.4,5.8,0.0,27.97,802.52
1,6,0,9.8,59.7,1500,2,7.4,5.7,6.4,31.81,967.11
12,4,0,13.9,58.0,2200,9,7.8,4.8,0.0,47.73,1375.21
2,6,0,14.7,59.3,3500,4,8.3,5.4,0.0,45.73,1377.01
12,6,0,7.6,67.1,2800,5,7.7,8.1,2.1,53.29,1500.81
5,4,1,29.9,58.7,3500,3,8.5,3.7,1.5,49.25,1462.62
12,0,0,2.6,73.1,2800,2,11.3,5.9,0.0,52.75,1594.22
11,5,0,30.2,81.2,800,8,8.1,4.2,0.0,38.73,1130.18
5,5,0,32.8,50.4,2200,4,6.5,4.8,2.4,40.52,1201.5
8,2,1,27.8,46.2,800,1,8.0,6.8,7.5,30.55,915.61
6,5,0,29.0,57.4,3500,6,7.2,2.5,0.0,50.01,1482.79
8,1,0,30.3,38.8,1800,6,10.9,8.7,5.4,48.93,1480.75
2,0,0,12.4,49.4,2200,2,9.4,3.3,6.4,38.58,1081.34
3,4,0,18.9,67.0,800,2,5.1,2.2,0.0,15.49,411.31
6,5,0,28.3,48.5,4500,8,7.4,5.8,2.1,58.98,1723.24
12,0,0,14.6,45.5,1800,7,8.2,5.1,2.7,42.89,1277.16
10,5,1,22.8,39.6,1500,2,5.7,4.3,0.0,24.81,825.64
3,4,0,12.1,55.6,800,1,5.6,6.1,2.0,22.73,707.96
6,3,0,29.1,63.7,1800,8,9.0,4.4,0.7,46.88,1329.19
6,4,0,29.7,63.5,1500,2,9.7,6.1,5.3,39.73,1201.3
2,4,0,15.7,58.8,4500,5,9.1,6.7,0.2,57.41,1697.49
7,4,0,29.0,74.8,5000,6,10.3,3.5,0.0,63.88,1895.93
12,5,0,20.2,58.7,2200,1,4.6,6.6,6.1,23.62,675.83
2,2,0,13.5,55.8,5000,2,9.8,6.4,0.0,58.27,1735.49
6,4,0,30.0,20.0,800,4,6.4,7.7,3.3,32.9,906.56
1,1,1,19.8,54.0,3500,2,7.1,5.2,1.7,40.68,1214.91
3,1,0,17.6,65.2,3500,6,5.6,4.3,0.0,47.42,1436.8
2,0,0,16.0,76.3,2800,4,8.3,7.3,0.0,47.23,1380.8
7,2,0,29.6,40.7,1800,3,5.6,5.4,2.2,32.86,961.97
4,0,0,27.6,58.0,5000,6,9.1,8.3,0.0,62.83,1831.14
8,1,0,27.8,65.1,1500,9,6.5,7.0,2.7,42.86,1267.53
6,6,0,34.7,50.1,800,8,11.1,5.8,1.9,51.4,1546.02
12,1,1,14.6,32.6,1200,2,8.7,3.9,14.5,30.16,896.28
10,3,0,18.1,60.5,1500,3,7.6,5.1,0.0,30.75,951.93
4,4,1,25.1,61.6,1200,2,7.3,6.6,7.7,33.72,1054.54
5,6,1,24.6,39.3,2800,7,4.7,3.4,5.3,42.82,1258.03
9,1,0,28.8,52.0,3500,9,11.3,5.3,1.7,63.96,1908.34
7,5,0,17.7,36.8,2200,1,6.7,2.7,0.2,33.64,959.52
10,5,1,22.0,26.7,2200,3,6.0,3.7,4.0,35.52,1043.88
9,0,1,23.9,67.3,3500,6,9.6,4.7,3.6,54.28,1630.72
7,6,0,25.2,50.6,2800,4,5.5,5.0,0.0,40.33,1243.82
12,0,0,12.6,79.2,4500,1,8.4,5.6,0.0,51.74,1547.76
1,4,0,11.4,69.6,5000,9,9.2,7.0,0.0,72.68,2194.26
12,4,1,14.9,55.7,1200,7,7.4,7.8,5.5,40.06,1141.61
8,3,0,22.8,51.5,1200,7,7.1,8.1,4.4,41.63,1259.87
4,2,0,23.4,59.3,800,1,5.6,6.9,0.0,25.8,734.88
3,0,0,24.1,66.6,3500,9,6.8,5.3,0.0,53.1,1663.63
7,4,0,31.3,54.5,1800,8,9.4,6.2,1.6,50.69,1602.36
12,0,0,18.7,73.3,5000,5,9.4,4.7,1.4,58.92,1837.01
3,4,0,22.9,51.4,2800,4,9.9,5.8,0.0,46.86,1364.36
8,1,1,34.5,40.5,3500,1,10.4,4.9,4.4,53.28,1627.94
6,0,0,37.3,49.2,3500,9,13.3,4.2,0.8,69.73,1979.77
5,1,0,23.8,53.1,4500,8,5.4,8.0,1.0,59.38,1829.56
4,0,0,18.8,38.1,1800,2,11.2,7.8,0.8,41.01,1228.69
8,2,0,32.5,36.5,1500,4,9.0,4.3,5.5,40.01,1118.28
8,3,0,32.1,57.9,1500,4,9.3,6.2,0.0,43.12,1320.65
12,5,0,18.6,55.1,4500,7,7.8,4.6,1.4,57.7,1715.43
1,5,0,22.5,57.3,1500,3,8.2,5.2,6.8,32.37,955.34
9,5,0,26.1,50.7,4500,8,7.2,5.0,6.0,55.5,1688.71
5,1,0,27.9,68.9,1200,7,4.1,4.8,3.8,31.54,991.1
4,6,0,17.6,67.6,2200,4,8.3,5.7,0.0,37.69,1142.71
6,4,0,38.5,35.2,2200,9,9.4,3.2,9.5,51.93,1454.45
6,5,0,27.4,43.6,3500,6,9.5,4.8,0.0,53.1,1604.91
2,2,0,13.7,67.7,2200,3,9.7,11.3,0.0,48.91,1420.56
8,5,0,27.4,59.7,5000,7,8.3,3.4,0.0,64.92,1969.11
7,0,0,27.1,50.2,1500,6,9.6,5.0,0.0,44.24,1341.66
1,1,0,10.7,45.7,5000,8,8.1,6.2,7.1,63.87,1901.4
5,6,0,23.6,42.5,800,5,9.5,5.2,0.0,33.85,1008.77
12,0,0,8.9,53.8,1500,6,10.0,4.5,0.0,43.96,1235.29
6,6,0,25.4,53.3,1800,1,6.9,6.6,0.9,30.51,984.9
4,0,0,30.8,72.9,2800,8,11.2,6.0,0.0,62.02,1871.94
2,0,0,18.4,49.3,4500,1,5.4,4.2,5.6,38.32,1157.63
4,3,0,26.2,40.2,3500,3,3.4,6.6,2.9,40.34,1220.33
1,3,0,19.3,58.0,4500,2,4.0,4.4,0.0,38.96,1084.01
7,4,0,38.3,63.1,2800,6,14.1,4.3,2.9,63.01,1930.66
2,1,0,7.1,40.1,2800,8,10.7,6.7,0.4,59.58,1765.33
2,2,0,9.5,74.9,2800,8,9.8,3.8,0.0,53.31,1600.55
9,2,0,22.4,52.9,1500,7,8.2,8.3,3.7,41.45,1212.44
5,2,0,23.9,41.9,1800,7,7.5,8.0,2.1,44.77,1283.91
2,0,0,13.7,38.3,2800,8,7.6,6.6,7.8,47.54,1397.64
11,3,0,16.0,67.8,3500,5,6.6,4.6,0.0,45.47,1351.38
9,1,0,27.0,52.9,1500,3,5.4,3.7,7.7,27.57,822.36
9,0,1,26.2,57.0,1800,2,5.4,1.3,0.0,26.93,781.06
1,6,0,10.7,48.5,2800,3,9.4,7.7,0.5,46.62,1389.62
11,3,0,8.2,55.5,800,3,9.5,3.8,0.0,37.03,1093.04
3,3,0,13.5,49.2,3500,7,9.2,6.2,0.0,54.59,1571.76
4,5,0,19.5,51.3,800,1,6.3,5.4,0.0,20.85,619.78
7,5,0,28.9,42.6,5000,7,6.2,3.2,0.0,60.43,1807.16
10,1,0,16.9,39.1,5000,6,7.7,4.7,0.0,58.76,1727.22
4,6,0,19.8,85.2,5000,2,6.7,3.5,0.0,46.69,1438.3
2,1,0,10.0,41.1,1800,1,9.3,6.3,6.2,37.85,1130.84
7,1,0,29.4,52.8,1200,9,8.8,7.2,2.6,43.96,1332.08
6,0,0,24.1,28.7,3500,2,10.9,4.8,0.0,49.77,1450.13
3,4,1,14.2,31.0,1800,4,5.7,4.1,1.6,33.64,974.7
6,1,0,23.0,51.2,2200,9,4.7,6.2,6.3,37.79,1117.17
11,5,0,17.3,61.4,800,9,3.7,7.6,0.0,38.66,1101.21
6,4,0,25.0,65.1,2800,1,7.4,2.9,0.0,35.59,980.82
12,0,0,19.2,64.8,3500,2,2.7,8.4,0.0,37.94,1195.66
5,4,0,27.8,48.9,1500,2,8.5,4.8,7.4,34.52,1006.1
4,2,0,21.7,41.1,1200,2,6.1,5.0,0.6,24.08,712.44
10,6,0,18.4,75.5,3500,8,5.6,8.2,0.0,51.86,1565.41
12,4,0,16.8,71.1,800,8,8.2,5.7,0.0,38.95,1155.66
1,1,0,17.1,44.4,1200,8,7.8,5.6,0.0,39.27,1123.99
10,0,0,22.6,58.0,1500,4,9.7,4.0,2.3,38.41,1195.98
6,6,0,36.1,51.7,1800,8,11.8,4.9,0.0,58.48,1729.82
2,1,0,17.1,53.4,2200,7,7.0,4.6,0.0,42.33,1295.53
3,6,0,22.1,64.3,1800,8,1.8,3.2,6.6,31.28,1001.14
8,5,0,29.5,62.5,1500,1,10.4,2.0,12.0,32.83,925.81
10,2,0,25.0,55.2,800,3,9.1,5.0,1.0,32.0,996.23
6,5,0,25.3,46.6,3500,6,9.9,3.5,0.0,52.46,1578.21
3,1,0,15.9,73.0,2800,1,3.0,6.1,0.0,26.11,742.25
7,1,0,31.6,61.9,1200,4,9.6,5.1,0.0,39.97,1218.17
4,1,0,23.5,53.4,1200,9,8.1,3.5,0.0,42.75,1287.17
9,3,0,28.3,35.4,1500,7,10.6,8.0,11.3,45.44,1335.67
5,2,0,31.0,54.8,4500,1,10.2,4.5,1.9,54.3,1714.66
3,6,0,11.6,63.4,4500,6,8.9,6.4,0.0,62.51,1892.51
2,1,0,10.7,24.4,4500,6,7.1,8.1,8.7,59.48,1735.19
11,1,0,19.0,62.4,3500,2,6.4,5.1,0.0,40.17,1219.92
2,6,0,11.8,52.5,1200,6,9.5,5.6,0.0,40.33,1201.69
3,5,1,33.2,52.3,800,2,11.2,7.4,4.6,42.47,1223.09
2,5,0,17.4,46.6,2800,8,3.9,5.4,0.0,43.31,1288.8
4,1,0,21.6,50.7,4500,7,6.8,7.3,8.2,54.97,1666.53
2,0,0,12.8,74.2,800,6,5.5,5.5,0.0,29.63,847.15
10,3,1,19.8,52.1,1500,6,6.9,5.9,6.5,37.79,1070.8
9,5,0,26.1,66.6,800,9,5.2,6.1,5.2,40.79,1161.81
2,0,0,15.6,47.8,5000,9,4.7,5.3,3.1,59.33,1720.3
9,3,0,23.9,64.1,3500,2,10.5,4.4,0.0,46.54,1420.24
6,1,0,27.7,50.0,4500,3,5.2,4.3,0.0,48.08,1460.79
1,2,0,20.0,63.6,5000,7,5.0,3.8,0.0,53.94,1576.74
4,4,0,28.2,52.6,1500,9,8.1,5.2,0.0,46.01,1370.59
1,4,0,15.1,67.0,1200,6,3.6,5.2,1.2,34.04,962.14
6,1,0,22.9,20.0,2800,1,8.1,5.7,10.4,35.91,1048.15
4,5,0,24.4,35.5,2200,7,5.6,5.6,4.0,38.55,1126.65
3,0,0,25.0,60.0,1800,1,5.2,6.7,0.1,26.98,822.86
3,2,0,24.2,30.5,2800,5,8.8,7.0,4.1,49.31,1532.31
9,6,0,29.3,48.6,2800,9,5.8,7.9,0.0,53.98,1570.18
6,3,0,35.3,49.3,1500,9,11.2,5.6,0.0,54.69,1603.41
9,1,1,26.2,45.1,1200,1,7.6,4.3,0.7,29.25,889.79
5,2,0,28.8,42.4,5000,6,8.5,3.5,1.9,62.6,1813.2
2,2,0,12.0,60.8,4500,3,8.6,7.3,4.5,53.98,1578.24
8,5,0,30.2,64.6,1800,9,9.0,4.2,1.8,49.34,1518.74
5,3,1,32.0,39.2,2800,3,4.7,3.9,10.3,39.92,1252.65
2,2,0,12.4,50.6,1500,2,6.8,5.5,4.6,29.57,845.2
4,5,0,18.1,43.7,4500,8,5.0,5.3,0.0,57.3,1681.81
9,0,0,26.4,25.9,1500,3,9.8,7.5,0.9,36.68,1130.55
4,5,0,21.0,54.2,1200,5,6.3,4.3,0.0,30.77,966.23
12,0,0,18.0,71.2,3500,6,6.9,5.6,0.0,48.98,1455.67
12,0,1,13.0,72.2,1500,1,12.1,2.3,0.0,34.25,995.69
12,6,0,22.8,49.6,5000,7,2.5,7.5,4.8,51.97,1581.74
4,6,0,16.2,37.5,1500,7,10.3,3.2,9.2,42.07,1276.39
2,2,0,20.7,57.8,4500,5,6.1,9.2,0.0,52.9,1583.56
12,5,0,11.6,70.0,1200,9,7.3,5.7,0.0,43.59,1388.53
6,6,0,20.8,51.9,5000,2,5.0,4.8,8.2,43.75,1321.85
11,0,0,19.1,62.8,800,5,5.6,5.5,0.4,29.79,840.7
2,6,0,13.9,71.2,1500,2,11.1,3.6,0.0,37.34,1137.32
12,3,0,10.1,51.1,1200,2,9.7,6.2,8.1,33.94,985.61
7,2,0,22.4,48.0,3500,9,7.8,5.3,7.4,52.74,1572.84
3,5,0,18.0,74.6,2200,7,5.4,5.2,0.0,41.59,1280.45
3,5,1,22.4,52.6,4500,4,6.6,7.3,5.0,53.73,1648.95
5,4,0,28.6,35.5,1200,8,10.1,3.2,9.5,44.58,1202.97
3,5,0,18.3,47.0,4500,4,9.1,5.1,6.0,54.11,1595.93
2,2,0,17.2,46.2,3500,1,4.5,4.9,7.8,28.05,816.97
10,3,0,21.9,61.8,2200,3,7.9,5.5,0.0,39.09,1170.76
9,5,0,19.6,44.2,1200,1,6.1,4.3,3.3,22.4,630.63
2,4,0,8.7,60.8,3500,2,10.4,4.7,6.4,49.87,1481.43
11,2,0,17.1,50.5,1800,2,6.1,8.0,0.3,28.89,861.39
2,0,0,14.3,32.0,1800,7,11.1,6.4,3.0,48.18,1368.21
8,1,0,32.8,56.2,4500,4,10.1,4.2,1.2,60.04,1791.81
9,1,0,29.4,56.8,2800,9,7.3,6.9,0.0,52.83,1627.01
7,0,0,32.7,56.9,5000,2,8.5,5.3,1.9,59.82,1737.32
3,6,0,16.7,46.9,1200,9,9.0,7.0,0.0,47.03,1415.85
9,5,0,19.8,45.6,2200,6,7.8,5.3,7.9,39.0,1172.35
3,1,0,19.9,59.8,2800,8,6.5,4.6,0.0,49.14,1391.55
5,6,0,28.4,68.9,4500,7,7.4,3.2,1.6,58.62,1741.65
9,1,0,15.3,55.1,1800,8,9.6,7.5,0.0,52.0,1555.04
12,0,0,11.3,65.1,3500,9,7.9,6.9,0.0,58.55,1811.77
3,5,0,14.9,51.1,3500,8,6.7,6.3,1.9,54.55,1619.11
7,5,1,30.5,32.1,1800,6,13.9,6.6,6.8,57.99,1755.71
12,6,1,11.5,71.6,800,8,9.6,7.7,0.0,49.74,1459.53
1,0,0,13.8,70.2,1500,8,8.0,3.3,0.0,44.01,1332.97
4,6,0,21.1,61.0,1200,2,5.1,5.3,2.6,25.88,814.97
4,5,0,21.3,50.3,1500,2,5.7,2.5,0.0,27.46,748.44
7,5,0,26.8,57.8,2200,1,10.2,4.5,1.0,34.34,1035.75
8,2,0,26.1,63.2,800,2,9.2,5.7,0.0,30.4,935.3
1,6,0,9.1,78.8,2200,7,8.3,5.2,0.0,45.68,1363.71
5,2,0,27.7,62.5,1200,3,7.3,7.9,0.0,31.71,961.47
7,0,1,32.6,51.4,1800,4,6.8,5.0,0.0,40.4,1245.37
12,3,0,11.6,44.3,2800,4,9.3,4.2,3.1,45.24,1295.14
4,1,0,28.8,54.4,5000,4,0.4,5.4,0.0,48.86,1482.72
4,2,0,20.6,55.6,2800,2,3.0,3.6,2.5,25.98,832.36
4,1,0,28.9,61.0,1200,6,8.6,4.3,5.9,38.87,1146.36
12,4,0,12.2,76.2,4500,1,3.4,6.5,3.0,45.66,1340.91
6,0,0,19.8,48.9,2200,5,10.9,7.0,0.0,45.95,1349.48
7,3,0,31.8,75.9,5000,2,7.5,5.4,0.0,59.39,1794.68
2,4,0,16.2,36.4,5000,9,8.4,6.8,7.8,62.46,1937.46
5,4,0,26.2,55.7,1800,2,10.1,8.3,1.1,39.14,1267.39
4,5,0,19.1,42.9,800,6,7.1,5.5,3.1,34.49,1105.33
3,4,1,17.8,32.1,5000,4,6.9,4.1,0.3,53.98,1603.84
7,0,0,27.7,48.2,5000,6,6.9,6.4,2.8,60.04,1762.49
11,2,1,16.6,41.8,4500,2,4.7,6.5,7.1,49.06,1402.46
12,0,0,18.9,58.1,2200,2,5.7,6.6,0.0,33.51,1025.38
6,2,0,29.8,50.4,2200,7,8.8,7.4,3.8,47.22,1548.81
7,4,0,32.7,64.1,2800,3,9.5,6.8,0.0,50.48,1523.68
5,4,0,25.0,32.6,800,3,5.3,6.1,2.9,24.47,749.52
6,3,1,27.4,60.9,5000,7,10.0,6.7,0.0,69.44,2081.26
5,2,0,20.8,51.8,2200,8,3.2,6.4,0.0,38.51,1180.32
7,4,0,28.3,63.0,3500,7,9.4,3.3,2.8,53.99,1591.71
2,5,0,0.1,52.3,4500,3,14.0,2.7,0.0,67.63,2043.51
11,1,0,15.3,43.3,2200,3,8.2,3.7,0.9,35.62,1055.12
5,3,0,25.6,36.1,1500,7,10.7,6.9,8.4,46.34,1411.67
6,0,0,31.5,34.5,2800,3,10.0,4.6,3.0,48.49,1454.15
6,3,0,27.7,55.7,3500,2,10.8,5.4,0.0,50.36,1534.17
5,1,0,27.6,68.4,1800,7,2.6,8.0,0.0,38.03,1099.87
10,2,1,12.2,50.7,5000,3,10.5,6.9,9.0,62.48,1923.44
7,0,0,29.7,58.2,1800,5,9.8,2.2,5.0,41.34,1283.96
10,0,0,14.4,39.2,1200,7,9.0,6.8,6.6,41.31,1225.85
8,2,0,23.5,54.7,5000,2,8.0,5.3,5.0,51.51,1519.92
7,6,0,29.2,58.7,1800,8,7.5,4.8,2.3,45.07,1295.25
5,6,0,31.7,33.3,1800,2,10.7,4.7,6.3,40.26,1155.39
1,3,0,15.7,56.9,800,4,11.2,4.9,4.3,34.86,1028.17
5,4,0,26.1,59.3,1200,4,3.8,3.4,1.5,25.71,778.23
10,6,0,21.9,22.3,1500,8,8.6,6.2,7.3,43.89,1325.76
2,3,0,11.9,73.5,3500,1,8.5,8.4,0.0,51.22,1615.03
5,6,0,23.6,54.9,5000,9,5.5,7.4,2.3,67.11,1990.27
5,1,0,27.9,59.3,2200,6,5.6,2.6,1.4,38.94,1140.7
2,5,0,8.8,52.5,1800,4,10.4,5.8,3.0,42.61,1274.11
5,4,1,28.7,30.0,1200,6,11.5,6.0,2.1,47.29,1377.48
4,3,0,20.3,58.9,3500,6,5.4,4.1,0.0,44.59,1406.52
1,5,0,17.7,58.3,2800,9,8.3,4.1,0.0,53.16,1675.47
3,5,0,22.3,55.4,3500,4,6.4,6.7,2.0,43.76,1348.45
1,6,0,6.5,72.4,4500,8,7.1,6.0,0.0,64.07,1963.98
12,2,0,12.5,69.1,5000,1,8.2,4.4,3.5,49.86,1488.52
11,1,0,14.2,82.4,2200,6,6.7,6.5,0.0,46.19,1415.98
5,1,0,17.8,52.5,2200,5,4.9,8.7,0.0,39.65,1245.67
4,1,0,17.4,44.2,1800,3,6.2,5.7,1.5,31.48,929.93
7,4,0,41.0,48.4,1500,4,11.4,5.8,4.9,48.43,1517.38
5,0,0,28.7,55.7,3500,8,10.3,5.8,0.0,58.81,1763.23
10,4,0,30.6,69.7,2200,2,8.9,4.6,0.0,40.98,1224.98
4,3,0,25.7,34.9,3500,8,4.6,7.0,8.8,50.26,1468.32
2,5,0,11.7,57.6,1200,7,11.2,5.4,8.6,41.52,1255.53
4,5,0,20.3,71.8,5000,1,7.0,5.8,2.3,46.6,1448.4
12,0,0,17.7,57.1,5000,2,7.6,7.5,0.0,53.01,1488.61
2,3,0,17.0,68.7,5000,7,8.9,6.8,0.0,63.89,1932.14
8,0,0,26.3,58.4,2200,3,7.5,3.4,2.8,35.17,1087.76
3,5,1,11.2,66.5,5000,2,7.9,3.2,0.0,55.74,1677.56
9,6,0,40.8,45.3,800,1,12.6,7.0,0.0,45.21,1267.76
4,4,0,21.4,42.8,1200,7,7.4,5.5,13.8,35.14,993.05
6,1,1,27.5,50.2,2200,3,8.7,5.7,2.7,44.9,1343.4
10,5,0,22.5,39.1,2200,6,8.1,4.4,9.2,40.86,1150.51
5,2,0,24.9,47.4,2800,8,7.4,6.7,1.2,50.47,1634.93
10,1,0,22.6,60.5,4500,6,4.5,8.4,0.0,53.22,1655.0
1,5,0,19.8,80.7,800,7,5.1,5.9,0.0,32.36,924.15
9,4,0,25.4,59.8,5000,6,10.1,6.6,0.0,66.48,2033.7
1,0,0,8.8,66.8,1800,7,9.7,7.6,0.0,53.3,1629.15
8,6,0,28.2,66.5,4500,5,5.9,8.0,7.5,54.59,1621.39
9,6,0,23.9,43.4,2200,9,4.4,4.9,4.7,39.03,1215.13
9,1,0,32.4,53.0,800,3,6.7,5.9,0.0,31.5,851.11
1,4,1,19.3,88.4,5000,6,8.2,7.5,0.0,60.53,1800.52
2,6,0,15.6,56.6,4500,9,8.2,8.2,0.0,65.44,1939.68
12,6,0,9.3,73.4,2200,1,13.2,4.5,0.0,43.31,1380.19
1,3,0,8.5,70.9,1800,5,10.9,4.5,0.0,46.62,1355.38
10,2,1,22.1,39.8,4500,4,7.6,5.2,6.2,53.21,1627.14
2,1,0,16.6,61.2,5000,9,11.3,5.4,0.0,70.75,2091.56
10,0,0,20.3,59.3,3500,1,4.3,4.7,7.0,31.99,1007.52
12,6,1,12.9,64.0,1800,4,5.4,6.0,0.0,36.71,1081.88
8,3,0,26.3,43.5,3500,1,8.7,4.3,2.4,45.16,1300.15
5,4,1,25.9,37.3,2800,3,7.0,7.6,10.7,43.22,1295.25
12,6,0,4.3,54.3,1500,4,11.6,4.8,8.0,41.99,1297.67
11,2,0,13.0,58.2,1500,1,10.8,4.2,0.0,35.58,1090.92
7,0,1,27.2,64.9,800,5,9.4,3.7,3.3,39.9,1129.82
2,4,0,20.5,79.3,2200,6,9.2,7.5,0.0,44.95,1276.58
8,4,0,25.3,69.3,4500,1,5.5,3.2,8.8,40.35,1181.55
11,1,0,18.8,69.7,2800,4,8.5,6.1,0.0,44.89,1302.38
6,6,1,29.9,37.9,4500,4,7.1,6.4,11.0,54.05,1580.91
8,1,0,34.8,47.6,3500,1,13.5,1.0,0.1,50.44,1492.44
1,0,0,19.7,61.8,1200,2,7.3,3.2,0.0,22.88,713.03
1,6,0,13.7,51.7,4500,5,9.2,4.9,0.4,59.32,1767.17
12,5,0,12.9,66.9,1800,2,7.3,8.0,0.0,38.01,1086.98
7,6,0,27.0,59.3,2200,3,6.7,4.7,0.0,35.75,1031.23
8,5,0,27.8,58.9,4500,9,8.9,5.1,0.0,63.65,1929.47
3,4,0,16.0,67.3,2200,5,11.0,4.4,0.0,47.46,1418.79
5,1,0,28.5,39.8,2200,1,11.4,4.0,7.7,39.11,1141.26
12,2,0,17.0,71.2,2800,5,7.9,4.5,1.0,40.18,1233.82
1,6,0,16.7,51.0,3500,3,6.4,4.3,1.7,42.4,1308.32
7,2,0,35.7,39.4,5000,1,11.6,4.0,0.0,61.93,1892.35
5,6,1,34.4,57.1,3500,3,12.5,4.2,0.0,61.77,1848.56
8,4,0,29.5,67.1,2800,6,9.0,5.0,0.0,52.49,1534.21
8,1,0,33.9,58.4,1800,5,9.1,6.9,0.0,48.55,1446.36
9,0,0,24.4,55.2,1200,1,8.4,3.4,0.0,26.15,752.56
7,0,0,35.3,54.4,5000,2,9.8,4.2,7.6,56.12,1565.1
11,0,0,22.8,61.0,2200,5,5.8,4.7,0.0,37.95,1127.88
1,6,0,18.5,45.8,2200,9,6.6,5.9,0.0,46.01,1283.6
3,6,0,18.4,40.1,1500,5,8.1,4.4,4.0,36.11,1050.63
8,2,1,25.9,51.6,1500,5,7.0,8.6,0.0,41.94,1231.97
3,1,0,11.7,56.0,800,1,8.7,6.0,3.2,31.69,1020.21
8,6,0,28.7,52.6,2200,5,8.6,7.0,2.5,44.93,1294.54
1,1,0,20.9,67.4,1500,8,5.3,6.2,5.9,36.6,1108.5
5,2,1,24.6,48.1,1200,9,10.2,8.0,1.2,49.9,1482.79
4,6,0,25.5,59.3,5000,3,11.0,3.6,7.9,55.77,1693.83
5,0,0,29.8,48.9,2800,4,8.0,4.6,5.0,46.8,1374.16
8,0,0,27.7,74.4,1500,7,6.4,4.5,0.0,39.25,1106.46
10,4,0,27.9,58.5,3500,7,7.1,5.4,0.0,57.9,1741.82
4,5,0,8.9,80.6,5000,1,10.5,7.5,0.0,58.08,1743.18
11,3,0,12.5,63.6,5000,6,8.4,8.9,0.0,65.77,1981.55
4,5,0,17.9,49.9,800,9,4.4,7.3,2.9,35.06,1038.3
3,6,0,14.3,44.2,1200,5,7.7,5.4,6.2,36.94,1092.19
7,1,0,31.5,33.4,4500,8,10.0,7.5,7.5,66.21,2022.5
3,6,0,19.3,43.1,800,9,8.5,8.1,3.5,40.38,1243.46
12,1,0,16.8,49.4,1500,3,10.8,7.1,5.7,35.89,1040.51
3,1,0,20.7,59.7,3500,1,5.2,4.9,4.8,37.44,1116.52
11,5,0,13.7,53.0,4500,2,6.9,5.0,0.2,45.93,1323.82
10,3,0,16.5,59.7,2200,5,6.8,4.5,2.3,38.53,1181.46
5,4,0,27.8,66.1,1200,7,6.1,5.3,0.3,42.31,1290.09
5,5,0,23.2,49.6,1500,6,5.3,4.4,5.3,34.61,1102.01
6,3,0,21.9,74.9,5000,4,4.9,5.3,0.0,52.86,1618.96
8,0,1,33.3,38.4,3500,9,10.3,5.9,5.4,69.29,2086.74
10,0,0,28.3,55.7,800,4,6.5,4.1,0.0,30.26,1023.87
6,1,0,35.9,43.5,1500,3,12.1,9.3,4.1,48.82,1480.23
12,2,0,15.9,71.2,5000,5,9.8,5.9,0.0,62.02,1885.61
1,6,0,16.8,32.5,3500,4,5.0,7.3,1.2,43.69,1229.23
8,6,0,35.1,35.2,1200,2,7.6,7.0,6.2,33.62,1045.15
8,1,0,26.0,51.2,2800,3,6.4,8.2,0.0,44.92,1456.35
9,2,1,31.0,73.6,5000,7,8.2,4.3,0.0,65.99,1992.59
9,3,0,27.2,57.7,1800,2,10.4,4.4,0.0,38.03,1176.18
2,0,1,19.2,41.3,1200,1,6.4,2.4,1.5,21.45,693.42
2,6,0,15.9,43.1,1500,2,8.4,2.8,9.0,30.2,987.1
3,5,0,23.8,75.1,3500,8,7.7,4.3,3.5,55.57,1694.52
1,2,0,15.0,51.9,1800,8,6.0,5.6,0.4,38.01,1069.09
4,3,0,15.3,41.2,3500,2,7.2,5.1,7.7,44.02,1330.9
4,0,0,28.5,70.2,2200,6,8.2,10.4,0.0,51.52,1580.57
9,5,0,21.7,67.1,4500,7,7.0,6.5,0.0,59.73,1823.29
9,2,0,31.6,70.3,4500,1,6.3,6.6,0.0,50.7,1514.14
9,1,1,25.6,43.6,2200,7,6.2,5.9,0.0,46.85,1388.96
10,1,0,27.3,39.2,3500,8,7.9,3.8,5.7,54.29,1612.44
7,1,0,35.1,52.3,2800,9,9.4,6.3,2.7,58.27,1741.39
2,6,1,17.0,61.5,4500,8,4.4,3.4,0.0,54.88,1652.3
10,3,0,24.3,61.9,5000,3,5.5,5.0,9.1,47.78,1457.8
5,1,0,27.9,68.4,2200,8,5.3,6.8,0.0,47.63,1445.82
4,6,0,12.9,31.7,3500,3,11.2,4.4,8.0,49.57,1467.67
12,4,0,15.6,70.3,800,6,7.0,5.9,0.0,35.02,997.1
11,6,0,13.0,46.2,4500,4,8.3,4.5,0.0,52.91,1604.32
8,0,0,29.7,62.8,1500,7,6.7,4.0,7.2,42.15,1251.47
2,6,0,9.9,51.8,800,8,9.8,6.5,0.0,45.91,1449.63
6,3,0,23.6,40.2,2800,6,8.2,7.2,5.1,45.31,1400.35
5,5,0,33.2,43.4,4500,4,7.8,7.0,6.3,59.39,1797.04
12,6,0,19.9,42.7,1500,8,4.5,5.4,7.4,34.28,994.4
2,1,0,15.1,58.0,800,7,6.8,2.4,0.0,34.29,967.89
11,0,0,18.8,50.1,1500,8,3.9,5.9,5.0,39.96,1198.91
10,2,0,20.9,66.9,2200,7,6.8,7.6,0.0,45.95,1385.07
1,1,0,16.6,67.0,4500,3,8.8,3.3,5.3,52.06,1483.65
8,0,0,25.9,72.8,5000,3,4.6,8.0,0.0,51.81,1575.61
2,4,0,19.5,61.9,5000,9,8.2,2.8,0.0,62.53,1878.12
7,2,1,28.9,56.9,1800,7,10.1,6.3,0.0,50.98,1409.21
9,4,0,24.1,71.8,4500,1,1.2,6.3,0.0,35.62,1030.09
9,5,0,26.1,47.5,2200,3,5.3,7.5,0.0,35.69,1035.17
8,0,0,26.3,34.6,1500,1,6.4,5.8,8.6,29.28,823.49
11,4,0,19.5,61.7,2200,6,7.6,5.1,0.0,41.79,1271.14
12,5,0,12.7,42.9,1200,2,9.4,5.5,8.6,30.28,988.87
10,0,0,24.1,86.9,2800,7,5.1,4.7,0.0,43.46,1324.66
9,0,0,31.5,72.5,800,8,12.4,2.8,0.0,45.8,1402.45
2,4,1,11.8,83.5,2800,6,7.4,5.2,0.0,50.96,1493.89
6,0,0,28.3,50.7,2200,5,6.5,6.2,4.5,39.71,1214.24
4,1,0,24.1,59.1,5000,4,4.6,6.9,0.0,51.5,1536.75
4,0,0,20.0,47.0,3500,9,5.9,5.2,0.0,49.04,1471.24
5,3,0,28.1,61.3,2800,8,9.9,8.0,0.0,60.98,1802.24
12,5,1,17.6,45.4,3500,5,5.2,5.2,7.6,44.51,1264.28
3,0,1,22.9,24.5,2200,1,7.0,5.8,15.5,31.37,982.48
1,3,0,11.3,49.8,800,8,9.3,6.9,0.0,44.93,1355.16
8,0,1,24.7,35.0,5000,8,7.0,5.9,2.0,65.57,1956.79
5,0,0,24.6,68.4,2200,7,7.7,5.6,0.0,44.1,1405.15
3,4,1,13.6,76.8,1800,7,10.0,8.0,0.0,52.21,1521.46
10,1,0,24.5,40.7,2800,8,7.6,3.3,1.3,48.45,1482.31
7,5,0,24.8,66.2,2200,1,9.2,5.2,0.0,38.6,1250.39
7,1,0,40.5,62.1,800,3,9.6,2.5,6.2,37.38,1140.25
1,2,0,19.8,40.5,1200,4,5.5,2.7,8.5,23.97,666.9
12,4,0,15.1,55.3,1800,6,5.6,5.5,1.9,37.35,1164.53
9,4,0,29.9,48.0,4500,9,9.8,5.1,2.0,67.34,1995.65
2,1,0,7.7,66.5,2200,4,12.4,8.5,2.3,53.31,1571.65
5,6,0,37.4,35.9,3500,6,10.3,5.2,0.8,60.81,1783.69
5,4,0,23.3,49.5,1200,9,7.3,7.6,3.1,42.99,1362.98
8,1,1,28.4,44.3,4500,9,5.2,6.0,0.7,60.06,1783.58
8,4,0,20.6,58.2,2200,6,6.2,3.8,9.7,34.44,991.8
7,0,1,32.2,48.1,1800,5,6.0,2.9,0.0,42.44,1329.31
7,1,0,25.0,44.2,5000,3,7.3,3.3,2.1,50.85,1454.06
12,1,0,15.5,57.4,2800,5,3.8,6.0,0.0,38.94,1171.09
11,3,0,15.6,83.8,1800,3,11.0,7.7,0.0,43.25,1266.9
6,4,0,24.1,45.0,4500,5,6.8,4.1,6.0,50.92,1554.88
6,4,0,25.3,37.5,1500,1,7.1,6.4,1.7,28.95,849.45
11,1,0,19.0,66.3,1200,6,10.4,5.3,0.0,41.77,1189.59
9,0,0,20.2,53.3,3500,7,6.4,4.1,0.0,45.87,1382.57
6,0,0,25.6,33.0,1800,2,4.2,5.7,2.6,24.42,711.94
12,5,0,18.1,86.8,1800,3,6.0,7.7,0.0,35.82,1112.49
2,0,0,26.8,53.3,5000,9,11.6,5.8,7.8,69.29,2081.72
2,4,0,17.2,53.0,1200,8,5.3,7.0,4.0,37.98,1235.77
5,6,0,21.9,52.6,800,4,5.4,5.9,4.5,25.09,727.65
4,3,0,20.3,73.3,3500,8,9.3,6.3,0.0,58.94,1820.97
11,1,0,18.1,39.2,4500,8,5.3,4.6,14.7,51.23,1521.14
2,2,0,13.5,60.8,1500,6,8.1,6.3,0.3,40.4,1206.55
3,3,0,22.1,80.0,1200,1,9.0,2.9,0.0,28.86,899.83
7,6,0,31.0,52.2,1800,2,7.9,5.7,6.0,38.14,1101.82
8,2,0,33.0,37.7,1200,4,8.0,7.5,4.3,41.79,1307.19
12,3,0,13.7,52.6,1200,4,4.5,8.1,2.3,26.52,826.76
6,0,0,34.9,52.5,2200,2,8.0,3.6,0.0,36.2,1121.61
11,4,0,17.3,75.3,2200,9,5.3,6.6,0.0,43.01,1332.41
5,6,0,21.6,46.6,4500,2,5.5,4.1,8.5,40.0,1226.04
1,2,0,23.8,69.2,5000,6,7.6,5.8,2.8,58.48,1785.01
8,6,0,20.7,35.3,1200,5,6.0,8.4,7.7,31.95,1017.74
3,3,0,14.7,37.7,800,4,5.4,6.7,8.1,27.55,826.75
6,4,0,26.1,44.2,1500,6,10.3,4.6,3.0,43.79,1305.66
3,6,0,29.3,72.3,2800,4,6.3,4.3,1.3,40.69,1242.48
7,2,1,38.1,51.5,2200,9,14.7,5.9,1.1,68.61,2062.8
7,1,0,36.7,54.1,4500,7,11.0,5.8,0.0,70.08,2144.5
12,3,0,13.6,63.3,4500,3,10.3,5.5,6.7,55.51,1749.24
9,1,0,36.9,68.3,1200,4,11.8,3.2,0.0,43.29,1256.14
5,0,0,27.7,43.3,5000,1,11.0,8.1,7.6,59.01,1774.72
8,1,0,33.3,60.8,1800,6,9.6,8.7,0.0,48.95,1420.65
10,1,0,22.8,47.5,800,2,6.0,5.9,0.0,27.67,820.63
10,5,0,21.8,81.3,1200,4,6.8,4.1,0.0,28.33,843.21
8,3,0,27.8,42.9,2800,5,7.5,4.6,0.0,46.31,1371.76
1,0,0,13.1,48.7,2200,8,9.3,4.4,5.3,48.04,1481.91
12,1,1,17.8,66.6,3500,3,10.1,3.8,0.0,48.6,1474.14
5,4,0,27.7,51.6,5000,6,4.6,4.6,6.6,51.59,1520.71
3,2,1,17.9,58.9,2800,1,6.8,5.7,1.2,36.57,1137.9
1,1,1,20.8,62.1,2800,9,10.5,6.1,0.0,57.63,1723.77
4,0,0,8.6,39.4,1200,1,8.9,7.4,6.8,32.57,953.15
8,1,0,31.2,71.9,3500,2,11.1,2.9,0.0,51.63,1503.07
3,2,0,21.2,65.7,1200,1,7.8,3.8,0.0,28.65,793.56
10,0,0,27.2,73.8,3500,8,5.0,2.8,0.0,49.14,1453.28
2,3,0,14.8,51.2,4500,4,8.5,5.6,3.2,55.54,1668.83
11,0,0,18.9,64.3,800,2,7.1,7.6,0.1,29.28,920.14
9,3,0,30.4,57.4,5000,7,15.2,5.0,1.0,74.46,2141.82
10,0,0,28.7,71.0,4500,8,3.1,7.8,0.0,60.25,1891.38
5,6,0,24.6,64.6,5000,9,3.8,6.9,4.5,57.04,1676.58
7,2,0,31.2,53.0,2200,5,8.6,6.8,5.0,46.11,1365.95
11,2,0,25.6,41.1,1800,3,6.7,6.2,4.7,35.22,1040.87
11,0,0,8.4,80.7,800,1,8.0,7.8,0.0,34.43,1004.49
2,6,0,12.0,64.2,5000,8,7.1,5.5,0.0,64.37,1917.39
9,1,0,32.6,47.7,1800,6,10.8,6.6,2.4,50.36,1500.08
9,2,0,30.9,59.9,1800,5,7.3,8.3,0.0,46.74,1395.35
4,3,0,24.4,34.4,1800,7,5.9,4.2,8.5,34.11,1094.64
4,3,0,20.0,65.2,1200,5,8.3,5.2,4.0,31.62,915.53
6,4,0,25.0,32.3,1800,4,8.9,6.3,12.4,35.36,1143.32
10,5,0,19.3,54.8,1200,5,5.6,4.2,0.0,27.37,845.64
10,6,0,29.0,60.4,4500,7,5.5,4.3,5.4,53.53,1536.03
10,5,1,19.2,70.0,3500,6,8.3,8.6,3.8,56.75,1665.09
6,5,0,29.4,51.3,1200,9,6.6,4.7,0.0,45.25,1314.73
12,3,0,11.7,67.6,1200,2,11.4,4.7,0.0,38.02,1139.6
1,4,0,17.8,59.0,1200,7,7.8,6.0,4.5,39.53,1245.28
9,5,0,23.6,54.6,800,1,6.4,5.7,0.0,25.1,789.63
2,5,0,14.6,58.5,2800,8,8.8,5.0,0.0,52.4,1526.22
5,0,0,18.4,48.4,2800,4,2.9,5.1,5.6,34.28,1083.08
9,0,1,18.7,34.8,800,8,9.7,4.3,0.0,43.01,1243.36
4,0,0,22.0,43.3,800,8,5.9,5.0,1.6,34.9,1006.86
11,1,0,12.0,62.3,2800,4,9.0,6.4,0.0,48.05,1488.7
3,5,0,27.5,52.0,2800,4,6.8,6.8,0.0,44.71,1387.55
7,1,0,20.7,48.8,1800,5,5.7,7.0,0.0,35.16,1091.48
6,4,0,25.3,46.1,1500,7,10.5,5.7,0.0,42.99,1290.6
8,6,0,29.0,42.1,5000,6,7.9,5.3,1.9,61.86,1852.43
3,3,0,16.4,49.1,2800,1,6.5,3.1,0.0,33.68,957.71
5,5,0,21.0,47.0,800,6,7.4,5.1,0.0,30.99,929.14
10,3,0,17.7,57.6,1500,3,7.6,5.6,5.9,30.57,886.8
4,6,0,17.5,57.2,800,9,10.2,7.5,1.8,46.2,1377.98
4,0,0,20.7,50.3,1500,3,2.1,2.4,0.0,21.8,757.27
4,5,0,30.8,40.1,1200,9,8.0,5.4,1.4,42.75,1297.06
10,2,0,22.4,40.7,2200,5,3.6,2.1,6.9,28.23,797.01
8,1,1,34.3,83.7,1500,8,12.5,3.4,0.0,56.98,1765.35
6,1,0,31.2,36.4,3500,9,6.5,7.9,0.2,57.36,1781.23
3,5,0,23.0,48.8,4500,9,7.3,3.9,0.1,59.65,1854.05
10,6,0,9.4,63.7,3500,7,6.9,5.9,0.0,52.53,1554.45
5,0,0,24.6,55.0,1200,1,6.1,6.6,0.0,25.14,749.19
6,1,0,34.8,56.3,3500,8,8.1,5.1,3.5,59.62,1731.83
5,0,1,23.4,45.4,1500,7,6.7,3.9,5.3,39.66,1259.97
6,4,0,36.9,52.9,3500,4,14.8,5.6,5.5,65.66,1975.39
8,3,0,35.6,53.2,800,6,7.5,7.9,1.9,46.33,1328.23
7,6,0,27.9,46.9,1200,2,5.8,6.7,0.0,29.28,952.82
5,2,0,23.7,53.6,800,4,8.0,5.0,0.0,30.87,895.57
10,3,0,17.4,70.2,5000,8,6.8,5.0,0.0,63.34,1882.44
6,3,0,26.1,49.7,1200,4,5.0,7.1,2.5,32.91,940.2
4,4,1,16.5,52.3,1200,4,6.4,3.2,0.0,32.44,918.89
12,1,1,17.0,72.8,2800,4,4.2,6.8,0.0,39.57,1204.63
9,2,0,19.4,66.5,3500,9,5.5,5.1,6.3,50.83,1493.56
4,1,0,24.7,71.5,1200,2,5.2,3.0,1.4,22.68,611.78
1,5,0,16.8,38.3,1800,7,7.9,3.1,10.3,37.06,1156.39
7,3,1,22.5,61.5,1500,3,7.7,7.8,0.0,37.56,1149.44
7,5,1,37.0,57.9,2200,4,5.5,5.1,7.1,45.82,1455.05
4,0,0,24.3,41.9,5000,1,7.2,3.8,1.5,48.0,1423.23
3,3,0,21.4,58.0,1200,3,1.5,5.2,6.7,18.76,564.6
8,1,0,25.5,65.1,2200,2,7.4,4.3,0.4,32.21,975.82
5,3,0,28.8,40.7,4500,7,11.5,4.9,6.4,63.66,1916.08
10,0,0,27.1,62.8,2800,6,7.1,4.9,2.2,46.85,1416.8
7,4,0,29.6,61.1,1800,1,9.1,5.1,0.2,37.09,1098.26
4,5,0,31.0,39.6,4500,8,10.5,6.9,6.4,71.62,2067.5
4,5,0,22.2,50.8,1500,9,7.9,3.6,0.0,40.4,1224.96
8,1,1,34.1,56.1,1800,1,11.6,7.1,0.3,46.5,1420.88
8,3,0,30.2,42.9,5000,5,9.6,4.1,6.5,60.67,1804.96
2,1,0,17.7,47.0,2200,7,5.5,6.1,3.0,40.95,1340.38
2,4,0,7.6,55.9,2800,2,11.3,5.1,0.0,48.0,1418.53
3,3,0,19.7,64.6,1200,6,9.4,4.4,0.0,34.26,999.65
12,3,0,11.8,67.7,5000,8,9.7,7.5,0.0,71.63,2168.87
12,1,0,11.3,49.7,4500,8,9.3,4.6,6.2,61.87,1866.68
3,1,0,25.8,62.8,3500,8,4.1,7.9,0.0,51.07,1461.27
1,0,0,13.0,49.3,5000,6,6.3,6.6,2.0,59.64,1825.05
3,6,0,13.5,35.7,2200,6,6.8,4.5,7.9,40.19,1185.16
6,6,0,27.3,45.6,2200,3,5.7,3.5,3.2,28.22,902.33
8,4,0,23.1,66.0,5000,2,6.3,6.8,0.0,48.3,1466.99
12,6,0,21.5,67.9,2200,5,4.3,3.8,2.8,32.08,951.82
10,0,0,18.9,57.5,5000,9,8.4,5.7,0.0,69.55,2143.87
6,5,0,31.3,45.0,800,4,8.3,6.4,9.7,32.41,947.6
5,3,0,32.1,46.0,4500,5,7.1,6.2,2.0,57.32,1659.5
4,1,0,19.7,53.8,1500,6,4.5,5.3,0.3,34.22,965.27
3,3,1,20.4,42.2,4500,6,6.3,4.5,6.5,54.24,1638.12
4,3,0,17.4,48.3,2200,4,6.5,6.5,1.1,38.34,1232.12
7,2,0,41.0,48.1,1200,4,12.1,2.6,2.8,45.63,1362.48
1,5,0,18.2,43.1,5000,8,6.3,6.2,5.7,56.19,1719.9
7,2,0,29.1,40.6,1800,5,11.9,3.6,0.0,43.75,1326.51
1,6,0,10.5,64.3,3500,5,10.9,4.2,1.6,53.83,1596.31
2,3,0,14.6,57.6,4500,9,6.2,6.5,0.0,60.67,1745.51
4,1,0,20.5,48.8,3500,4,2.3,4.3,2.2,37.56,1134.29
1,3,1,22.8,48.4,2800,7,5.8,7.4,0.9,48.58,1493.6
11,5,0,12.5,78.3,3500,5,6.3,6.6,0.0,48.23,1467.38
12,2,0,15.7,49.9,1800,9,4.1,4.9,8.8,37.42,1107.32
11,1,1,17.9,62.3,800,8,8.2,5.5,0.2,42.98,1265.61
11,3,0,17.5,53.5,2200,8,7.0,4.1,0.0,43.99,1291.18
9,4,0,25.5,55.4,4500,3,9.6,6.0,1.5,56.69,1671.05
12,5,0,14.5,65.5,2800,9,7.8,8.3,8.8,52.59,1579.73
6,5,0,32.9,33.6,2200,8,9.1,4.0,1.3,48.06,1434.75
1,4,0,16.7,59.3,1200,3,4.7,5.6,2.8,27.16,837.56
1,3,0,15.9,73.6,2200,1,6.3,5.6,0.0,32.58,933.74
6,5,0,15.3,71.1,1500,5,4.1,3.6,0.0,31.68,949.22
4,1,0,23.3,50.9,1200,4,8.8,3.9,0.0,33.87,1014.52
4,3,0,14.5,53.0,1500,8,5.3,3.1,0.7,41.46,1220.92
11,3,0,20.9,85.9,1800,6,6.5,6.4,0.0,36.47,1107.93
6,2,0,35.6,63.6,1200,5,9.9,5.0,4.6,40.84,1185.04
12,5,1,10.9,52.6,1800,9,9.8,4.8,0.0,53.21,1649.97
11,5,0,16.8,51.9,1800,6,7.3,8.7,8.4,40.1,1222.08
7,4,0,27.3,62.1,2800,3,5.2,2.6,0.0,35.92,1102.1
9,2,0,31.6,42.9,2200,6,8.5,7.5,4.7,48.41,1449.07
10,6,0,22.4,70.6,3500,4,9.0,2.2,0.0,45.42,1347.81
5,2,0,33.8,54.7,3500,5,8.2,4.7,0.5,52.64,1546.71
9,5,0,27.9,61.2,1500,6,10.4,3.1,0.0,41.37,1203.63
4,3,1,23.1,49.4,5000,9,8.0,4.7,4.2,67.07,1943.29
10,2,1,22.3,49.9,3500,3,6.7,4.5,3.9,45.8,1378.18
2,4,1,18.8,75.0,3500,1,5.2,4.0,0.0,43.45,1334.94
3,2,1,10.2,52.0,1200,2,9.8,5.6,4.4,38.04,1086.22
11,4,0,18.4,54.4,1500,8,5.8,7.1,0.2,41.71,1310.82
1,6,0,13.7,58.4,1500,4,10.4,5.2,0.7,40.85,1154.73
6,2,1,32.2,52.3,2800,7,6.8,6.2,6.2,53.49,1643.15
6,4,0,28.1,37.6,1800,2,8.7,7.5,9.2,36.62,1060.55
1,2,1,9.3,52.6,1800,8,9.6,4.8,5.7,50.36,1559.36
11,6,0,18.0,51.9,800,9,7.6,7.3,0.0,40.22,1240.93
3,2,0,13.1,65.1,2800,7,9.8,9.5,0.7,60.01,1919.54
5,1,0,17.3,40.0,4500,1,5.3,7.8,5.8,47.32,1391.55
3,4,1,21.3,33.9,4500,2,4.3,7.6,12.3,42.73,1181.25
10,6,0,24.6,33.9,4500,9,7.5,7.0,8.4,62.65,1794.41
3,4,0,20.1,37.4,2200,7,8.2,7.4,2.0,44.75,1333.23
10,4,0,27.9,73.8,2800,3,7.6,4.6,0.0,45.43,1370.3
3,0,0,15.0,55.2,2200,5,10.7,5.4,0.0,44.56,1304.51
5,6,0,19.6,56.7,1800,1,5.8,4.8,0.4,28.39,868.09
5,2,0,25.7,57.1,1800,3,6.0,4.3,0.0,32.5,1015.2
4,4,0,20.4,53.2,1800,4,7.1,5.6,0.0,31.32,965.88
1,5,0,10.2,58.4,1800,4,8.1,4.6,0.0,43.14,1292.42
5,0,0,25.6,63.2,2800,7,6.3,5.8,5.5,42.92,1249.53
10,1,0,19.2,59.3,2800,5,7.1,3.4,0.0,38.93,1205.34
5,4,0,17.7,67.5,2200,9,8.9,5.1,0.0,47.22,1478.78
4,4,0,20.0,59.9,5000,7,6.9,7.7,9.6,60.76,1795.75
6,0,1,23.8,42.6,4500,2,7.1,5.5,7.4,48.17,1392.4
10,2,0,23.0,51.5,2800,8,10.4,7.8,2.9,53.61,1660.25
4,5,0,19.0,43.8,5000,2,8.0,4.3,3.2,51.3,1553.47
7,1,0,35.0,65.3,2200,7,9.5,5.3,0.0,50.73,1535.47
7,4,0,37.2,45.8,1800,5,13.1,5.8,0.0,54.92,1724.96
2,2,0,18.1,47.9,2800,6,6.4,5.3,3.9,43.32,1218.9
3,6,0,11.0,58.8,1800,4,10.2,3.3,3.4,41.39,1232.16
1,5,0,20.8,58.2,4500,5,7.1,6.4,0.0,50.01,1517.3
8,6,0,36.0,56.0,3500,5,10.5,4.0,0.0,60.02,1891.27
9,5,0,26.1,77.7,2200,7,6.1,5.7,0.0,46.09,1380.49
4,1,0,28.0,63.5,2800,4,8.0,2.2,2.4,43.85,1293.75
6,3,0,26.4,50.3,3500,5,6.7,4.5,5.3,47.96,1448.55
9,5,0,17.6,38.1,1200,4,7.5,5.2,3.7,31.15,967.39
6,3,0,25.5,44.0,5000,4,8.2,6.2,0.0,61.58,1901.06
12,6,1,22.9,68.5,3500,8,2.6,3.9,0.0,44.02,1386.79
12,5,0,8.4,45.9,4500,5,10.5,4.2,8.0,56.27,1602.02
12,1,0,15.1,85.7,2200,9,13.6,8.5,0.0,63.52,1871.07
9,0,0,26.2,55.2,1500,5,6.9,8.4,3.8,35.32,1098.46
4,1,1,19.7,53.1,1200,8,8.4,6.6,0.0,45.38,1373.13
8,1,0,26.9,44.5,1200,3,9.3,7.2,0.0,34.62,1058.19
9,0,0,26.3,61.0,1500,7,4.3,5.1,7.1,35.46,1035.66
4,0,0,19.5,38.6,800,1,7.4,6.1,11.7,20.31,620.13
5,2,1,19.6,76.6,800,5,4.7,6.4,0.0,30.08,891.97
8,5,0,29.9,68.3,3500,2,8.3,3.8,0.0,48.52,1476.96
12,6,1,19.9,71.8,4500,8,3.4,6.1,1.8,52.54,1599.09
10,2,0,25.9,40.8,2800,6,8.4,5.2,0.0,51.52,1560.21
6,0,0,25.3,52.5,3500,5,6.6,6.1,6.3,47.11,1425.68
12,3,0,9.4,74.5,800,3,12.2,4.5,5.2,37.99,1132.07
7,6,0,28.7,57.8,800,1,5.6,2.9,2.8,23.74,783.72
3,3,1,25.1,43.0,5000,8,9.0,5.8,0.0,71.04,2181.54
7,1,0,32.9,42.9,2200,5,10.4,6.7,9.5,48.65,1461.99
12,4,0,18.2,54.6,3500,9,5.1,7.1,2.3,49.19,1514.37
8,1,0,32.9,45.3,2800,7,6.5,3.0,2.4,48.04,1532.45
10,1,0,23.9,75.8,1800,1,6.3,5.4,0.0,26.63,758.25
6,4,0,29.5,26.9,800,1,9.0,6.1,2.1,30.29,877.29
10,5,0,25.0,65.4,1800,7,5.1,5.9,3.5,37.68,1134.27
9,0,0,23.5,39.5,4500,7,4.9,7.0,3.8,51.78,1567.5
6,3,0,22.6,38.5,800,9,8.5,3.8,4.0,36.95,1084.46
12,1,0,18.3,35.9,1200,2,5.2,3.5,5.3,24.25,759.26
9,4,0,31.6,48.4,4500,7,10.3,6.6,0.0,66.84,2001.52
4,2,0,17.0,70.6,1200,2,9.6,4.7,0.0,31.16,983.98
8,1,0,32.6,55.7,5000,2,7.9,7.0,0.8,59.05,1741.45
11,3,0,25.6,44.9,1500,5,4.9,6.0,9.0,34.68,1001.72
4,0,0,22.0,64.7,1500,9,8.0,4.6,2.4,41.63,1240.11
2,1,0,11.4,72.3,2800,9,8.3,4.5,0.0,56.5,1688.21
10,1,0,22.6,58.7,1500,1,5.6,2.3,0.0,23.16,654.49
11,5,1,15.5,83.7,5000,7,10.5,6.7,0.0,73.32,2204.37
9,4,0,23.2,64.9,4500,3,6.1,5.1,0.0,50.16,1475.32
5,2,1,27.9,58.9,1800,1,8.6,6.5,7.0,35.87,1161.59
4,2,0,14.8,42.9,2800,2,4.6,5.6,3.3,34.86,1043.12
2,6,1,8.6,65.0,4500,6,9.6,5.8,1.1,64.22,1943.18
1,0,0,14.1,61.9,1800,2,6.3,6.4,0.0,33.18,939.32
11,6,0,17.9,65.6,2200,2,5.9,5.1,0.0,30.33,934.66
7,3,0,31.5,42.5,3500,4,8.0,4.9,0.0,49.5,1448.74
6,0,0,37.4,51.5,4500,3,13.5,5.3,7.8,67.4,2063.13
2,1,1,15.5,47.7,3500,8,6.3,7.1,4.8,55.41,1592.99
8,1,0,31.6,26.7,4500,8,8.1,4.4,2.8,63.76,1911.37
11,2,0,13.6,71.3,1800,6,11.3,7.0,0.6,48.05,1487.98
4,3,1,25.5,34.5,800,4,6.6,5.5,8.9,29.73,899.8
8,4,0,26.6,53.8,2800,7,6.4,5.1,5.6,45.39,1355.4
7,3,0,30.3,54.7,2200,9,11.0,6.2,2.2,55.91,1737.46
5,1,0,25.5,54.6,1800,2,7.4,7.0,1.8,33.51,968.35
10,4,1,26.6,54.1,1200,6,7.9,7.4,0.0,40.94,1175.52
10,3,0,16.1,60.8,800,7,8.1,6.3,5.2,34.24,980.23
12,3,0,4.8,65.7,5000,1,13.5,6.0,1.5,65.55,1921.24
8,4,0,28.0,61.3,1200,6,6.0,5.7,3.7,33.82,1033.3
9,1,0,28.1,75.8,5000,8,10.4,4.9,0.0,72.36,2157.25
5,3,0,26.7,53.5,2800,7,4.7,6.4,5.1,42.08,1306.66
10,4,1,27.5,58.3,2800,2,6.3,4.5,0.4,39.38,1202.12
5,5,1,28.0,39.8,1200,2,6.3,3.7,7.4,29.83,911.33
2,5,0,12.5,62.7,2800,4,8.3,4.8,0.0,41.3,1160.86
5,1,0,15.5,58.7,1500,5,6.1,3.0,7.5,32.38,997.16
3,4,0,16.9,52.7,3500,5,9.8,3.6,0.0,49.14,1530.43
7,5,0,34.6,57.2,1800,2,11.1,8.2,5.2,43.17,1299.76
10,4,0,20.2,54.0,5000,7,6.2,7.4,0.4,60.17,1761.6
5,3,1,26.1,58.7,2200,8,5.8,5.4,7.7,46.27,1318.25
8,1,0,30.8,63.5,1500,2,11.7,6.0,0.5,39.76,1237.62
1,5,0,9.4,70.1,800,4,9.7,4.0,5.5,34.36,1035.4
3,6,0,20.8,56.4,800,3,5.6,6.3,0.4,27.24,756.02
3,3,0,25.4,42.5,1800,4,7.0,5.8,0.0,36.11,1100.49
9,6,0,25.2,47.7,1800,5,6.8,4.4,3.6,34.5,1034.02
5,6,0,20.9,57.8,5000,6,7.7,5.1,0.0,58.02,1812.12
12,0,1,14.8,89.4,4500,2,10.1,4.6,0.0,55.55,1630.27
9,0,1,16.0,50.9,1800,6,5.6,6.9,6.8,38.74,1178.97
9,1,0,27.5,60.5,2800,9,6.6,5.8,0.0,53.0,1643.38
1,5,1,16.0,52.7,3500,8,6.3,3.4,9.1,49.52,1506.37
2,5,0,22.6,45.8,4500,1,7.1,4.4,2.1,46.1,1375.93
5,5,0,25.1,42.6,1800,9,9.2,4.7,0.0,47.8,1418.82
4,4,0,23.8,27.5,800,2,4.1,3.0,8.1,15.05,437.46
10,3,0,18.1,73.7,2200,1,4.8,4.0,0.0,30.04,878.37
9,5,1,24.4,28.2,800,6,6.3,2.4,5.7,28.19,814.17
7,3,0,23.1,47.5,1800,1,7.7,3.7,0.0,31.34,991.36
6,1,0,28.1,35.9,3500,6,6.2,5.9,10.1,48.18,1492.59
7,6,0,28.6,40.1,3500,2,7.5,5.9,6.1,44.56,1369.56
1,5,0,15.3,75.8,800,7,6.3,6.5,0.0,33.87,1026.07
1,1,0,11.2,61.7,5000,7,10.5,7.1,1.3,68.76,2071.26
8,5,0,29.3,40.9,1200,4,8.3,7.2,0.7,39.68,1119.98
2,0,0,13.6,50.4,2200,2,6.8,3.7,5.8,30.77,954.44
12,2,0,13.6,50.8,2800,7,5.9,3.6,10.2,41.93,1258.47
10,1,0,22.4,57.0,800,1,5.6,5.2,5.0,22.14,610.34
11,5,0,18.2,61.4,1200,2,6.3,6.0,0.0,26.05,828.68
9,2,0,29.4,77.7,3500,2,10.2,3.9,0.0,49.03,1463.62
7,1,0,29.5,27.7,2800,1,10.6,5.5,6.9,43.72,1345.34
6,4,1,27.4,49.6,2800,9,5.6,8.6,0.0,53.51,1625.06
1,5,0,13.2,55.5,2800,6,10.3,3.6,4.6,50.47,1473.33
1,4,0,10.8,70.7,3500,3,10.5,5.3,0.5,52.13,1597.49
2,0,0,13.5,61.8,5000,6,7.2,7.2,0.0,60.28,1778.35
6,5,0,38.1,57.1,5000,7,12.6,5.4,0.0,77.26,2242.91
6,6,0,24.8,54.1,1200,3,5.6,5.9,0.7,29.12,907.04
2,0,0,13.8,46.3,1200,4,9.0,6.8,9.0,35.71,1080.32
1,2,0,12.3,73.9,2200,1,13.5,4.6,0.0,44.09,1327.76
10,1,0,20.9,67.1,3500,6,6.5,4.0,0.0,43.69,1344.73
5,3,0,24.5,61.7,1500,6,6.4,5.4,0.0,36.7,1049.4
5,0,0,27.3,65.8,1500,9,5.3,4.3,2.8,36.27,1045.27
2,3,0,7.4,62.5,1800,2,10.2,4.4,0.0,41.97,1209.04
6,3,0,33.6,67.8,1500,5,11.8,6.2,3.2,46.08,1361.15
9,1,0,28.8,59.5,1500,5,6.9,5.8,0.0,39.25,1192.52
2,2,0,9.5,54.9,4500,7,10.5,7.2,0.0,65.25,2049.23
10,1,0,11.8,57.4,3500,5,8.2,5.8,3.5,49.05,1460.58
2,5,0,10.7,57.2,3500,4,8.3,4.2,0.0,48.31,1456.66
3,0,0,16.9,48.8,1200,2,8.2,3.7,3.7,31.41,878.09
7,3,0,41.6,70.3,5000,8,8.4,6.7,0.0,72.89,2161.99
6,1,0,31.4,53.6,2800,5,8.7,5.9,6.2,51.95,1465.94
12,1,0,6.9,61.1,1500,4,12.2,5.1,1.6,47.04,1513.75
8,1,0,25.8,57.2,5000,9,7.1,6.4,9.2,63.47,1818.97
8,0,0,28.7,88.3,5000,2,8.3,4.1,0.0,55.01,1627.01
6,2,0,30.1,36.4,2800,3,8.5,1.6,3.8,41.9,1250.53
12,6,0,9.2,49.9,2800,8,13.4,7.4,0.0,65.26,2037.38
11,1,0,17.4,42.8,4500,4,7.8,6.4,0.0,56.07,1692.17
10,0,0,18.8,54.7,4500,9,4.1,5.8,0.5,55.48,1601.19
3,3,0,13.0,57.9,2800,9,6.7,4.6,0.1,52.2,1552.42
3,5,0,19.2,49.4,3500,9,6.7,5.6,8.5,55.03,1653.64
1,6,0,17.5,52.9,1800,1,9.6,2.5,0.0,28.87,837.05
7,4,0,33.8,52.4,800,6,11.2,5.8,5.6,43.78,1280.0
5,6,0,28.6,44.6,1800,6,10.3,2.7,2.7,45.61,1331.62
4,6,0,19.8,56.2,4500,8,4.1,6.0,8.3,49.03,1435.52
10,0,0,25.2,70.9,4500,7,8.5,4.6,0.0,58.13,1702.0
4,4,0,23.4,60.6,1200,7,5.2,5.5,5.3,31.73,911.57
4,1,0,22.6,63.1,3500,2,6.2,3.5,0.0,39.66,1174.3
6,1,1,26.2,63.0,800,4,9.3,7.7,3.0,39.17,1208.11
8,6,0,26.7,55.9,1200,1,6.6,5.6,7.1,24.51,677.28
8,0,0,29.3,50.6,4500,7,5.6,4.7,0.5,57.68,1693.12
5,4,0,37.0,41.4,1800,4,10.1,5.1,0.0,45.48,1366.13
6,1,0,30.3,45.3,1500,9,9.0,8.3,0.0,54.0,1642.73
4,3,0,19.2,46.2,1200,6,7.9,4.2,0.0,35.89,1142.55
12,2,0,11.3,68.8,2800,6,7.1,3.9,0.0,47.87,1467.01
11,2,0,15.8,63.5,1800,9,6.5,4.2,0.0,46.05,1387.63
9,1,0,35.8,63.4,1500,8,10.9,4.8,1.9,53.4,1599.83
8,4,0,27.1,38.6,1500,6,8.9,7.8,5.3,42.12,1257.13
10,5,0,26.1,74.7,1500,6,7.9,4.8,0.0,39.88,1143.09
12,1,0,13.4,54.9,4500,6,8.0,5.0,0.0,55.86,1692.63
10,5,0,23.2,44.3,5000,4,5.2,5.7,0.9,49.88,1475.85
1,5,1,17.6,54.1,5000,5,8.8,5.5,2.3,62.04,1867.1
2,4,1,12.5,87.3,2200,3,11.0,6.8,0.0,51.12,1490.63
9,5,1,23.1,50.3,800,9,5.5,7.1,0.0,41.64,1244.09
8,3,0,36.4,48.6,2200,2,9.7,5.7,2.9,45.01,1307.62
3,4,1,22.4,52.7,800,7,7.8,5.4,2.5,34.88,1069.44
8,1,0,32.5,50.7,5000,1,9.8,6.5,0.0,59.36,1768.25
12,6,0,18.6,50.6,4500,7,7.9,4.5,4.1,54.38,1638.35
1,3,0,16.1,61.0,3500,2,8.0,3.9,3.5,42.8,1263.29
10,0,0,31.1,70.4,1200,5,9.8,4.9,0.0,39.15,1204.46
4,2,0,22.2,56.3,1200,1,5.5,6.8,0.0,25.14,769.24
3,1,0,20.6,41.7,1800,5,2.1,4.2,12.3,23.47,665.45
6,1,0,22.4,45.9,5000,4,6.8,4.5,6.0,52.16,1522.56
7,1,0,26.3,44.1,5000,1,9.0,5.4,3.9,52.26,1605.92
4,3,0,16.6,53.1,4500,1,7.9,5.0,0.0,44.8,1239.8
7,0,0,35.7,66.6,2200,7,8.9,5.1,0.0,53.73,1672.88
9,6,0,14.5,53.2,3500,3,6.8,6.0,3.7,43.85,1281.79
11,4,0,16.2,58.3,5000,9,12.4,5.2,0.0,72.01,2188.37
2,0,0,1.6,78.8,1500,9,12.5,7.5,0.0,60.23,1822.73
11,3,0,14.3,69.8,1800,9,3.3,6.3,0.0,39.18,1157.99
3,1,0,15.8,61.9,1200,1,6.4,6.6,2.2,25.39,774.27
5,2,0,32.2,74.2,5000,4,8.9,4.2,4.2,62.61,1879.98
3,1,0,19.8,60.9,3500,1,3.9,4.9,0.8,33.46,1037.2
11,4,0,14.3,35.5,2800,1,7.8,2.3,1.6,34.85,1009.72
8,5,0,33.7,62.5,2200,9,8.8,7.9,0.0,53.81,1643.3
12,2,0,15.2,40.9,3500,5,8.1,8.9,9.0,50.19,1417.5
10,1,0,22.2,62.9,1500,1,5.8,4.7,4.2,22.68,705.73
8,6,0,23.5,31.9,2200,3,5.3,5.9,10.6,30.85,924.4
8,2,1,24.5,46.9,1200,7,6.4,5.9,6.7,40.86,1245.96
12,5,0,11.4,55.6,2200,2,10.6,3.3,8.5,41.67,1276.11
12,0,0,15.3,50.8,3500,4,7.8,7.3,2.7,48.33,1514.3
9,3,0,26.4,50.8,3500,2,7.2,4.8,4.8,41.15,1238.77
4,1,1,28.9,64.9,5000,9,9.1,2.8,0.0,70.84,2084.83
5,4,0,27.7,42.1,1500,9,8.0,4.8,4.5,46.97,1489.39
5,0,0,13.8,57.2,4500,7,5.9,3.6,1.7,54.32,1644.57
8,1,0,30.1,40.9,2200,7,10.1,5.9,7.0,54.12,1661.24
7,0,0,23.5,48.4,3500,2,5.5,5.4,0.0,38.87,1147.51
9,4,0,21.7,58.9,800,8,5.5,7.6,0.0,34.86,1026.8
8,1,0,25.3,40.5,800,1,4.3,7.8,1.6,22.07,667.16
2,5,0,12.1,41.8,1800,8,10.3,8.7,7.9,50.8,1548.2
10,5,0,15.8,63.4,2200,5,7.8,4.0,0.0,38.29,1161.0
12,4,0,16.0,73.5,1500,4,8.1,6.3,0.0,38.11,1098.48
4,2,0,15.7,51.6,2800,2,9.2,6.4,0.0,42.44,1341.61
6,4,0,30.5,44.5,1500,3,10.5,4.5,7.3,42.55,1222.8
12,2,1,25.1,61.9,2200,2,5.8,5.6,0.0,37.02,1125.41
2,1,0,9.1,58.2,800,4,9.6,6.0,0.0,38.43,1154.02
7,2,0,28.7,53.6,1500,3,8.1,4.6,6.6,37.62,1242.33
3,1,0,6.6,24.7,3500,5,10.0,7.4,13.4,57.16,1695.26
3,1,0,16.6,42.2,1500,7,5.7,6.1,8.9,36.99,1054.52
11,6,0,20.9,49.2,2200,9,8.9,5.6,0.8,47.87,1465.36
2,3,0,18.3,59.3,3500,5,8.8,3.7,0.0,48.0,1417.4
11,1,0,18.3,61.6,1200,8,7.7,7.5,0.0,43.24,1345.07
8,2,1,32.9,60.1,1500,2,12.3,5.3,0.0,46.86,1445.21
6,3,0,40.4,53.1,1800,6,12.8,5.7,0.0,55.66,1701.58
1,3,1,21.7,43.7,2200,8,5.6,4.5,0.0,47.84,1400.24
12,1,0,12.7,77.4,5000,9,7.6,7.2,0.0,67.78,2072.32
1,4,1,7.5,74.6,5000,4,10.8,3.7,0.0,68.1,2146.74
7,4,0,28.2,35.6,1800,4,5.4,2.1,0.0,32.86,968.71
8,5,0,24.7,56.5,5000,7,8.8,4.6,0.5,63.86,1906.96
5,3,1,28.0,43.5,1800,4,4.8,5.9,5.1,35.0,1043.66
12,1,0,9.8,61.7,1200,5,11.6,6.0,1.1,45.15,1340.86
11,6,0,17.7,72.0,800,2,8.0,5.4,0.0,24.44,739.37
5,4,0,29.8,76.2,3500,2,12.5,4.9,0.0,55.79,1674.61
4,6,0,21.5,61.5,1800,5,6.5,5.7,1.2,37.13,1111.28
6,1,0,24.7,53.5,4500,2,8.4,9.5,2.1,57.54,1686.25
6,1,1,34.2,45.9,4500,6,11.4,6.0,5.1,69.32,2133.16
3,3,0,9.5,57.2,4500,6,7.7,5.0,0.0,57.69,1747.57
9,6,0,24.5,71.3,2800,8,4.9,5.6,4.7,47.73,1475.54
12,5,0,14.9,59.5,5000,1,6.0,4.8,2.6,47.03,1437.79
11,3,0,18.1,48.7,1800,7,6.8,5.8,5.2,32.81,864.72
7,0,0,30.8,31.2,2200,7,8.9,4.3,1.5,49.57,1527.79
1,6,0,16.7,65.5,1800,9,7.4,7.1,0.0,48.42,1489.1
7,4,0,29.8,53.6,2200,4,9.6,5.8,0.0,47.78,1444.21
5,4,0,24.3,42.9,1200,7,5.5,4.5,6.4,31.6,1045.67
5,4,0,24.2,63.0,2200,6,8.6,7.1,0.0,47.03,1457.93
2,2,0,12.3,52.4,4500,4,9.5,2.5,3.3,55.78,1718.77
4,1,0,25.5,50.9,5000,8,10.5,9.0,7.7,71.27,2061.63
12,3,0,12.2,59.8,3500,3,9.5,8.1,0.0,51.39,1602.18
6,4,0,32.7,45.8,3500,8,9.4,8.4,0.0,64.4,1962.49
10,0,0,22.1,60.3,2800,5,10.6,4.8,0.0,50.33,1449.57
11,4,1,15.7,73.1,1200,4,7.4,5.8,0.0,32.29,983.1
7,5,0,32.8,37.0,5000,3,10.1,4.4,8.4,59.69,1714.73
11,1,0,14.7,65.2,2200,7,8.8,6.3,3.0,49.2,1506.79
5,6,0,28.9,52.7,2800,7,10.2,5.7,4.7,56.95,1716.67
9,1,0,27.0,56.8,800,6,8.0,4.9,0.0,38.9,1140.09
3,6,1,15.3,65.5,2200,3,13.2,4.6,0.0,50.31,1541.05
1,6,0,16.4,59.9,2800,9,6.2,6.0,0.0,53.31,1565.23
4,3,0,24.5,58.3,1200,2,10.0,9.6,2.0,38.8,1169.41
9,2,0,31.2,63.6,3500,3,6.1,7.3,2.9,42.89,1336.52
4,6,0,26.3,46.4,1800,1,5.6,5.2,0.7,28.13,828.58
2,6,0,17.3,61.1,2200,7,4.0,5.4,7.5,39.12,1130.84
10,3,0,16.9,54.5,1500,2,5.4,6.1,0.0,27.17,864.21
5,4,1,37.0,49.1,2200,8,7.5,4.9,4.3,55.38,1666.4
3,5,1,11.7,51.1,1800,9,9.0,5.6,10.4,51.65,1639.85
12,0,0,19.3,65.7,2800,2,4.7,2.3,2.5,33.26,1021.14
9,3,0,27.9,56.0,1200,6,11.1,5.7,3.2,43.23,1331.23
4,2,0,16.7,57.2,1500,1,8.3,5.3,0.0,27.18,831.76
6,3,1,28.4,49.8,800,8,8.4,5.0,4.5,41.92,1282.65
2,1,1,14.7,38.3,3500,5,8.4,6.2,2.1,50.69,1548.11
6,4,0,34.8,50.4,5000,9,11.4,6.1,6.4,74.62,2269.12
3,4,0,14.8,55.8,1200,3,10.2,4.5,0.0,30.57,866.82
12,6,0,13.9,62.9,3500,2,7.1,6.4,0.0,44.53,1297.25
12,4,0,4.6,52.9,1500,7,9.6,5.4,0.0,49.74,1521.97
9,4,0,33.8,40.7,2200,7,10.7,4.1,2.5,53.48,1608.58
11,4,0,13.2,66.8,2800,5,11.5,2.9,0.0,52.08,1528.05
2,4,0,16.5,54.2,4500,7,4.6,7.9,0.0,56.06,1695.34
12,0,0,14.6,62.1,1800,6,8.7,5.8,0.0,42.15,1337.11
12,2,0,14.6,56.6,1200,9,10.5,6.0,0.0,50.51,1523.91
9,6,0,29.6,54.9,1500,3,9.8,5.2,0.0,40.59,1236.69
5,4,0,33.5,45.3,4500,4,10.4,7.2,0.2,63.39,1922.14
8,6,0,30.1,40.9,3500,9,9.8,6.1,5.3,61.74,1824.73
2,2,0,18.0,63.2,2800,8,10.5,8.1,0.0,55.19,1653.42
6,5,0,30.4,42.8,2200,6,10.4,5.8,2.8,52.48,1480.4
3,4,0,22.6,57.0,2200,3,3.4,1.3,5.2,25.41,719.81
12,6,0,13.0,64.9,800,9,8.2,7.8,0.0,45.9,1373.46
12,3,0,19.9,53.0,2800,9,6.5,6.4,7.2,44.03,1267.28
10,6,0,27.0,43.1,5000,6,9.9,4.8,7.7,62.94,1887.28
5,4,0,30.9,79.8,4500,2,9.1,4.8,0.0,55.11,1639.97
12,1,0,12.1,53.7,800,7,8.7,5.2,1.2,37.36,1180.36
8,0,0,28.2,60.0,2800,9,8.2,4.0,0.0,52.29,1659.74
10,3,0,23.1,80.8,1500,9,7.1,7.2,0.0,45.78,1370.88
1,3,0,7.8,68.8,2800,3,9.8,4.6,6.2,47.5,1441.96
5,1,0,33.2,47.1,5000,2,8.8,3.9,4.6,56.9,1761.45
3,4,0,17.9,54.2,2800,5,6.6,11.9,7.1,48.53,1455.65
4,0,0,23.3,42.5,4500,7,7.3,4.0,0.0,57.56,1745.73
2,3,0,12.5,68.1,2800,3,9.8,5.2,0.0,48.69,1397.99
9,0,0,20.0,61.8,2800,4,11.8,1.9,0.0,43.46,1327.04
3,3,1,15.3,48.8,3500,2,5.1,7.1,7.6,42.13,1321.35
2,4,0,16.1,45.0,1800,2,8.6,4.8,0.0,34.6,987.7
10,5,0,25.0,41.6,4500,7,10.2,6.9,15.8,58.89,1692.03
11,3,0,18.7,71.2,1800,2,5.1,3.8,0.0,29.83,953.12
9,5,1,27.6,56.4,3500,1,9.3,2.7,5.4,44.05,1307.25
7,3,0,28.5,53.2,800,4,7.5,4.3,1.3,32.27,932.97
6,2,0,31.2,40.1,5000,6,8.0,7.6,0.7,64.47,1938.46
1,4,0,20.7,41.8,5000,4,4.6,6.3,10.5,50.2,1481.41
5,1,0,29.2,62.2,3500,1,8.3,2.7,0.0,42.47,1227.52
12,5,0,18.7,60.5,4500,1,6.4,1.5,0.0,40.75,1153.89
11,1,0,19.3,70.2,1200,9,8.0,5.4,0.0,41.54,1327.39
11,4,0,11.2,54.7,3500,1,6.1,6.7,3.4,41.92,1332.6
3,6,0,13.3,52.2,800,7,10.0,4.6,2.9,39.2,1164.79
1,1,0,16.0,67.9,1500,7,9.2,7.3,0.1,43.37,1418.91
4,4,0,22.0,61.3,2800,1,6.9,5.3,1.3,34.13,1083.68
2,1,0,17.1,67.1,2200,1,11.7,7.7,3.5,41.11,1231.09
2,5,0,22.6,54.0,2200,6,8.9,4.6,1.4,43.95,1420.66
3,2,0,21.3,62.4,5000,8,5.1,5.7,0.0,57.51,1633.3
8,1,0,34.6,65.8,2800,7,7.7,4.7,1.7,50.25,1498.12
8,5,0,29.4,51.2,1500,6,7.1,7.1,0.0,39.6,1267.2
12,3,0,11.4,53.8,1200,3,7.7,6.2,3.6,32.01,944.97
7,4,0,29.7,66.8,5000,7,5.0,3.2,4.7,57.5,1777.82
6,0,0,25.3,42.1,1800,6,8.3,6.6,6.6,43.42,1258.47
9,6,0,33.0,62.6,2200,8,7.0,3.6,0.0,46.07,1352.34
4,0,0,25.6,51.8,5000,4,7.8,4.0,7.4,55.13,1671.37
12,4,0,17.4,37.9,2200,9,9.0,7.0,2.2,51.55,1576.29
1,2,1,19.6,72.9,3500,1,9.2,3.2,0.0,46.38,1400.79
8,1,0,19.8,20.0,1200,7,5.9,5.1,13.2,35.24,1038.6
7,2,0,32.6,26.9,1200,9,8.0,7.0,4.1,49.23,1435.08
7,0,0,24.1,57.0,1800,1,9.6,5.7,1.2,36.13,1190.25
3,6,0,18.0,61.3,4500,3,9.9,5.8,0.0,55.52,1681.37
4,5,0,20.6,44.8,1200,7,7.5,6.9,2.3,36.49,1144.46
10,6,0,25.0,59.3,3500,9,5.8,7.9,0.0,53.68,1654.88
9,4,0,27.0,24.6,800,1,5.2,3.2,9.0,16.26,466.53
6,4,1,35.0,58.5,5000,6,12.4,6.1,0.0,75.68,2272.66
5,2,0,23.3,53.7,2800,2,6.6,6.6,0.9,36.83,1070.3
3,5,0,21.2,54.5,800,5,8.5,6.7,0.0,35.49,1099.36
9,2,1,26.7,55.3,2800,7,6.4,5.5,0.0,47.83,1427.86
5,1,0,18.6,56.6,2200,7,8.9,5.4,5.1,45.04,1424.48
5,3,0,21.9,50.3,2200,7,9.1,6.9,0.0,46.16,1312.43
4,5,0,21.3,30.0,2200,4,5.6,5.7,3.8,31.75,975.18
4,3,0,27.0,78.9,1800,6,8.4,7.2,0.0,43.27,1412.72
12,6,0,17.2,74.4,3500,6,4.8,5.8,0.0,44.74,1309.29
1,1,0,8.7,43.9,5000,7,7.4,5.1,0.0,64.19,1932.99
7,3,0,29.4,46.5,1800,9,9.2,3.3,2.0,47.69,1415.0
9,0,1,35.1,52.2,1200,6,9.1,5.3,4.6,43.84,1355.62
3,6,1,18.5,67.9,1200,1,7.2,3.3,5.1,24.0,629.97
12,3,1,13.6,34.1,1200,8,8.5,3.1,5.3,35.46,1009.73
2,1,0,17.3,51.5,3500,2,8.4,3.9,0.0,42.31,1224.76
3,3,0,21.4,33.9,1800,3,7.2,6.4,5.2,33.07,1031.8
1,4,0,11.9,55.9,1800,5,10.6,5.1,0.0,44.51,1327.24
6,2,0,31.2,44.3,800,6,9.5,5.9,4.5,40.7,1192.43
11,0,1,16.5,60.3,1800,7,8.0,6.7,7.3,46.2,1404.45
11,4,0,21.2,52.1,2800,4,6.1,5.3,0.0,41.02,1240.73
7,4,1,30.8,41.7,1200,3,11.0,4.3,8.0,41.46,1235.08
11,1,0,20.2,66.8,1800,9,9.9,5.2,2.3,46.23,1364.55
11,2,1,14.6,64.8,3500,4,9.4,6.6,1.7,51.9,1516.32
2,2,1,11.4,64.1,5000,9,9.9,5.9,0.2,72.57,2241.38
8,5,0,33.2,50.4,1200,9,9.2,2.1,10.2,45.15,1421.82
6,6,0,28.6,43.1,4500,3,8.8,4.8,8.5,53.56,1547.81
4,0,0,23.3,51.1,2800,3,5.9,6.1,0.0,37.23,1099.41
5,6,0,24.6,56.7,4500,8,5.8,6.1,0.9,59.97,1819.5
8,1,0,33.0,26.4,1200,1,9.2,3.6,2.4,30.57,876.63
3,0,0,15.3,59.7,800,6,11.3,4.5,5.6,38.01,1173.75
3,5,1,17.4,58.7,3500,6,6.9,2.7,0.4,49.14,1484.04
11,3,0,21.5,60.1,5000,9,9.4,6.7,0.0,69.58,2124.92
4,4,0,27.3,50.7,5000,2,5.9,6.1,0.0,53.89,1721.04
1,0,0,11.6,28.5,1200,8,9.1,5.6,4.1,44.8,1268.91
9,6,0,34.8,49.7,1800,7,11.6,5.2,0.0,51.39,1607.61
8,4,0,30.3,74.0,800,2,10.3,3.6,0.0,35.0,1026.45
8,1,0,24.2,52.7,3500,1,4.8,5.6,0.6,35.36,1092.5
10,6,0,23.7,53.8,1200,4,4.4,2.9,6.4,23.52,730.9
6,3,0,27.2,50.2,1800,2,9.1,6.4,7.7,34.63,1102.58
7,1,0,32.0,54.9,1200,3,8.2,6.2,10.0,34.44,1038.04
6,3,0,28.7,57.9,800,2,9.6,7.0,7.3,30.66,884.95
9,3,0,26.3,52.3,3500,9,10.5,6.0,4.1,62.41,1885.38
3,4,0,13.9,60.1,2800,4,6.8,4.6,0.0,42.62,1356.59
3,1,0,22.5,75.1,1200,1,5.4,5.7,0.2,25.19,773.57
3,1,1,12.8,67.1,1800,8,4.4,7.0,0.0,44.36,1307.22
10,0,0,17.0,85.6,1500,4,8.8,3.7,0.0,35.62,1063.8
3,6,0,19.7,47.1,1500,8,10.7,5.7,0.0,44.27,1341.57
9,1,0,33.2,75.1,1500,8,7.2,6.2,4.7,44.24,1334.65
12,0,0,13.5,50.5,1800,9,10.7,6.6,3.4,52.26,1569.06
4,2,1,25.2,56.7,800,7,9.9,5.2,0.0,42.66,1326.2
7,2,0,34.8,59.5,800,4,11.7,6.3,0.0,42.72,1374.93
9,2,0,29.7,48.9,3500,2,7.4,3.8,2.1,44.94,1393.17
11,5,0,16.6,60.4,2200,6,6.8,8.6,0.0,48.23,1477.16
12,1,0,10.2,70.9,1500,4,10.3,4.5,0.0,42.16,1313.53
7,5,0,20.1,42.1,5000,6,7.3,6.2,0.0,56.95,1739.83
9,6,0,24.8,75.0,2200,8,6.6,5.0,0.0,46.31,1398.08
12,1,0,20.4,43.4,1500,3,7.1,5.4,0.0,29.76,868.98
3,0,0,12.9,78.3,5000,1,7.7,3.5,0.0,51.31,1515.47
4,5,0,25.2,64.5,800,5,7.0,7.1,0.0,34.58,1039.1
8,5,0,24.7,51.4,5000,3,6.7,4.1,5.2,51.33,1555.31
6,6,0,29.4,45.2,2200,6,10.7,5.7,1.3,49.38,1534.88
5,5,0,29.2,44.6,2800,3,5.6,5.2,3.5,39.36,1178.26
4,3,0,19.0,50.9,1200,1,7.9,4.0,0.0,24.98,735.96
8,0,0,29.7,51.9,4500,9,9.3,2.1,5.3,62.62,1893.14
1,2,0,12.1,74.4,1500,5,4.1,7.1,2.2,30.9,948.56
9,0,0,29.2,78.6,800,2,10.2,5.4,0.0,33.74,988.37
1,3,0,15.1,61.7,3500,2,9.8,2.6,0.0,49.08,1442.33
8,6,0,29.2,42.4,1500,9,7.6,3.0,5.7,38.67,1191.36
4,6,1,29.0,46.0,1800,1,9.4,4.6,3.5,33.5,1001.77
9,1,0,29.0,52.8,2200,3,8.9,5.2,0.0,41.86,1311.15
11,0,0,14.9,47.0,800,7,12.3,5.4,7.6,44.26,1342.59
5,6,0,25.6,36.5,5000,1,8.4,7.3,0.4,51.88,1555.49
3,5,1,17.7,80.2,3500,2,7.2,2.7,0.0,42.4,1221.24
9,6,0,26.4,58.6,1200,6,9.8,5.9,0.4,41.69,1253.39
11,6,1,29.4,49.3,800,9,11.7,6.9,7.5,49.87,1454.2
9,6,1,27.7,64.8,1200,9,12.2,6.8,0.0,55.66,1614.42
4,6,0,12.8,38.4,1500,8,7.3,7.1,2.3,42.4,1342.28
11,2,1,15.6,46.2,1500,3,8.5,5.5,5.5,37.9,1117.41
4,2,0,13.3,42.9,4500,2,7.1,5.6,1.0,46.43,1435.34
12,1,0,13.6,79.9,2200,1,12.9,4.6,1.7,42.55,1228.95
8,6,0,20.0,49.5,5000,9,6.4,3.6,0.0,60.01,1770.61
2,0,0,11.1,28.2,1500,5,10.9,6.0,8.7,42.88,1252.67
9,3,0,19.2,69.5,2800,3,6.2,4.7,0.0,35.86,1108.95
6,1,0,30.7,46.3,1800,5,9.9,4.4,0.1,45.8,1396.39
9,0,0,26.0,32.8,4500,3,3.9,5.9,10.7,43.46,1246.54
8,6,0,30.3,48.7,800,9,10.9,6.6,0.0,46.5,1333.6
7,4,0,29.5,56.9,1800,1,11.2,4.0,2.7,36.93,1131.88
1,6,0,7.7,64.2,3500,1,8.8,5.5,0.0,47.7,1492.2
12,2,0,17.4,81.6,5000,3,3.5,5.2,0.0,45.78,1432.37
3,3,0,26.7,44.8,800,6,10.7,5.9,7.9,38.96,1136.13
11,5,0,19.8,59.9,4500,2,9.1,7.1,0.0,53.13,1576.7
2,3,0,13.2,49.1,1200,1,9.9,5.8,3.0,31.59,971.32
5,5,0,19.6,32.2,1800,8,6.0,6.4,12.4,37.82,1161.41
5,3,0,21.9,61.3,1800,9,5.7,4.6,4.0,39.94,1209.47
5,2,0,28.0,56.2,4500,1,10.8,4.0,0.0,55.55,1650.13
4,5,1,26.8,55.9,1200,3,7.1,6.0,0.0,34.76,1064.19
5,0,0,27.2,55.8,3500,5,8.2,3.1,0.0,50.85,1532.88
3,5,1,21.6,46.8,1500,7,6.2,5.2,3.9,37.02,1119.65
12,1,0,18.3,47.9,5000,4,7.5,4.3,2.2,56.67,1740.29
1,0,0,16.3,59.8,2200,6,7.2,5.4,0.0,43.63,1358.95
5,1,0,23.0,64.6,4500,1,6.6,4.8,0.0,48.1,1458.7
9,6,0,26.8,74.3,2200,4,11.3,5.6,0.0,47.22,1429.93
9,3,0,22.2,64.5,800,8,7.4,6.5,0.0,36.83,1097.87
4,0,0,22.1,52.9,5000,5,7.1,6.9,4.8,56.06,1687.73
3,3,0,19.5,58.2,3500,8,8.1,7.4,0.0,55.66,1703.97
1,6,0,21.6,59.5,1800,1,3.9,4.7,0.0,24.1,745.24
2,4,0,9.2,45.2,3500,9,11.6,5.0,0.0,64.71,1916.89
8,3,0,31.1,52.8,2200,4,9.6,4.2,3.0,44.12,1296.79
1,6,0,20.7,43.3,5000,9,4.9,5.4,7.2,58.06,1713.58
8,3,0,32.3,51.0,1200,8,9.2,4.3,6.5,43.07,1343.8
7,6,0,33.7,70.3,1800,8,10.9,6.5,0.0,54.21,1551.6
8,1,0,31.6,62.4,2800,2,9.4,6.7,0.0,49.23,1415.9
12,6,0,20.9,48.9,2200,3,8.2,3.0,2.3,36.74,1074.54
6,5,1,24.0,49.1,800,9,5.4,5.9,0.5,37.39,1155.62
12,4,0,8.8,50.0,5000,3,7.4,7.6,3.3,61.79,1841.67
9,3,0,26.0,54.2,5000,8,6.0,3.6,5.7,57.37,1683.9
3,6,0,8.3,67.5,1500,5,9.0,7.7,2.5,44.84,1361.17
10,6,0,27.5,65.3,1800,7,8.2,4.4,0.0,46.44,1411.49
4,3,0,27.5,82.3,1800,4,7.3,4.5,0.0,35.81,1109.7
6,4,0,27.0,64.3,4500,8,5.4,6.7,0.0,57.12,1774.95
8,4,0,27.3,54.9,2800,4,5.2,6.2,0.0,42.02,1316.02
5,6,0,25.7,58.8,1200,5,4.9,5.3,2.4,30.7,945.99
3,0,0,18.2,52.6,1800,1,6.3,4.0,1.5,26.25,783.71
6,1,0,29.5,36.5,800,8,6.9,3.9,4.7,34.7,1060.39
4,4,0,24.5,68.2,1500,7,6.3,5.6,8.1,39.37,1162.66
9,4,0,25.2,67.1,1800,5,9.9,5.2,4.9,42.27,1308.2
3,2,0,22.2,52.1,4500,6,4.0,4.4,1.8,49.97,1476.75
4,5,0,24.0,55.8,1500,1,7.5,4.7,1.7,30.69,886.62
7,4,0,27.3,65.6,2200,8,5.5,6.2,0.0,42.1,1305.76
7,1,0,36.0,60.8,800,9,7.8,7.5,2.4,47.24,1352.35
12,5,1,9.0,42.4,1800,5,10.3,5.8,4.4,45.18,1328.5
12,5,0,14.7,62.9,1200,7,9.2,5.4,0.0,43.31,1326.32
4,3,0,26.4,50.5,1800,4,9.2,4.2,2.9,41.42,1238.72
6,3,0,25.7,63.4,2200,6,9.6,4.5,3.5,45.3,1353.26
12,3,0,16.5,72.4,1500,2,7.0,5.5,5.8,29.0,822.73
3,3,0,20.4,70.8,2800,4,6.7,5.8,0.0,41.2,1192.32
6,2,0,25.1,36.6,1200,5,6.5,5.2,0.1,34.47,1025.89
12,4,0,14.7,50.6,2200,9,10.5,7.3,1.5,54.59,1570.11
2,3,0,14.4,70.9,1800,9,6.2,6.0,0.0,46.12,1383.18
8,6,0,26.4,45.4,2200,8,8.6,5.1,9.6,46.47,1445.24
2,0,0,25.4,39.2,5000,4,5.2,4.4,9.1,50.5,1562.17
11,3,0,14.6,65.7,2800,6,8.1,4.5,0.0,44.96,1372.8
7,4,0,34.5,44.1,3500,7,6.8,6.4,1.5,58.53,1764.52
9,3,0,24.2,76.5,4500,1,7.4,4.2,0.0,44.9,1343.29
1,2,0,9.1,62.9,5000,1,13.5,5.3,0.0,64.06,1924.34
8,1,0,29.4,54.4,2200,4,7.4,4.1,3.5,37.53,1087.69
7,1,0,32.9,46.2,4500,3,9.1,5.0,3.3,55.95,1653.06
6,4,0,33.1,69.1,1200,4,11.4,5.3,4.8,41.62,1180.85
6,6,0,36.0,54.3,5000,9,10.6,9.4,0.0,79.82,2432.49
6,1,0,42.2,45.1,1200,2,14.8,3.2,2.9,49.95,1493.83
9,1,0,27.1,45.5,2200,4,8.6,6.6,0.7,41.87,1337.3
2,0,0,12.1,56.6,2800,7,10.4,4.5,7.0,50.76,1498.84
1,4,0,16.0,47.6,1800,2,3.5,7.2,0.0,29.97,898.75
12,6,0,13.9,72.3,4500,8,8.3,4.8,0.0,60.64,1847.85
6,4,0,33.1,28.3,1500,4,7.4,7.0,0.8,44.26,1344.83
10,1,0,16.2,55.8,2200,9,6.7,6.2,6.6,44.07,1318.8
11,1,0,28.7,66.7,1200,1,9.2,3.1,6.0,30.72,993.53
8,1,0,32.8,56.6,1500,7,9.1,6.0,0.0,44.71,1303.65
3,5,1,10.4,46.4,4500,1,7.6,5.9,0.0,51.04,1556.96
12,2,0,11.9,67.9,2200,9,11.2,6.8,0.0,55.54,1648.57
10,3,1,25.7,46.9,1500,1,9.4,4.7,0.0,33.99,1014.09
1,2,1,19.3,59.1,2200,3,3.8,9.2,4.8,35.64,1079.67
9,4,0,20.3,62.8,5000,7,7.7,8.6,1.3,62.39,1866.6
1,0,1,17.2,64.9,1500,1,7.5,5.6,4.1,32.55,969.77
3,3,0,9.2,46.9,3500,5,10.0,3.5,0.0,55.79,1611.51
8,0,0,28.5,66.9,4500,6,11.4,4.1,0.0,62.14,1900.46
3,6,0,23.0,56.0,2200,3,6.9,4.9,2.3,34.8,981.47
4,5,0,19.5,61.4,1500,6,7.9,5.5,6.5,38.51,1213.16
8,4,0,22.1,70.8,2800,4,6.8,4.2,0.0,38.2,1141.74
1,5,0,14.7,72.7,1500,6,8.3,4.8,0.0,40.99,1267.16
6,4,0,26.2,63.4,5000,6,5.7,2.6,0.0,53.9,1518.79
1,0,0,16.8,61.6,1200,4,12.2,2.2,3.9,35.27,1056.56
1,0,0,10.0,68.9,1500,1,3.1,5.1,0.0,24.21,725.77
8,0,1,25.5,55.1,3500,3,5.9,7.7,2.1,44.9,1311.25
11,4,0,8.9,44.8,4500,7,8.7,3.4,7.5,62.43,1907.74
4,1,0,22.8,56.1,2200,2,8.4,4.9,0.0,31.0,904.86
12,0,0,14.3,63.1,2200,4,5.2,5.4,1.8,36.68,1064.84
1,5,0,8.7,66.3,2200,6,9.3,6.2,0.0,50.63,1504.33
10,6,0,22.9,56.0,1800,5,8.1,4.7,4.2,36.72,1140.28
7,3,0,34.6,41.5,5000,6,7.6,3.9,5.2,58.48,1765.4
5,4,0,25.0,58.5,2800,5,6.9,6.5,0.0,45.78,1389.19
5,5,0,27.2,34.9,4500,9,7.5,3.0,4.6,59.55,1817.13
1,2,1,15.2,76.8,4500,2,6.5,5.8,0.0,49.49,1476.02
10,6,0,16.6,54.7,2200,4,7.4,4.2,4.5,38.86,1207.73
11,2,0,27.3,62.3,5000,1,7.0,5.5,7.1,52.39,1586.92
6,3,0,26.8,56.7,1200,7,9.7,7.4,0.0,44.24,1360.98
9,1,0,29.0,62.1,4500,1,9.5,4.1,0.0,50.62,1487.11
9,0,0,29.5,38.1,1500,6,8.2,5.0,10.7,34.54,1040.1
8,4,0,28.3,62.4,3500,9,8.3,5.3,0.0,56.26,1726.17
5,5,0,28.7,54.3,5000,2,7.5,8.6,3.2,55.08,1726.34
1,0,0,15.1,51.7,2200,1,10.4,4.9,8.4,38.62,1201.16
9,5,0,19.6,46.0,4500,3,7.3,5.0,0.3,49.62,1533.04
1,4,0,12.5,55.3,1800,6,8.3,5.5,0.0,45.25,1294.44
8,2,0,26.2,36.9,800,7,8.4,7.7,9.9,39.67,1178.09
5,0,0,23.9,71.3,800,8,10.6,4.8,0.0,42.53,1301.05
3,3,0,12.1,72.8,2800,4,7.3,6.6,0.9,45.18,1299.94
11,1,0,23.1,64.8,4500,8,8.4,4.7,0.5,61.51,1863.25
7,3,0,37.2,48.0,1200,7,11.7,4.5,6.9,48.75,1447.73
7,1,0,34.4,48.3,1800,8,9.6,6.4,1.8,53.13,1581.31
9,6,0,31.7,64.1,1500,5,7.8,7.3,5.3,41.83,1257.82
7,5,0,28.4,71.8,5000,7,9.9,5.1,0.0,67.49,2040.58
11,0,0,15.1,52.5,1500,4,8.4,4.8,0.0,35.32,1092.48
3,0,1,14.5,41.6,4500,1,10.8,6.1,0.0,58.89,1718.22
11,6,0,20.9,77.9,3500,3,8.4,5.3,0.0,47.55,1469.02
1,1,0,15.0,37.9,800,9,8.4,6.9,7.1,39.14,1202.68
8,2,0,28.6,40.4,4500,4,6.8,3.0,0.9,48.01,1429.09
12,4,0,20.9,57.0,5000,5,10.1,3.9,0.5,58.48,1797.26
3,3,0,19.8,36.3,4500,3,5.1,5.2,5.1,42.76,1207.73
12,6,0,11.3,73.3,800,6,10.6,6.3,0.0,39.4,1189.43
8,5,0,25.9,62.8,3500,4,3.9,5.2,0.1,41.01,1205.24
8,6,0,32.0,45.6,5000,5,12.4,5.6,6.6,70.74,2075.18
5,3,0,30.7,66.0,2200,7,4.8,6.6,0.0,44.97,1282.32
12,3,0,17.6,77.4,1200,7,6.4,3.8,0.2,36.1,1111.42
1,5,0,22.5,58.0,4500,9,4.3,6.8,0.0,59.58,1810.41
10,5,0,29.4,52.1,5000,2,11.3,6.8,2.6,63.07,1946.04
7,0,0,32.0,77.8,3500,4,7.8,4.9,0.0,50.34,1540.13
12,3,0,11.3,68.7,2200,8,10.0,4.5,2.6,53.37,1587.88
10,4,0,16.1,60.6,4500,4,8.0,6.7,1.6,53.06,1713.9
5,4,0,24.3,67.0,2800,3,4.1,7.9,0.0,34.88,1092.07
8,1,0,32.3,56.1,1800,6,11.4,5.8,2.7,52.8,1532.22
9,6,0,34.2,48.9,800,3,9.9,4.0,0.0,39.09,1166.87
11,5,0,19.9,60.3,2800,2,9.3,5.2,1.6,39.12,1183.8
7,0,1,35.3,63.1,4500,9,11.5,4.6,0.0,74.21,2214.46
7,4,0,28.9,26.8,1500,3,6.8,6.4,7.2,34.49,1127.11
1,2,0,16.8,55.9,3500,1,6.9,5.0,0.7,37.75,1119.46
4,0,0,25.7,69.1,3500,9,7.0,4.5,0.0,54.71,1623.91
2,0,0,6.2,51.4,5000,5,12.0,5.8,0.0,70.36,2144.15
2,4,0,13.2,76.1,800,7,9.8,4.7,1.1,39.14,1179.62
2,2,0,19.3,74.5,2200,2,5.2,3.2,4.6,29.38,871.4
4,1,0,23.2,51.7,4500,1,8.6,6.2,2.7,49.57,1584.56
1,4,0,8.6,52.5,1500,6,10.5,6.0,1.6,46.76,1471.93
4,2,0,11.1,49.1,2200,5,10.3,4.8,0.0,49.05,1408.04
2,0,0,13.4,89.5,800,6,9.3,7.5,0.0,40.56,1301.09
5,2,0,25.7,73.2,5000,2,9.1,4.1,0.0,53.38,1593.35
3,0,0,14.0,56.5,1800,7,6.2,5.0,2.8,42.24,1318.26
12,6,0,15.7,52.7,2200,1,8.0,5.7,0.0,34.93,1137.1
8,4,1,31.2,53.9,1500,8,11.1,7.1,3.9,48.15,1480.95
4,5,0,25.0,55.4,1200,7,9.4,6.3,0.0,43.42,1405.26
1,4,0,3.4,44.4,3500,7,13.5,4.9,3.8,63.22,1935.01
1,6,0,8.1,60.3,2200,6,8.1,5.2,0.0,50.9,1555.3
12,3,0,13.7,75.9,1500,5,12.3,4.5,0.0,45.61,1413.72
10,3,0,24.6,35.9,1200,9,10.6,5.4,0.0,48.2,1390.29
3,3,0,20.2,64.9,2800,3,4.5,4.9,0.0,35.23,1047.71
9,4,0,28.1,71.5,2800,9,7.5,6.5,0.0,51.34,1492.0
7,1,0,28.3,43.9,1500,5,9.6,4.5,12.1,39.45,1175.48
2,4,0,13.6,77.8,5000,8,6.8,7.2,1.7,62.42,1892.84
9,6,0,22.7,46.7,800,3,7.7,5.3,3.4,27.14,807.58
10,6,0,25.5,62.8,1500,7,7.8,4.4,0.0,41.47,1237.63
2,5,0,10.9,53.8,800,4,11.6,6.0,0.0,39.34,1119.16
3,2,0,21.8,51.3,3500,5,7.1,5.3,2.2,43.09,1269.1
11,4,0,18.9,51.9,1200,4,2.6,4.7,0.0,24.04,796.27
10,4,0,21.8,65.9,1800,9,8.0,8.0,0.0,49.1,1447.94
2,0,0,12.1,67.7,1800,7,11.1,5.2,0.4,47.61,1412.8
3,6,0,11.9,54.2,4500,6,8.6,4.9,0.0,58.38,1761.9
6,0,0,26.0,33.7,1800,6,7.8,7.0,0.0,42.76,1299.5
9,0,0,24.5,59.8,1500,7,7.4,6.5,0.0,44.82,1338.44
9,4,0,15.3,60.1,1500,5,6.5,6.6,5.8,38.29,1085.89
7,1,1,29.1,48.1,2200,3,13.4,4.5,0.0,52.79,1608.04
12,2,0,19.2,82.4,2800,3,5.0,5.6,0.0,39.31,1265.73
3,2,0,20.6,36.2,3500,7,8.0,3.6,2.2,51.59,1630.31
4,6,0,19.8,25.9,2200,1,8.2,2.2,0.4,30.89,894.41
6,5,0,29.1,41.2,3500,4,7.5,4.5,9.8,44.35,1348.6
11,6,0,15.5,67.9,1800,8,5.8,5.9,0.0,38.7,1274.84
5,1,0,26.7,38.0,2200,4,7.5,9.0,0.0,42.56,1276.63
2,1,0,22.0,45.7,2800,1,7.7,7.0,2.3,37.99,1151.16
6,2,0,33.3,61.4,5000,5,10.3,3.9,0.0,69.44,2015.98
3,3,0,20.3,60.6,2800,1,9.8,6.4,0.0,39.94,1245.09
8,0,0,26.7,57.0,800,9,6.5,3.9,0.0,38.33,1162.42
2,0,0,18.4,66.9,3500,8,5.7,8.1,0.0,53.03,1550.76
1,2,0,6.4,54.2,1500,7,12.1,4.9,2.4,51.69,1581.9
9,6,0,24.9,50.5,2800,5,3.8,4.6,3.4,40.64,1263.22
12,1,1,17.7,69.7,1200,4,5.9,6.9,0.0,35.63,1037.68
3,6,0,21.3,38.9,3500,7,5.8,4.9,4.5,46.94,1333.44
11,5,0,21.0,33.6,800,3,6.0,7.9,6.0,24.82,750.86
1,3,0,15.3,54.1,1200,8,6.7,4.9,0.0,37.92,1168.76
7,2,0,29.1,61.8,5000,5,4.8,6.8,6.5,55.42,1674.61
10,0,0,24.4,60.6,5000,5,9.8,5.7,0.0,60.72,1873.71
5,4,0,21.7,61.0,3500,1,8.9,6.1,1.8,44.67,1263.05
5,6,0,22.2,26.5,1200,8,3.0,4.3,4.9,28.9,821.34
1,1,0,14.3,63.1,2200,7,9.4,2.9,0.0,49.14,1484.18
9,4,0,26.8,62.8,1800,1,7.5,3.7,0.8,32.25,897.42
7,5,0,21.8,34.5,1200,4,7.4,4.8,0.0,29.15,840.4
8,2,0,31.0,62.8,1200,4,9.6,5.1,2.4,41.65,1225.78
9,6,0,29.5,53.7,4500,9,5.6,5.2,0.0,58.75,1808.25
6,0,0,28.6,86.9,2200,2,9.9,2.0,0.0,41.6,1306.79
12,6,0,25.8,33.9,4500,4,6.3,4.4,4.1,51.38,1573.97
5,3,0,22.9,67.1,1200,3,1.4,5.4,6.8,23.34,784.55
6,4,0,27.3,45.3,1200,5,8.3,5.1,6.9,31.43,1005.88
11,3,1,16.2,39.9,1500,7,4.3,5.1,8.0,35.44,1098.75
2,5,0,14.7,51.2,4500,5,10.2,4.8,2.3,58.74,1796.4
4,0,0,20.5,55.8,4500,5,5.6,5.6,4.9,48.03,1414.51
3,4,0,11.7,67.4,1500,4,8.9,3.8,1.6,39.28,1115.63
7,5,0,27.5,71.3,800,9,9.0,5.5,0.0,43.32,1267.47
9,3,0,25.6,72.1,3500,6,7.6,5.0,0.0,53.7,1648.87
5,3,0,31.5,39.1,1800,6,8.0,3.7,0.5,41.34,1226.1
6,4,1,38.8,63.6,1500,6,13.6,5.3,0.0,53.95,1646.0
10,0,0,28.0,62.2,2200,6,7.9,2.6,0.0,41.5,1162.72
12,3,0,11.6,52.1,2800,1,6.6,4.1,3.6,37.0,1133.66
12,2,0,11.9,57.5,800,6,9.4,6.1,5.2,40.6,1179.51
2,5,0,14.4,49.0,5000,4,7.8,6.0,4.6,54.96,1616.01
3,4,0,26.0,55.4,2800,2,7.5,5.2,5.9,39.53,1260.88
3,1,0,17.3,46.2,1500,6,7.4,5.9,0.0,38.87,1262.9
12,1,0,9.1,47.7,800,1,9.7,6.0,0.4,32.9,938.68
12,0,1,12.8,65.7,5000,1,11.4,5.3,0.0,63.7,1900.62
9,2,0,29.4,62.5,1200,5,6.9,7.3,0.0,37.5,1119.42
7,3,0,33.1,48.4,2800,6,5.5,2.4,0.0,42.92,1320.77
8,1,1,28.0,68.9,2800,2,8.1,6.4,0.0,45.14,1333.04
11,0,0,21.1,56.2,1500,8,7.7,2.5,0.0,38.43,1116.66
10,5,1,11.8,53.9,2800,4,5.6,4.5,4.4,43.61,1321.49
11,2,1,18.5,67.3,1200,4,7.5,6.5,0.0,35.19,1059.34
9,2,1,29.9,53.4,4500,5,5.9,6.4,4.8,57.23,1755.94
6,6,0,25.2,51.0,800,4,8.9,3.9,2.7,31.23,906.19
4,0,0,18.2,22.3,2800,5,6.9,5.4,8.4,36.62,1089.38
12,0,0,6.7,60.2,800,3,8.5,4.4,0.9,34.08,1057.37
1,6,1,21.2,37.4,5000,8,2.9,7.1,4.2,59.16,1772.06
8,3,0,25.7,37.8,5000,6,11.8,5.5,4.2,67.64,1953.65
7,0,0,31.1,34.6,2800,8,13.6,4.8,4.0,59.11,1846.42
2,6,0,17.8,45.0,2800,5,4.8,6.1,4.2,38.36,1147.01
8,3,0,35.7,45.9,5000,7,8.2,6.6,5.0,67.26,2014.81
12,3,0,14.4,54.2,2200,7,8.1,5.4,0.0,47.27,1531.83
5,4,0,23.6,58.6,5000,6,6.0,6.6,5.8,56.91,1802.37
7,2,0,30.8,53.3,2200,4,8.3,7.7,0.0,40.08,1245.15
4,5,0,27.8,29.7,1800,6,8.6,2.5,3.3,38.85,1116.62
5,2,1,25.2,51.7,1200,9,11.1,7.7,1.1,51.9,1618.88
8,2,0,24.6,56.3,1200,4,9.8,7.5,0.0,37.84,1055.48
1,4,0,7.1,55.4,800,6,9.5,6.3,2.8,41.45,1249.62
1,3,0,8.5,58.6,1500,6,11.2,5.1,0.0,46.93,1387.01
4,3,0,25.9,54.8,800,3,3.8,3.0,4.0,20.37,579.53
3,0,0,16.6,64.2,2800,4,7.6,5.5,0.0,44.17,1335.53
10,4,1,19.3,38.6,3500,3,6.0,4.7,3.9,44.05,1349.09
12,0,0,11.8,57.1,5000,3,10.7,3.2,0.0,59.18,1810.79
2,4,0,15.5,75.6,3500,4,8.9,4.4,0.2,49.66,1486.13
12,0,0,14.0,77.0,1800,4,8.7,5.3,0.0,40.31,1199.85
3,1,0,16.8,65.2,1800,6,8.2,6.0,0.0,44.14,1362.64
11,6,0,24.1,65.8,4500,4,6.1,3.9,3.0,49.97,1538.63
11,2,0,24.9,79.2,1800,6,9.1,2.0,0.0,44.24,1333.41
11,2,0,10.8,82.3,800,2,10.0,4.8,0.0,34.38,992.45
1,5,0,15.5,57.8,5000,4,7.3,4.0,0.0,51.76,1476.72
1,6,0,10.5,47.7,1500,2,9.3,4.5,3.2,37.76,1162.48
6,3,0,27.8,46.8,800,8,9.7,2.7,5.9,41.37,1284.88
5,5,0,27.4,87.8,5000,9,9.8,5.4,0.0,71.91,2148.17
8,1,0,28.0,33.7,2200,7,7.4,6.3,7.2,43.02,1307.39
2,5,1,16.1,51.9,5000,6,5.7,4.9,6.5,58.86,1825.2
4,2,0,25.0,35.5,1500,8,6.3,6.0,5.2,41.78,1343.89
8,3,0,30.3,54.0,2800,4,8.0,5.0,6.8,42.07,1244.31
12,1,1,12.2,45.6,3500,2,8.9,2.2,7.1,46.58,1393.46
6,2,0,26.1,48.7,2200,4,9.9,5.5,0.0,44.68,1360.84
1,6,0,7.5,35.9,4500,5,9.1,4.3,8.0,58.55,1701.83
4,0,0,18.2,59.9,2800,9,7.6,3.9,0.0,49.51,1388.81
1,4,0,22.8,74.0,2800,5,6.2,6.5,2.0,38.95,1108.45
2,1,0,11.5,52.9,3500,9,8.9,6.3,1.1,60.7,1808.62
5,3,0,20.6,49.0,4500,9,6.7,5.0,0.0,60.17,1772.52
8,5,0,30.4,50.5,1200,8,11.2,5.6,0.0,48.04,1404.5
8,6,0,28.4,54.7,3500,5,8.7,5.7,0.5,52.77,1585.4
11,5,1,17.1,58.9,5000,2,2.0,2.7,5.1,40.66,1219.14
3,1,0,24.3,64.2,800,5,6.6,3.8,0.1,29.06,837.78
11,6,0,20.5,74.1,800,1,9.3,3.5,0.0,21.84,582.55
4,3,0,19.6,42.7,3500,8,8.7,6.5,2.7,56.05,1699.86
10,1,0,20.1,53.8,2200,2,7.9,7.5,6.6,34.84,1092.63
11,3,0,15.7,70.1,800,7,9.9,6.6,0.8,39.63,1161.07
6,5,1,32.9,32.9,800,2,11.2,5.4,5.3,40.46,1196.49
11,2,0,16.6,35.7,1200,5,9.6,4.0,8.6,36.62,1135.17
11,6,0,9.9,62.0,5000,7,7.1,6.8,2.8,63.9,1964.18
10,0,0,21.8,63.5,1500,6,6.1,5.1,0.0,37.26,1097.19
3,2,0,11.1,46.3,5000,5,9.3,4.0,1.4,64.29,1924.03
2,0,0,24.9,50.6,2800,6,7.3,6.7,7.6,44.18,1391.78
6,5,0,24.6,40.9,2800,2,5.9,7.2,6.5,34.89,1086.17
11,6,0,17.3,48.9,3500,1,7.4,6.2,9.3,35.43,1011.6
5,2,0,27.2,59.0,4500,1,4.5,8.7,2.6,45.01,1273.06
10,2,0,20.7,43.3,1500,8,7.0,4.7,0.5,38.45,1141.02
5,1,0,24.7,47.5,4500,3,5.8,4.6,2.4,44.53,1292.43
10,4,0,23.9,46.6,2800,3,2.5,4.0,5.8,28.69,881.75
5,5,0,32.9,33.2,2800,9,9.6,4.6,5.3,58.72,1793.71
10,3,0,25.5,67.9,1500,6,10.4,7.7,0.0,46.45,1405.03
12,5,0,21.7,53.8,2800,4,2.4,3.7,9.4,28.43,816.64
5,3,0,21.3,52.9,4500,4,5.6,4.6,0.5,50.06,1444.63
3,6,0,19.4,36.9,3500,7,3.2,7.6,5.9,41.89,1286.45
7,3,1,30.7,41.8,3500,6,9.4,6.2,4.7,59.46,1821.1
6,0,0,30.5,59.1,1500,2,10.6,3.7,3.8,36.71,1151.13
4,3,1,28.2,83.5,1500,9,6.5,5.8,0.0,46.92,1394.54
2,3,0,14.1,33.8,2200,2,7.2,2.7,5.8,32.9,982.89
12,1,0,13.2,57.6,2200,8,8.0,5.5,8.5,48.82,1501.11
9,2,1,28.4,59.9,5000,4,10.7,5.5,0.0,66.79,2004.23
1,5,0,6.0,51.9,5000,1,7.7,5.3,4.6,56.27,1662.34
11,5,0,16.9,69.5,2200,1,6.3,7.9,0.0,31.67,912.34
4,6,0,21.4,42.1,2200,9,9.3,7.0,3.6,50.01,1532.63
1,6,1,9.9,61.2,2800,4,7.9,3.6,0.0,45.14,1341.07
6,3,1,33.7,43.7,4500,1,9.0,5.3,3.0,53.51,1580.81
4,4,0,17.2,67.1,2800,3,7.5,5.2,0.0,41.88,1276.66
5,5,0,25.4,42.6,2800,3,12.0,8.1,2.1,47.33,1387.84
5,6,0,27.3,46.4,5000,7,5.7,5.0,0.0,58.49,1728.69
9,3,0,32.1,66.3,800,6,10.8,5.8,3.1,42.13,1265.7
1,6,0,14.0,47.0,1800,8,5.7,6.2,0.0,42.19,1244.71
2,0,0,19.3,58.3,1200,7,4.5,4.1,2.9,28.33,913.56
6,0,0,32.1,28.1,5000,1,8.3,2.8,9.1,49.99,1523.7
5,6,0,26.6,37.6,1500,3,8.6,5.0,2.1,38.71,1167.01
11,0,0,13.1,63.9,1200,9,7.3,6.9,0.0,43.94,1381.4
7,6,1,23.5,38.8,4500,4,7.0,3.4,3.1,50.14,1507.79
3,3,0,18.5,48.5,1800,3,5.3,5.2,0.7,30.31,957.99
3,1,0,15.6,60.9,1200,5,7.8,4.5,0.0,35.01,1005.54
10,4,1,26.1,50.5,1800,8,4.9,2.9,0.7,44.01,1291.86
2,3,0,18.4,67.4,3500,1,4.2,5.4,0.0,34.55,993.39
3,1,0,17.2,57.6,3500,2,6.1,5.8,0.0,41.73,1274.6
10,1,0,16.8,62.7,800,7,8.5,6.7,0.0,36.4,1022.48
1,5,0,16.3,74.2,800,1,7.8,6.3,0.0,25.2,770.29
5,3,0,21.4,54.5,1500,5,4.6,5.4,1.5,29.36,858.58
12,3,0,11.7,78.5,1200,8,6.5,6.4,3.8,38.0,1145.87
5,6,0,21.6,61.6,1500,6,8.2,5.9,0.0,39.15,1173.62
12,1,1,14.4,53.7,1800,3,10.7,1.4,0.8,40.04,1226.18
11,1,0,23.3,74.8,3500,7,7.7,3.5,0.0,50.99,1630.32
7,1,0,30.0,53.8,1200,3,9.4,4.2,0.0,33.28,1089.26
4,6,0,20.0,47.8,3500,5,2.0,5.6,3.9,35.46,1100.56
3,5,0,11.1,58.3,2200,7,10.2,6.1,0.0,51.11,1517.86
1,3,0,16.5,72.7,4500,2,10.5,6.2,0.0,52.67,1588.59
12,1,1,11.6,65.5,4500,4,11.0,6.4,0.0,60.1,1785.11
8,0,0,29.5,74.4,2200,2,10.6,5.5,0.0,44.96,1315.69
3,3,0,16.4,68.0,4500,7,4.1,6.4,0.0,56.14,1596.32
2,6,0,18.8,63.8,5000,3,5.3,7.6,0.5,53.09,1582.45
11,5,0,17.3,47.0,3500,9,6.8,6.5,8.3,53.86,1628.22
4,0,0,21.7,50.3,2800,6,4.8,5.5,3.0,39.23,1204.42
3,6,0,20.2,55.9,3500,1,3.9,5.8,0.5,38.05,1146.58
1,2,0,23.5,67.7,3500,8,7.6,7.0,0.0,57.39,1690.46
3,3,0,22.0,62.6,1500,7,8.3,8.0,0.0,41.52,1223.18
12,2,0,14.7,62.0,2800,1,5.1,3.5,0.0,35.09,1094.26
2,6,0,15.1,58.9,2800,3,9.8,2.8,0.3,43.19,1218.77
8,6,0,26.6,61.1,5000,3,8.1,5.6,1.7,58.5,1732.08
6,6,0,24.7,39.7,800,3,10.4,3.1,1.0,34.76,1043.85
9,1,0,23.5,75.3,3500,7,8.3,5.3,1.5,51.85,1537.04
8,5,0,25.5,27.9,800,6,7.6,8.3,5.6,36.2,1017.68
10,1,1,24.9,75.0,1800,2,7.4,5.2,0.0,35.88,1118.47
3,5,0,13.2,54.5,3500,5,8.3,5.5,6.2,50.23,1559.29
5,4,0,32.0,62.7,2800,6,12.9,5.0,0.0,56.68,1655.97
7,1,1,33.4,55.0,2800,2,10.9,7.5,0.0,53.19,1451.33
5,2,0,26.1,54.8,2200,1,6.8,5.7,2.6,32.71,1071.29
8,5,0,28.9,59.2,3500,4,9.5,4.7,0.2,51.33,1521.19
12,1,0,12.6,69.7,5000,4,9.5,7.6,4.0,58.95,1724.73
5,3,0,27.2,46.7,2800,4,7.0,5.7,0.0,43.22,1291.59
1,6,0,18.9,71.7,3500,1,5.0,4.5,0.0,39.23,1191.33
5,5,0,22.8,37.7,5000,3,8.9,2.2,3.0,53.38,1573.1
4,5,0,15.1,52.4,3500,7,7.2,5.9,5.3,50.96,1534.66
6,1,0,32.1,60.0,2800,4,8.7,4.7,0.0,48.76,1457.43
3,4,0,19.5,66.9,1500,2,7.6,4.7,0.0,31.9,926.06
11,1,0,13.0,64.9,800,8,7.4,5.2,1.9,37.27,1044.61
5,2,0,22.7,45.9,5000,1,7.0,2.4,0.0,49.64,1549.14
2,2,0,11.2,68.3,3500,9,8.2,9.7,0.0,61.01,1855.71
11,5,0,14.7,51.3,1500,5,2.7,4.5,1.9,27.54,791.64
6,5,0,27.5,71.0,5000,2,8.7,6.2,0.0,55.74,1690.46
12,1,0,13.9,59.0,1500,4,8.7,5.1,0.0,39.83,1155.78
6,2,0,26.0,31.5,1500,3,8.2,1.2,3.8,28.82,862.88
5,2,0,22.6,36.3,3500,7,2.3,5.5,6.7,43.68,1337.11
6,4,1,27.9,50.5,1200,6,5.4,5.8,4.9,36.18,1106.28
11,3,0,18.8,61.0,3500,9,9.0,5.1,0.5,57.06,1693.51
7,4,0,28.6,74.3,3500,4,8.4,7.6,0.0,54.52,1672.33
12,0,0,20.3,47.5,800,3,2.4,8.0,2.9,21.32,640.08
5,6,0,28.3,51.1,1200,7,8.4,6.1,5.2,43.74,1288.48
1,4,0,6.8,46.6,2200,6,7.1,6.2,3.5,48.03,1516.29
8,1,0,31.3,46.6,1800,5,7.9,3.8,0.0,45.87,1325.52
4,3,1,24.7,72.7,1500,7,7.6,4.0,0.0,43.93,1335.89
9,1,0,24.0,41.4,4500,5,7.4,4.5,3.9,53.2,1659.76
10,6,0,15.3,64.5,3500,9,9.7,8.9,0.0,63.0,1813.41
12,0,0,15.1,64.7,5000,4,8.7,4.6,2.2,60.31,1882.95
6,3,1,28.9,49.7,1500,1,9.4,7.1,0.0,39.13,1249.94
1,5,0,9.0,65.6,800,5,8.8,4.4,0.0,37.96,1117.71
3,2,0,11.5,41.1,5000,1,7.1,3.7,10.5,50.37,1524.12
3,4,0,17.6,74.9,5000,1,7.1,4.3,0.0,47.71,1398.16
10,1,0,21.0,80.6,800,1,8.0,4.3,0.0,22.38,634.27
12,0,0,13.2,60.6,4500,1,10.0,4.0,2.3,52.37,1520.17
12,2,1,14.7,89.1,800,8,7.5,8.1,0.0,42.26,1344.04
4,4,0,17.0,47.7,2800,2,7.1,5.1,0.1,40.6,1207.55
6,2,0,27.0,54.8,5000,9,6.0,5.6,1.7,59.33,1717.54
7,4,0,32.4,67.9,1500,7,11.7,5.7,0.0,50.53,1562.64
10,5,0,20.4,52.0,2800,3,9.4,6.7,11.2,41.77,1283.4
4,3,0,14.5,35.9,1500,9,8.8,5.9,0.0,46.19,1402.61
6,2,1,26.8,30.7,2200,4,4.5,5.9,5.2,39.71,1161.67
11,2,0,13.2,84.1,3500,7,9.7,7.2,0.0,59.4,1763.85
1,2,1,15.2,53.0,1800,3,11.0,3.7,1.0,40.66,1313.07
8,3,0,30.4,50.3,1800,5,6.6,4.2,0.0,39.62,1205.93
7,0,0,22.5,37.3,3500,4,8.1,5.6,0.0,45.13,1330.11
11,4,0,21.4,70.7,2200,6,5.7,4.5,0.0,39.03,1204.36
11,5,0,13.0,50.0,800,9,10.9,5.6,5.4,48.33,1487.87
9,2,0,33.0,49.1,1200,5,7.3,3.8,2.1,36.83,1186.5
3,6,0,17.8,58.6,2800,1,6.1,3.8,0.0,33.11,996.25
2,3,0,9.5,44.7,5000,5,6.3,7.2,8.8,56.51,1728.26
1,0,0,8.9,57.2,3500,5,10.3,4.9,8.4,53.18,1619.31
3,4,1,19.6,71.8,1800,9,7.5,5.2,0.0,48.3,1416.85
5,3,0,24.2,55.8,1200,8,7.6,4.6,2.5,39.41,1120.84
11,5,1,17.6,60.9,1800,5,6.0,4.2,0.2,40.75,1250.47
2,5,0,22.3,60.1,2200,5,5.5,3.9,0.0,36.89,1137.86
12,4,0,11.9,55.3,1200,2,8.1,3.3,0.0,28.79,754.25
3,2,0,18.3,79.0,800,9,8.6,4.8,0.0,44.41,1356.15
4,5,0,28.4,42.8,1800,4,5.3,5.2,3.2,31.88,952.84
7,0,0,31.2,53.2,2800,7,8.4,6.7,3.7,52.71,1600.9
3,3,0,10.8,56.4,800,6,6.1,5.5,0.0,35.01,1028.64
9,0,0,28.3,67.1,800,5,7.4,4.0,0.0,33.93,1083.35
8,2,0,23.7,65.7,5000,5,6.8,4.7,0.0,54.98,1695.75
4,0,0,28.3,52.1,2200,7,12.4,4.8,2.0,53.87,1553.59
1,0,0,10.3,62.8,1200,2,7.9,4.2,0.0,34.39,987.62
1,1,0,27.4,63.3,1200,9,10.0,5.3,1.0,50.16,1507.51
1,0,0,20.6,32.1,1800,2,2.7,6.5,1.1,27.91,809.45
1,4,0,10.4,40.3,1200,9,9.3,6.9,5.2,46.44,1441.86
8,3,0,29.0,45.2,1800,4,8.5,7.8,0.0,43.45,1257.95
3,1,0,21.4,48.3,2800,6,7.6,4.3,0.0,45.46,1412.07
6,3,0,32.5,35.6,3500,1,8.4,3.4,2.0,41.66,1140.56
3,3,0,20.0,64.0,2800,5,4.7,4.9,0.0,37.38,1103.19
11,2,0,23.6,59.4,1800,6,2.6,7.3,1.1,34.68,1102.88
5,2,0,25.4,48.1,1500,9,8.0,2.7,0.0,43.06,1289.22
7,1,0,28.3,35.6,1800,9,6.9,6.1,0.0,46.28,1389.65
2,5,0,13.5,57.0,2200,9,10.3,5.4,5.4,53.6,1643.01
6,6,0,32.8,20.0,1800,3,10.6,6.2,8.3,45.28,1382.14
6,2,0,30.6,48.0,1500,4,11.3,6.0,1.9,44.85,1340.45
11,6,0,19.3,60.1,800,8,4.8,6.7,1.4,29.13,933.22
3,2,0,21.6,57.9,1500,8,6.6,6.5,0.0,42.89,1292.51
6,2,0,19.7,31.2,2200,2,6.8,9.4,10.0,31.83,979.31
10,3,0,23.4,60.2,2800,8,5.7,8.5,2.3,46.91,1449.83
10,1,0,23.0,45.0,1800,7,9.1,6.9,1.9,45.85,1266.19
5,3,0,33.5,40.9,800,9,11.3,5.2,3.6,50.01,1467.93
12,4,0,8.2,68.6,3500,5,13.9,4.9,0.0,61.41,1815.76
2,3,1,22.1,81.7,5000,2,7.7,6.9,1.0,56.59,1727.35
9,6,1,26.3,55.6,2800,5,11.3,7.3,2.6,55.24,1735.65
8,6,0,31.1,42.7,2800,2,12.7,3.9,5.6,45.81,1290.33
3,4,0,25.5,57.3,5000,5,6.4,2.5,0.8,52.32,1550.88
8,0,0,31.5,63.8,1800,9,6.2,3.2,0.0,44.73,1391.14
9,0,0,27.8,62.5,2200,7,11.4,7.5,7.0,53.16,1516.51
3,4,0,19.1,87.9,2200,7,8.0,7.7,0.0,45.1,1370.25
3,4,1,15.8,46.4,2200,1,8.6,5.1,3.6,33.62,1029.1
2,3,0,14.9,60.5,4500,9,6.9,6.4,8.1,59.39,1805.89
8,4,0,25.7,71.1,800,6,8.2,8.3,3.1,39.37,1130.51
10,1,0,21.8,75.3,1500,7,8.3,8.7,0.0,43.73,1310.08
1,0,0,3.5,35.9,4500,2,12.6,6.2,0.0,65.86,1921.71
8,0,1,30.9,52.5,5000,1,7.7,5.1,10.2,55.23,1706.73
7,5,1,29.5,68.5,1200,4,11.6,4.8,0.0,41.09,1184.81
7,4,0,28.5,85.4,1800,9,8.5,5.5,0.0,48.44,1454.89
3,2,0,19.0,63.4,4500,9,8.0,4.7,3.4,61.45,1937.59
1,2,0,7.5,54.9,2200,3,11.7,6.3,0.2,49.85,1546.25
4,4,0,30.7,40.4,800,1,13.2,4.9,4.8,37.3,1039.42
9,1,0,25.5,81.6,2800,2,8.2,4.0,0.0,41.71,1237.63
5,2,0,25.3,59.4,5000,9,7.2,7.6,0.0,69.32,2082.56
1,5,0,9.7,49.2,5000,9,13.2,6.7,3.6,74.49,2226.15
5,6,0,26.1,48.2,800,1,9.7,5.5,0.0,29.37,898.57
8,4,0,35.2,56.2,1800,9,10.9,5.7,0.0,57.94,1765.9
8,1,0,33.6,59.0,800,1,10.3,5.8,2.4,35.63,1151.4
5,1,1,29.8,39.9,3500,4,4.7,4.9,9.0,47.99,1418.68
12,3,1,17.5,52.6,1500,5,6.9,9.7,0.0,43.74,1345.65
9,1,1,24.4,35.2,1200,8,4.2,9.2,2.9,42.05,1253.32
1,2,0,7.5,71.8,4500,5,4.7,4.3,0.0,52.28,1638.98
4,6,0,21.1,48.4,5000,5,4.8,5.1,2.3,52.88,1604.01
3,2,0,16.9,60.6,3500,4,4.5,4.1,0.0,44.18,1327.23
2,4,0,19.8,74.6,2800,9,5.6,3.1,0.0,47.77,1421.33
8,6,0,30.3,55.1,2800,8,9.4,8.4,8.2,57.47,1684.94
7,4,0,37.3,49.3,5000,9,11.9,5.7,7.7,79.49,2423.7
9,1,0,31.4,57.3,2200,7,8.9,4.1,7.4,47.99,1402.77
2,5,1,13.0,58.3,2200,7,5.8,3.1,2.8,43.28,1214.42
4,0,0,13.9,67.5,1200,5,7.9,5.8,0.0,36.63,1055.67
6,6,0,35.2,53.7,2800,1,8.1,5.6,2.3,40.68,1227.28
11,3,0,24.1,52.8,2800,6,9.7,6.2,3.8,51.72,1496.62
3,0,0,11.9,67.6,2800,6,8.4,7.2,0.0,51.17,1498.87
8,1,1,35.7,67.3,1800,4,8.1,6.7,0.0,46.71,1316.22
3,1,0,19.7,38.9,3500,2,4.3,3.3,7.8,33.96,981.57
12,0,1,15.8,78.4,5000,1,7.6,3.5,0.0,50.49,1591.73
2,3,0,22.3,61.9,800,3,6.5,6.8,2.1,28.99,841.21
3,6,0,24.1,58.4,1500,9,6.5,5.0,0.0,41.88,1251.53
11,6,0,20.9,71.4,5000,1,8.0,2.9,0.0,47.8,1534.87
6,0,0,31.1,43.2,2200,5,7.1,3.4,4.9,35.13,1068.8
2,4,0,17.8,68.9,2800,6,9.0,7.0,0.7,49.64,1502.33
8,2,0,27.1,48.0,4500,9,7.6,7.3,5.4,62.4,1829.05
1,5,0,13.8,41.6,5000,1,9.9,5.3,3.4,54.17,1635.3
7,4,0,25.9,38.7,4500,5,6.2,4.1,5.0,50.01,1578.24
2,6,0,13.6,64.3,1500,1,9.8,5.0,0.7,32.8,929.62
10,2,1,20.4,46.2,800,2,4.6,5.0,4.0,21.47,635.74
12,5,0,12.2,79.3,2200,2,11.9,4.5,0.0,44.78,1290.57
6,5,0,29.5,64.3,3500,5,8.4,6.5,0.0,56.48,1767.14
12,5,0,13.6,76.0,1200,4,7.4,4.7,4.3,32.95,935.41
2,1,1,17.3,59.0,800,6,4.8,6.4,0.0,31.68,918.73
2,5,1,7.8,60.6,1800,5,10.3,6.0,0.0,49.14,1422.02
10,3,0,21.5,43.2,1500,2,5.9,3.0,2.2,26.92,745.39
8,0,0,29.5,64.4,1800,9,5.9,8.9,0.0,49.47,1488.25
12,6,0,13.7,64.6,800,8,6.7,6.7,0.0,36.65,1083.75
2,3,1,14.3,64.3,1200,9,4.1,3.5,0.0,36.77,1118.89
7,0,1,22.9,70.9,800,6,4.3,3.4,0.0,29.24,905.16
3,4,1,19.6,47.7,1500,5,6.2,7.9,0.6,36.91,1031.63
8,4,0,31.8,51.0,1800,5,9.9,5.8,2.4,44.88,1359.98
7,0,0,32.2,54.6,800,2,8.7,6.0,3.4,32.28,927.33
8,3,1,33.6,41.3,2800,4,10.7,6.0,3.5,54.84,1651.68
7,0,0,30.9,48.4,1200,2,7.1,6.8,3.5,33.15,1009.52
11,5,0,20.2,65.2,2200,2,7.1,6.9,0.0,34.58,1025.75
6,1,0,29.6,46.1,4500,8,8.4,4.5,3.4,64.35,1989.75
7,6,1,33.1,66.4,1800,4,9.2,6.2,3.7,46.57,1332.62
5,4,0,18.9,32.5,2200,4,6.6,3.3,7.4,31.16,884.13
7,6,0,26.0,64.1,5000,7,6.3,4.1,0.0,58.6,1768.98
1,1,0,21.1,67.3,1200,4,3.0,4.9,0.0,23.79,808.74
1,5,0,2.9,52.5,1200,9,9.3,3.3,7.0,47.45,1381.14
9,5,0,25.4,43.9,2800,9,4.5,4.7,5.5,44.25,1324.56
5,4,0,31.3,25.7,2800,3,8.6,2.0,9.2,40.19,1259.29
5,4,0,25.6,41.1,1500,6,8.7,5.6,0.6,42.96,1330.03
3,5,0,16.2,67.6,5000,7,10.4,8.2,0.0,66.69,2028.38
5,2,1,26.6,50.0,800,3,6.8,5.3,1.7,30.22,874.23
3,6,0,16.4,69.0,1500,4,7.1,5.5,5.4,35.3,1057.86
9,1,0,26.1,47.6,4500,1,11.3,4.6,0.0,54.0,1621.33
9,6,1,22.9,63.5,4500,9,5.8,7.4,0.3,66.83,2051.84
6,1,0,33.9,41.4,1800,7,8.6,5.6,6.4,50.13,1497.92
1,2,0,20.4,47.7,4500,7,5.9,4.1,5.4,47.93,1498.92
7,3,0,29.4,49.4,4500,9,7.7,6.2,1.1,63.23,1894.44
7,1,0,23.8,42.7,800,6,5.5,7.9,2.2,32.76,989.07
10,6,0,19.6,39.0,1500,8,3.6,3.7,11.9,29.5,879.24
10,0,0,21.2,55.3,800,5,9.2,4.1,0.0,34.3,1021.02
4,5,0,24.3,53.8,1200,8,8.1,5.6,0.0,42.85,1282.3
8,5,0,24.4,67.7,1800,1,10.3,4.6,2.2,32.3,970.55
6,2,0,25.5,61.2,1500,3,9.3,5.9,0.3,39.29,1105.74
4,1,0,24.3,67.1,2800,4,7.0,3.9,0.0,44.28,1315.81
4,3,0,26.2,61.1,2200,9,4.2,5.1,3.7,40.2,1281.99
2,1,0,12.3,61.5,2200,8,6.8,5.9,0.0,46.63,1317.29
2,5,0,9.1,42.8,3500,8,8.9,5.9,1.8,59.03,1759.88
12,4,0,29.9,61.8,3500,2,6.7,9.1,10.3,47.84,1409.94
4,0,0,25.5,59.7,5000,7,3.7,6.9,0.0,59.77,1807.8
5,2,0,24.8,68.2,4500,3,5.4,3.0,0.0,45.24,1380.16
8,4,1,32.8,60.7,1500,6,9.2,4.1,3.5,44.83,1351.46
6,6,1,28.4,64.9,1200,4,11.4,3.4,0.0,43.91,1226.74
4,3,0,25.9,40.1,800,6,6.1,8.0,6.2,33.38,910.15
11,4,0,18.7,55.4,2800,4,8.0,3.8,4.6,40.41,1092.41
7,6,0,30.4,55.8,1800,3,6.9,6.2,6.1,37.92,1131.49
8,4,1,28.4,66.4,1500,2,7.8,5.9,1.4,37.48,1050.44
2,3,0,8.6,55.8,1200,4,9.7,3.2,0.0,38.78,1057.73
12,4,0,23.8,59.0,1200,2,10.0,4.6,1.9,30.14,862.81
7,2,0,25.8,58.9,1800,7,2.1,5.3,0.0,35.06,1021.08
2,5,0,9.0,44.0,800,1,8.0,2.7,8.1,27.05,807.8
2,1,1,14.1,76.8,2800,1,8.6,7.8,0.9,45.43,1363.23
8,4,0,24.6,42.0,2200,5,7.9,5.8,4.5,38.77,1165.83
2,2,0,14.8,34.5,5000,7,5.5,8.1,5.8,61.1,1869.9
11,1,0,21.1,59.5,1200,1,6.0,8.4,0.1,25.24,744.01
9,6,0,30.5,75.4,5000,4,8.9,5.6,0.0,57.05,1745.2
12,1,0,18.7,67.0,5000,5,9.6,6.1,2.5,59.78,1777.65
1,6,0,12.6,68.3,5000,2,8.9,4.0,0.0,52.95,1570.58
9,4,0,26.2,55.5,1800,7,7.3,7.7,9.7,42.64,1253.49
1,2,0,15.8,57.5,2200,4,6.2,5.3,1.2,34.52,1033.96
10,5,0,14.1,39.0,4500,8,9.3,5.2,9.2,61.42,1872.29
10,4,0,24.6,30.4,4500,1,6.6,3.9,0.0,42.15,1293.29
2,6,0,8.5,59.9,800,1,8.6,5.2,0.0,29.17,902.52
6,3,0,38.1,65.8,800,1,9.2,6.0,2.5,35.08,1066.37
6,1,0,27.1,54.1,2800,4,7.2,5.7,2.5,46.56,1344.94
1,4,0,13.2,66.8,3500,1,9.7,5.8,0.0,46.29,1512.77
7,6,0,26.5,69.7,1200,5,6.6,5.2,2.3,33.9,957.0
8,1,0,26.1,56.4,1200,6,7.6,6.4,9.2,38.14,1149.7
2,6,0,25.3,56.0,2200,7,6.2,6.4,0.0,44.58,1472.3
8,2,0,33.2,42.7,5000,8,10.0,7.6,7.5,72.47,2213.81
9,0,0,19.0,79.3,2200,8,6.8,7.0,0.0,46.48,1362.89
6,4,0,35.7,56.3,4500,2,8.8,5.4,4.2,55.17,1709.93
5,5,1,31.4,39.3,4500,4,10.8,6.0,2.3,62.53,1884.68
12,4,0,13.8,45.9,2200,7,5.2,4.0,4.9,39.99,1162.96
9,1,1,27.4,70.0,4500,9,10.2,7.8,0.5,67.89,2046.51
12,2,0,15.0,47.6,4500,9,8.5,5.5,0.0,60.45,1797.18
11,6,0,26.9,81.6,2200,3,8.9,5.1,0.0,43.42,1292.94
9,3,0,22.4,21.9,2200,7,3.1,5.0,6.9,36.77,1105.01
1,5,0,14.7,76.4,1800,4,7.8,4.1,0.0,35.52,1097.08
11,2,0,16.1,65.2,800,9,10.5,4.7,0.8,41.68,1290.97
3,4,0,11.6,56.4,5000,7,8.5,4.1,6.6,63.41,1869.53
9,3,0,35.9,52.9,1200,6,10.7,5.2,0.0,48.5,1471.21
11,2,0,12.7,82.0,800,9,6.2,7.2,0.0,39.03,1158.86
2,0,0,16.1,66.0,2800,7,4.6,5.7,0.2,43.32,1334.12
12,5,0,7.2,49.2,2200,8,10.6,6.8,0.0,53.39,1555.74
4,1,0,20.2,31.9,800,5,4.9,6.2,13.8,23.42,701.67
4,2,0,23.9,54.6,3500,4,5.8,4.7,5.7,41.84,1172.89
2,2,0,11.4,57.5,3500,1,9.0,7.0,5.5,46.55,1428.19
3,0,0,20.6,36.8,1500,8,7.5,7.3,4.8,45.18,1436.47
3,4,0,16.8,54.3,4500,6,8.3,6.8,0.0,56.59,1767.3
1,6,0,19.2,52.4,2800,4,6.7,6.0,2.2,42.73,1319.59
6,6,0,35.1,50.1,1800,3,12.0,4.8,1.5,45.5,1390.87
8,5,0,26.3,61.2,1500,5,9.7,5.0,3.8,39.02,1263.57
12,5,0,15.4,77.9,800,4,7.4,5.4,0.0,32.75,957.45
3,1,1,18.8,65.9,1200,7,10.0,7.8,4.2,43.49,1293.3
5,2,0,28.8,42.0,1200,6,6.2,7.3,1.1,36.55,1160.07
1,3,0,14.1,63.8,2200,3,5.0,3.1,2.1,32.77,976.83
10,2,0,22.9,58.3,1800,1,9.3,5.5,0.0,34.78,1001.77
7,6,0,28.9,34.7,1200,7,7.0,2.0,4.9,35.02,982.19
10,1,0,22.5,62.3,5000,5,1.1,4.8,0.0,49.25,1439.72
1,2,0,19.8,81.6,3500,1,5.7,4.1,0.0,34.88,1125.52
12,0,0,18.0,60.4,4500,1,9.4,5.9,0.0,47.36,1416.15
11,6,1,21.2,40.2,4500,6,5.4,4.0,6.2,49.37,1446.88
9,2,0,29.3,55.4,1200,4,4.9,3.1,3.7,26.32,785.62
8,2,0,28.2,37.9,2200,8,7.6,5.1,4.4,46.52,1410.24
7,6,0,31.4,61.0,1500,2,8.7,5.2,0.0,39.08,1088.76
10,3,0,17.1,63.8,5000,4,6.5,2.8,0.9,48.14,1404.12
7,6,0,35.7,48.6,5000,8,9.0,7.5,6.1,74.41,2165.36
5,0,0,13.5,46.7,2800,8,6.9,5.5,2.0,48.46,1519.64
5,0,0,25.6,48.1,1800,5,8.8,5.5,0.7,40.3,1203.69
11,2,0,23.1,59.4,4500,3,5.5,7.0,0.0,47.37,1413.22
5,5,0,19.9,41.4,2200,4,6.7,4.3,4.6,33.17,986.99
1,3,0,15.8,42.7,1500,3,7.9,7.5,7.7,33.53,955.5
8,2,0,25.9,66.2,4500,2,6.2,5.2,4.5,46.64,1422.51
12,6,1,13.4,55.4,2800,4,6.8,6.6,1.9,46.06,1464.39
11,2,0,22.3,61.3,2200,9,6.5,6.6,0.0,42.95,1260.7
1,1,0,14.9,62.8,800,6,4.5,6.6,0.0,30.64,959.17
4,1,0,12.8,56.4,1500,4,12.4,5.5,5.4,44.23,1321.87
9,5,0,21.6,40.9,3500,1,5.0,4.4,7.1,33.8,979.64
9,3,0,30.4,34.9,1500,7,8.0,8.6,0.9,46.07,1422.85
5,4,1,28.0,43.6,800,2,9.6,5.2,11.2,31.05,858.55
4,1,0,29.9,57.2,4500,6,8.3,4.0,0.0,61.23,1772.89
3,4,1,25.6,46.3,3500,1,6.5,7.3,1.2,45.02,1430.14
3,0,0,16.5,50.7,2200,7,4.7,5.2,3.9,38.28,1130.26
12,1,0,26.3,85.5,2200,4,7.8,2.8,0.0,39.4,1235.62
5,1,0,26.1,28.5,2800,3,6.4,4.1,5.0,39.54,1180.91
10,3,0,17.7,48.4,3500,7,11.2,2.8,2.4,52.48,1460.21
1,5,0,11.1,82.1,1500,3,8.6,4.1,0.0,36.97,1139.71
5,4,0,15.8,50.1,1800,8,3.0,8.4,9.7,35.51,1081.86
6,6,0,36.2,41.5,800,4,12.5,6.1,4.9,46.33,1356.26
7,1,1,37.2,64.7,3500,3,8.9,5.3,0.0,53.79,1663.03
12,1,0,10.5,60.7,1200,7,9.4,4.8,0.3,43.54,1348.29
9,3,0,25.0,50.8,3500,7,10.0,5.5,9.7,55.37,1627.12
3,3,0,18.4,57.3,2800,9,6.2,7.6,3.8,46.22,1435.32
2,5,0,10.8,49.6,1800,7,8.7,3.0,7.4,39.05,1181.4
3,4,0,10.1,42.8,1200,6,11.1,10.0,6.8,47.0,1413.11
12,0,1,14.1,58.6,3500,3,10.9,4.0,4.0,54.77,1609.93
9,6,0,24.6,42.9,3500,4,6.8,5.0,3.6,44.6,1296.78
12,5,0,13.3,60.1,2200,8,12.4,5.6,5.7,55.43,1726.75
7,0,0,31.0,54.9,5000,6,5.5,5.3,0.0,53.7,1628.25
9,2,0,32.4,65.2,1500,9,7.6,4.9,1.2,48.72,1504.09
2,1,0,13.7,71.0,5000,8,7.2,7.1,0.0,66.03,1959.32
5,4,0,26.8,45.8,2200,8,9.9,7.5,0.0,54.55,1659.18
4,5,0,25.3,58.5,1200,7,7.8,7.1,1.7,40.79,1208.01
2,1,0,17.6,63.4,5000,1,5.7,5.2,1.7,44.03,1350.91
9,4,0,23.2,58.9,800,5,4.4,4.6,0.0,25.05,688.37
9,4,0,26.4,49.2,800,7,4.6,5.4,3.6,30.03,838.56
6,4,0,31.4,37.7,3500,9,10.2,5.8,9.7,62.93,1838.14
11,1,0,12.9,65.4,1500,4,7.7,3.9,5.7,33.74,1011.65
6,5,0,34.6,29.5,4500,8,12.1,6.1,8.6,72.72,2081.75
8,6,0,35.4,49.3,3500,1,7.5,7.8,1.8,49.46,1504.53
6,3,0,25.7,20.0,3500,4,8.3,5.1,11.9,49.34,1507.79
1,1,0,14.9,43.3,800,4,7.7,6.1,0.0,32.38,892.77
4,4,0,24.9,42.0,800,2,5.9,4.2,6.8,22.01,642.02
7,5,0,27.5,63.8,1200,3,6.9,6.6,0.0,33.14,1077.75
2,6,0,17.2,65.8,1200,3,7.3,4.3,3.6,23.96,699.04
9,2,0,26.7,48.4,2200,9,7.6,5.3,0.5,48.68,1415.05
8,0,0,22.3,61.3,5000,7,4.6,6.5,6.7,56.37,1674.21
8,4,0,31.0,63.2,3500,2,10.0,3.7,4.3,47.71,1484.04
7,2,1,25.0,48.7,1200,9,9.6,6.5,3.8,47.92,1385.9
4,3,0,26.2,35.9,2200,8,7.1,7.4,6.0,46.52,1420.46
2,6,0,12.1,55.0,2200,6,9.8,5.8,7.9,49.76,1511.84
3,6,0,17.3,53.8,4500,6,6.8,6.9,9.9,54.4,1631.52
12,4,0,21.2,45.2,5000,2,10.9,3.3,1.7,54.26,1610.81
6,6,0,31.2,54.4,4500,3,9.1,6.0,0.0,61.9,1898.73
12,2,1,10.2,63.4,1200,6,10.6,4.9,4.6,42.87,1234.82
12,4,0,10.5,65.3,1800,3,11.5,5.9,0.0,43.22,1314.76
5,1,1,23.3,54.0,1200,7,5.4,8.1,0.0,37.31,1049.52
12,5,0,16.8,68.8,2800,5,8.7,1.0,0.0,41.04,1274.61
8,2,0,30.5,50.3,1800,4,10.6,4.5,3.3,45.54,1400.27
6,5,0,25.1,52.4,3500,8,8.1,2.4,0.0,51.27,1519.33
6,1,0,23.7,45.2,1200,2,8.3,3.4,0.0,29.08,861.9
1,1,0,15.3,52.3,5000,3,6.4,4.6,0.0,52.81,1605.8
4,5,0,21.2,68.6,2200,4,10.4,6.7,3.9,44.15,1263.48
5,2,0,35.7,26.1,800,6,5.6,6.8,5.4,35.28,1044.98
12,5,0,15.2,70.5,1500,5,6.1,6.7,2.5,36.35,1090.4
11,5,0,26.2,51.9,1800,5,4.9,6.3,2.2,34.69,963.91
3,0,0,12.7,46.0,1500,7,11.9,3.7,9.2,45.63,1409.3
9,2,0,18.9,58.1,2800,8,6.4,7.0,0.0,46.24,1480.81
1,0,0,9.0,41.5,2800,6,7.7,4.6,5.6,45.55,1474.72
6,4,0,34.3,40.2,3500,3,8.8,6.0,5.1,51.94,1470.38
6,6,0,36.8,39.8,5000,4,7.7,4.0,3.7,64.32,1981.82
10,5,1,18.5,54.8,5000,1,8.0,4.8,4.5,50.35,1482.1
5,4,0,23.9,41.0,3500,5,8.3,5.4,6.8,48.47,1449.12
12,2,0,9.8,79.2,800,8,10.0,6.3,0.0,46.73,1357.71
5,5,0,17.8,72.2,1500,3,5.5,4.0,0.0,29.76,920.13
10,6,1,25.2,33.2,2200,4,10.3,6.4,0.9,49.17,1362.48
5,4,0,27.0,57.2,2800,4,9.4,3.4,0.0,46.51,1341.31
6,3,0,29.0,60.3,2800,6,4.9,8.2,1.1,46.15,1282.86
8,1,0,22.6,59.0,2200,9,6.1,4.8,0.3,45.87,1350.08
2,5,0,22.5,49.6,2800,3,4.1,2.4,0.0,32.83,970.8
6,6,0,26.7,47.1,5000,4,10.7,5.3,0.0,62.27,1797.28
1,1,0,16.4,50.4,800,6,6.5,5.0,4.9,32.76,1006.27
4,0,0,15.5,47.5,800,6,4.9,4.2,0.0,30.05,921.0
10,4,1,21.1,43.0,5000,7,5.7,7.7,0.0,59.99,1838.66
3,0,0,19.3,53.6,4500,1,9.7,6.2,2.2,47.99,1502.98
9,6,0,27.5,37.0,5000,9,9.7,6.6,2.7,67.73,2019.92
3,5,0,18.7,52.6,3500,2,5.6,3.8,4.8,34.9,1057.02
6,1,0,31.2,35.0,2800,4,8.7,4.6,2.2,46.88,1360.38
1,1,0,8.9,61.8,5000,3,11.6,4.4,0.0,65.12,1956.63
12,4,0,16.0,51.8,1200,3,10.3,2.6,3.0,32.74,987.28
6,5,0,29.4,53.5,1800,5,5.4,5.9,0.0,38.49,1223.33
4,3,0,23.0,65.5,1200,7,6.9,6.2,0.0,38.89,1190.82
8,3,0,29.3,71.6,2800,7,7.8,5.9,0.0,49.28,1503.41
11,4,1,12.3,29.0,800,7,7.6,6.0,4.5,38.94,1154.6
9,5,0,20.1,45.0,3500,3,9.0,3.6,1.1,42.02,1113.61
4,4,0,12.0,48.9,3500,9,6.0,4.6,2.4,53.48,1605.47
10,5,0,25.7,63.0,3500,6,9.0,5.1,0.3,53.96,1597.35
12,6,0,18.8,40.2,1800,8,2.1,7.9,6.7,34.59,987.67
10,6,0,25.8,45.7,4500,1,6.0,6.8,5.1,44.49,1368.03
6,0,0,30.3,51.6,2200,4,8.9,6.2,6.6,44.52,1380.03
1,4,0,4.4,60.3,1200,7,8.4,8.7,4.0,47.67,1384.8
4,5,0,17.4,57.0,2200,9,11.5,6.7,6.3,54.63,1640.61
7,3,0,30.8,56.0,5000,3,7.5,6.3,5.9,56.97,1704.25
12,5,0,15.7,64.1,800,6,6.0,7.8,0.0,32.71,1032.42
1,6,0,13.0,61.7,1200,8,7.0,6.8,0.0,39.9,1216.68
8,5,0,30.6,53.2,4500,3,10.0,7.8,0.6,60.87,1858.17
12,4,1,15.1,68.0,2200,6,9.6,5.6,3.3,49.04,1454.6
10,0,0,22.5,30.6,5000,9,5.6,4.9,5.2,59.72,1810.2
12,0,0,12.2,78.5,2800,9,9.3,5.8,0.0,60.57,1856.35
11,0,1,22.4,32.9,4500,6,7.2,6.0,0.0,57.23,1821.11
6,0,0,27.0,37.1,800,5,4.9,4.1,0.0,29.14,849.85
5,6,0,20.0,47.9,5000,1,6.1,4.0,7.9,43.73,1295.47
10,2,0,18.5,65.6,5000,3,5.5,4.7,1.2,48.82,1431.36
11,4,0,16.4,23.4,1500,3,4.3,3.7,12.4,21.62,628.48
9,1,0,30.5,54.7,800,4,9.3,4.5,0.0,35.41,1124.49
2,4,1,14.9,67.0,4500,5,9.9,6.6,0.0,64.17,1887.8
5,2,0,25.2,62.6,4500,8,7.3,7.0,0.0,62.8,1901.54
6,0,0,23.3,41.6,5000,9,1.5,3.8,7.6,53.25,1642.4
7,2,0,33.5,47.1,2800,7,8.8,6.2,3.1,53.49,1658.66
5,3,1,23.1,43.3,5000,6,4.8,5.5,3.2,57.95,1803.95
9,3,0,25.5,50.3,5000,3,10.9,6.9,5.8,58.48,1775.58
1,6,0,20.7,46.9,1800,9,5.4,5.5,2.6,39.98,1216.18
7,4,0,32.3,40.0,2200,1,6.2,3.2,3.9,30.79,898.13
10,4,0,14.7,62.7,2800,9,7.8,5.2,0.0,55.87,1587.48
7,1,1,22.0,52.2,2800,3,7.6,3.5,7.3,39.5,1158.2
4,6,0,21.7,58.4,1200,9,6.4,2.5,1.1,38.31,1156.46
9,1,0,20.5,57.6,1800,1,4.5,5.0,3.0,24.56,782.41
12,3,0,18.0,68.5,5000,8,6.0,6.6,0.0,61.77,1920.66
11,0,0,18.2,69.9,3500,6,8.4,5.9,3.9,48.75,1462.79
5,2,0,26.7,29.8,5000,9,7.9,4.0,7.0,64.0,1970.6
4,1,0,18.8,42.2,2800,4,10.7,3.4,10.8,40.76,1230.33
7,5,0,37.8,47.9,3500,5,11.2,5.8,6.8,59.08,1781.76
4,1,0,34.8,52.2,5000,6,7.1,8.1,0.0,66.1,1969.54
3,0,1,16.7,47.0,1800,9,6.9,7.8,6.0,45.69,1349.3
9,0,0,27.6,65.9,5000,6,6.9,5.2,2.8,57.07,1685.92
11,4,1,18.4,83.1,1500,9,3.7,6.2,0.0,37.29,1093.94
8,2,0,27.8,54.7,4500,2,8.3,6.6,2.2,54.04,1590.85
1,0,0,10.3,60.3,1500,4,8.4,5.2,0.0,38.24,1185.46
7,6,0,25.1,60.9,1500,3,7.5,3.3,0.0,29.52,942.7
9,1,0,20.9,32.6,1500,4,9.7,1.2,11.3,31.0,895.84
8,1,0,30.8,52.8,5000,1,8.7,5.4,7.6,55.18,1615.24
8,3,0,26.6,64.2,1500,2,9.7,4.9,0.0,35.47,1055.71
6,0,0,17.3,42.3,2800,4,6.7,2.8,0.6,35.89,1037.43
11,5,1,20.0,44.6,1800,4,7.1,3.3,8.4,32.48,928.61
4,4,0,21.8,50.3,1200,5,6.5,5.1,5.8,29.27,862.4
8,2,0,35.0,51.8,1500,9,10.7,5.1,2.7,53.71,1622.26
3,5,0,19.7,44.1,2200,1,6.1,7.2,0.0,30.56,927.2
9,4,0,19.3,80.2,1800,8,9.4,7.9,0.0,48.03,1426.8
2,1,0,5.0,51.8,2200,3,12.1,4.0,4.8,44.46,1310.2
2,5,0,11.8,43.7,800,9,9.0,8.2,1.2,46.28,1415.8
12,4,0,12.3,58.9,1800,8,10.4,8.2,0.0,52.21,1583.78
12,1,0,19.3,70.9,1500,8,6.8,6.2,0.0,38.5,1162.75
7,1,0,30.0,50.9,1200,9,10.9,4.5,0.0,49.71,1465.91
12,1,0,20.2,65.8,3500,4,3.9,5.6,0.0,38.82,1224.59
10,1,0,16.0,47.0,5000,5,11.8,2.3,0.0,61.99,1800.72
4,6,0,26.3,70.4,800,7,7.9,4.8,0.8,35.28,1033.24
10,1,1,25.2,64.2,3500,2,5.0,5.6,0.0,42.3,1224.6
8,3,1,19.8,65.1,800,7,7.9,6.3,0.0,34.63,1038.98
9,5,0,32.0,59.4,2200,3,11.9,4.6,0.0,47.07,1382.07
7,4,0,30.4,60.6,800,6,6.8,5.7,5.6,34.92,1051.84
5,3,0,27.8,40.2,1500,6,7.1,4.1,1.6,41.04,1254.76
8,6,1,25.0,46.6,4500,6,9.2,7.7,4.6,62.34,1927.12
4,3,0,27.7,68.7,1800,2,9.1,7.4,0.0,41.88,1266.05
2,0,0,9.7,76.2,800,9,8.5,7.0,0.0,47.5,1433.96
11,0,1,21.7,45.6,800,8,5.7,5.4,8.4,33.93,1037.26
12,0,0,18.8,63.0,4500,7,4.2,4.5,0.0,50.76,1419.98
6,2,0,24.5,44.8,4500,9,5.1,7.2,9.7,55.52,1668.19
9,0,1,34.9,46.6,1800,4,6.8,5.7,10.4,39.47,1134.27
1,4,0,15.0,62.7,1800,2,7.1,3.7,5.8,30.49,885.49
11,3,1,20.9,73.0,1200,4,7.4,7.0,0.0,34.43,1027.5
10,4,0,15.1,62.9,1200,3,7.2,4.6,0.1,32.01,1003.16
12,5,1,24.6,56.2,2800,2,9.3,3.9,6.7,42.88,1206.86
7,0,0,24.5,56.8,4500,2,5.8,6.6,3.8,47.35,1431.26
10,6,1,26.6,53.2,3500,8,4.7,4.6,6.0,51.99,1564.36
9,2,0,21.5,59.9,3500,5,8.5,5.7,5.0,49.06,1491.2
10,5,0,19.2,74.3,1500,6,7.3,7.5,2.4,38.03,1241.56
9,6,0,29.5,30.1,1200,8,11.0,7.6,2.1,48.63,1528.94
10,2,0,26.6,67.1,3500,7,7.0,6.2,0.0,56.65,1712.6
11,5,0,12.3,40.9,1800,7,11.8,3.9,1.3,50.48,1539.63
3,3,0,22.9,69.7,800,7,4.4,5.0,0.0,30.81,922.65
11,4,0,22.7,51.7,800,7,5.9,9.3,2.5,34.26,1061.97
5,1,0,21.8,36.1,1800,8,7.1,7.2,5.2,47.0,1411.6
8,4,0,36.1,60.8,2200,1,9.6,4.8,0.0,40.85,1244.73
8,0,1,22.4,56.9,2200,3,6.9,3.4,0.0,36.21,1056.4
4,6,0,19.2,40.5,800,1,9.0,2.3,0.0,23.89,727.07
12,1,0,17.2,45.0,1500,8,7.9,7.6,10.3,39.44,1244.49
11,2,0,14.2,57.1,2800,2,7.7,7.1,5.5,41.33,1265.45
11,3,0,19.2,44.9,3500,7,9.0,5.6,4.4,53.2,1601.24
1,3,0,15.1,46.6,800,6,8.8,5.0,0.0,34.64,908.64
1,2,0,13.2,60.7,4500,1,8.3,6.8,0.0,52.64,1596.46
4,0,1,25.7,40.9,1800,6,7.3,3.4,5.8,38.27,1144.17
6,2,0,27.9,55.1,5000,9,7.3,8.9,4.4,67.81,1986.01
8,5,0,30.0,70.4,2800,3,10.4,6.4,0.0,47.89,1433.68
6,6,0,34.1,48.2,800,7,11.7,3.8,4.6,46.35,1387.69
12,6,0,18.6,61.6,1200,4,9.3,6.6,0.0,36.88,1106.67
9,0,0,29.5,79.2,1500,1,9.4,4.1,0.7,31.88,989.92
9,1,0,20.8,40.7,1200,7,5.0,3.7,3.7,29.66,880.29
2,2,0,17.4,71.8,3500,1,7.7,6.3,0.0,40.98,1218.36
10,0,0,18.0,70.4,800,4,5.8,3.7,0.0,26.78,787.51
1,6,0,8.2,69.6,5000,9,10.2,3.9,1.1,70.13,2114.9
2,1,1,14.7,73.0,1200,5,10.7,6.2,0.0,43.48,1328.78
5,2,0,21.9,54.0,1800,7,8.6,5.5,0.0,42.7,1339.01
4,3,0,25.6,45.5,4500,7,9.2,7.2,4.5,61.84,1879.02
4,2,0,25.7,65.6,1500,3,7.4,4.8,0.0,36.35,1138.96
9,4,0,17.4,68.6,5000,8,8.9,5.2,2.1,62.99,1927.79
11,2,1,14.3,72.6,3500,1,6.7,2.0,0.0,39.91,1204.18
8,4,0,22.4,53.0,1500,4,3.5,6.2,0.0,28.98,836.72
6,1,0,26.8,41.4,1500,4,8.3,5.4,1.9,36.36,1108.98
1,2,1,16.0,61.6,2200,2,6.7,7.0,7.0,35.21,1126.42
2,1,0,14.0,68.8,2200,6,11.7,6.7,0.0,52.31,1618.19
6,1,0,26.3,62.3,2200,1,10.9,5.6,3.7,41.18,1292.91
11,6,0,23.9,54.2,5000,3,5.5,4.2,0.0,52.14,1481.23
2,0,0,4.7,61.3,5000,9,12.3,5.3,1.3,77.24,2228.76
10,1,0,27.6,41.8,2800,6,4.0,6.4,0.0,41.67,1228.29
5,1,0,23.6,62.5,3500,2,7.5,5.1,0.0,41.53,1267.26
5,6,0,25.6,41.3,4500,9,8.0,8.0,0.8,68.07,2025.24
6,6,0,26.6,59.4,5000,2,5.7,7.2,0.0,52.68,1571.41
6,2,0,35.9,36.2,2800,7,10.8,5.3,0.6,57.27,1651.51
6,6,0,23.4,62.4,4500,1,4.9,5.2,0.0,41.61,1220.98
2,2,0,15.1,61.4,1200,5,9.5,4.3,0.0,35.74,1032.21
10,3,0,24.4,48.1,4500,7,7.4,5.5,0.0,58.32,1711.05
3,6,1,10.8,63.3,1200,3,12.0,6.7,0.0,45.3,1325.89
6,0,1,24.8,42.9,4500,4,4.1,4.6,0.0,52.02,1511.26
8,1,1,28.3,61.5,1200,5,6.5,4.9,0.0,38.98,1061.56
12,0,1,11.1,56.7,1500,3,8.0,3.5,7.8,35.13,1117.42
11,4,0,14.3,38.7,3500,6,9.0,4.8,10.5,49.74,1486.95
12,6,0,13.5,48.2,5000,3,8.8,6.2,0.0,58.94,1737.27
1,1,0,16.9,54.2,1500,8,8.1,5.4,2.5,39.01,1163.85
1,0,0,12.5,75.7,2200,7,7.3,4.0,0.0,43.2,1310.99
11,6,0,22.9,70.1,5000,1,2.8,5.4,0.0,43.46,1308.9
2,6,0,10.6,77.0,3500,2,7.6,5.1,0.0,47.28,1385.32
11,3,0,12.4,79.2,1200,4,11.4,7.1,2.3,44.51,1380.0
12,3,1,23.7,53.6,2200,5,5.6,5.3,3.5,38.84,1138.44
12,1,0,12.1,57.7,2200,4,9.0,3.9,3.4,43.71,1300.83
6,4,0,23.0,45.1,5000,4,6.7,6.8,5.1,53.57,1684.66
9,3,1,18.2,46.9,1200,9,7.2,4.4,1.8,40.8,1316.7
4,3,0,26.8,30.4,800,4,5.1,3.4,4.0,26.04,832.85
3,4,0,16.5,54.8,1800,4,9.0,3.8,0.9,39.51,1155.21
12,0,0,13.9,44.6,1800,4,7.9,4.5,8.9,37.34,1101.07
8,3,0,28.2,52.1,800,2,12.8,2.4,1.7,36.74,1067.13
11,2,0,22.6,84.7,3500,8,5.7,3.2,2.8,49.03,1460.21
10,5,0,21.2,51.4,1200,4,8.0,6.6,0.0,35.48,1088.43
9,5,0,36.5,57.3,5000,5,9.9,5.2,0.0,67.23,1932.31
12,3,0,15.7,70.9,3500,8,11.4,5.6,0.0,61.47,1797.55
11,0,1,22.8,62.7,3500,4,8.0,5.3,0.0,54.38,1636.32
5,6,1,29.6,54.2,800,5,6.0,6.3,6.7,35.68,1066.07
9,0,0,25.8,50.7,5000,5,10.3,4.3,0.0,62.3,1848.83
2,1,0,12.4,54.7,5000,6,10.1,6.4,0.0,67.77,1970.25
3,2,1,19.5,43.5,1200,7,5.5,5.9,3.4,33.67,983.28
7,0,1,32.3,60.8,5000,3,6.2,3.9,4.7,55.07,1630.3
7,4,1,27.4,29.8,1200,3,10.3,6.2,6.0,38.71,1101.41
6,2,1,29.7,61.7,1200,9,12.1,6.0,0.5,53.63,1571.31
6,5,0,34.5,33.2,4500,1,12.3,3.5,5.3,60.62,1809.85
2,2,0,24.4,69.1,1500,8,8.8,4.3,0.0,44.41,1353.56
10,4,0,25.8,53.3,1500,3,8.6,6.0,10.9,34.96,1089.97
6,3,0,37.3,35.2,3500,5,13.0,7.0,10.2,62.75,1835.37
4,4,0,19.2,59.5,2800,3,6.0,5.7,7.6,33.56,991.04
12,4,0,18.2,71.1,3500,1,3.2,6.4,9.3,32.17,954.04
3,3,0,24.0,49.7,2800,5,8.4,7.3,7.2,45.32,1350.69
11,3,0,14.0,68.0,5000,8,8.9,5.5,0.0,64.63,1926.89
2,3,0,12.9,30.1,1200,5,5.6,5.7,9.5,32.76,930.11
1,3,0,21.8,43.5,4500,4,1.9,6.4,10.9,40.71,1242.67
11,3,0,13.6,74.8,2800,9,8.4,4.2,0.0,50.11,1489.17
11,4,0,12.0,56.6,1800,1,8.4,6.7,0.0,35.76,1074.28
5,1,0,32.9,28.3,2800,5,9.1,7.5,11.8,50.43,1516.48
2,1,1,20.5,49.1,2800,1,7.3,4.0,0.0,37.83,1107.61
2,0,0,17.0,46.4,1500,6,5.7,9.9,3.3,38.46,1188.2
7,1,0,29.8,48.7,4500,9,10.0,7.1,5.3,67.88,2016.09
8,5,0,27.0,48.1,2200,2,9.2,5.0,1.9,39.86,1203.38
10,1,0,23.3,59.6,1800,4,1.4,2.3,2.6,22.01,664.58
8,4,0,36.0,51.7,1200,8,10.4,5.7,4.3,51.13,1545.48
4,3,0,23.1,68.8,800,3,7.0,5.9,0.5,30.13,952.29
1,3,0,23.8,64.4,3500,7,8.3,6.2,0.0,49.81,1461.84
11,6,0,14.0,64.8,1500,7,9.2,3.7,0.0,41.28,1237.92
7,6,0,29.9,64.7,1500,2,5.2,4.2,0.0,30.04,899.32
1,6,1,12.3,54.7,1500,4,8.8,6.4,0.0,41.99,1246.55
11,4,0,13.1,44.2,1500,1,7.9,6.0,8.7,32.46,995.78
4,5,0,21.3,67.0,1200,8,8.2,7.2,0.8,43.91,1264.89
8,1,0,30.8,54.1,2800,9,6.5,6.1,1.9,55.02,1713.5
2,4,0,17.4,59.2,1500,1,7.1,5.1,0.0,24.98,814.42
6,0,0,38.7,42.4,800,7,13.1,6.5,4.0,51.78,1524.94
6,3,0,31.0,42.6,5000,1,10.5,5.2,3.9,58.79,1759.28
12,6,0,20.2,70.2,2800,1,5.9,2.8,0.0,30.76,842.15
9,2,0,26.3,66.8,2800,9,9.9,8.2,2.8,58.3,1719.57
5,0,0,33.6,60.1,5000,6,8.3,7.0,0.0,68.79,2167.67
10,6,0,32.8,67.0,1200,1,11.0,5.7,0.0,38.4,1179.01
4,5,0,24.4,59.3,5000,7,8.8,3.6,4.6,60.69,1851.48
5,0,0,21.5,52.2,1500,3,3.4,6.6,7.6,22.49,652.42
12,4,0,12.6,57.9,1500,4,11.1,4.7,1.5,44.61,1333.7
12,1,0,16.3,74.5,1500,4,4.1,6.6,0.0,30.78,920.71
10,3,0,24.1,53.0,800,8,7.7,6.6,6.7,37.05,1048.45
11,5,0,21.1,63.8,3500,1,5.1,4.6,0.1,37.27,1123.44
5,5,0,28.1,41.0,3500,8,10.2,7.4,4.3,58.33,1783.67
8,2,0,29.0,44.6,1200,9,9.1,4.1,9.3,47.06,1491.27
10,0,0,19.1,54.7,2800,7,10.2,5.8,4.4,51.7,1561.78
12,2,1,16.9,50.4,1800,1,9.5,7.6,0.4,42.19,1259.63
8,1,0,37.3,62.1,3500,7,11.2,6.4,0.0,66.44,1987.23
2,6,0,19.7,41.3,3500,6,8.8,7.0,2.5,52.28,1584.98
7,1,0,32.4,51.9,1800,5,9.2,5.6,3.5,43.46,1338.41
8,6,0,33.6,54.1,1500,5,7.6,5.5,3.7,39.73,1239.91
11,2,0,16.3,37.6,3500,1,6.5,3.3,0.0,35.76,977.23
6,3,0,26.6,44.7,5000,6,7.5,5.4,0.5,64.18,1973.33
5,1,0,22.6,53.7,1800,4,0.3,6.4,0.0,25.34,706.18
11,2,1,17.4,64.5,2800,1,9.8,3.5,0.5,42.57,1232.86
9,0,1,24.1,52.5,3500,8,6.7,4.4,0.0,56.09,1673.25
3,2,0,23.4,63.1,1500,8,8.6,6.4,0.0,44.16,1347.36
12,2,0,12.9,58.7,2200,4,8.8,6.6,0.0,42.28,1209.27
10,4,0,18.4,57.7,800,7,3.7,8.7,3.2,29.63,862.14
4,1,0,30.7,55.5,2800,3,9.1,4.9,2.4,42.88,1299.29
9,3,0,24.0,66.1,2200,8,6.7,5.4,0.0,43.03,1312.62
6,3,1,29.6,41.9,3500,7,7.2,6.9,4.2,57.9,1757.65
8,4,0,31.0,46.7,5000,5,8.2,6.4,5.4,63.57,1949.45
7,6,1,24.9,42.6,1800,5,7.2,5.1,4.7,39.4,1233.47
11,5,0,23.6,55.3,5000,9,1.9,5.9,0.0,57.63,1733.73
2,6,1,17.9,74.6,2800,6,7.7,4.7,6.3,47.76,1429.71
3,3,0,25.0,61.9,2200,6,8.4,3.9,1.8,42.46,1238.09
1,2,0,10.9,45.8,1200,2,10.0,5.0,7.3,36.0,1053.97
9,4,0,26.4,47.8,800,5,7.1,7.8,0.0,34.73,980.59
7,0,0,30.2,55.1,4500,4,12.7,4.3,0.0,62.63,1941.4
1,1,0,15.2,48.5,2800,3,8.8,3.1,0.2,41.63,1245.83
3,1,0,11.5,46.3,3500,9,8.0,4.4,10.7,53.07,1625.59
4,1,0,22.5,68.6,2800,7,4.0,6.5,0.0,42.58,1397.87
4,2,0,15.6,45.1,3500,4,4.9,6.0,2.7,38.62,1258.78
5,0,1,27.6,62.1,5000,9,8.8,7.8,7.0,72.65,2229.4
3,4,1,8.4,70.1,2200,9,11.2,7.5,0.0,59.35,1763.54
3,4,0,9.7,46.2,800,7,9.6,6.1,2.8,42.43,1308.95
1,1,0,17.7,48.7,800,5,6.9,6.5,0.0,34.42,1032.37
7,0,0,27.5,47.4,5000,9,7.3,4.8,10.3,63.56,1864.5
11,0,0,13.6,46.3,2200,7,9.2,6.7,0.0,46.15,1343.46
10,0,0,27.7,59.0,1200,9,6.5,5.7,0.0,42.67,1318.44
1,3,0,15.5,56.9,1500,3,7.6,6.6,0.0,34.11,1056.43
2,3,0,19.0,61.8,800,9,6.8,6.5,0.0,39.87,1251.02
4,1,1,21.3,69.3,2800,1,7.2,4.4,0.0,36.8,1093.39
4,0,0,34.1,62.3,2800,5,8.3,3.8,0.0,51.08,1512.53
5,5,0,23.3,56.5,1500,2,4.7,4.4,0.0,26.36,741.78
11,0,0,25.9,35.7,1500,1,7.6,5.4,7.0,30.62,844.02
2,4,0,14.8,62.8,3500,3,8.3,4.1,0.0,45.75,1334.36
4,4,0,14.6,73.2,800,7,7.9,5.5,0.0,39.85,1166.16
1,1,0,16.2,23.2,2200,3,2.0,6.9,6.3,27.17,763.92
2,5,0,16.5,65.8,1500,9,8.0,7.7,3.7,42.41,1249.21
1,0,0,9.3,57.4,2200,3,14.6,6.0,0.3,50.57,1602.42
10,6,0,17.9,47.3,1800,6,8.8,7.6,3.7,42.93,1256.93
10,5,0,21.9,67.1,2800,2,2.4,3.3,0.0,28.51,772.09
4,1,0,23.6,73.0,5000,8,6.0,7.7,0.0,62.74,1889.04
4,4,0,10.9,61.8,1200,5,8.6,3.5,3.2,38.95,1197.33
7,6,0,34.7,46.2,4500,2,9.5,5.2,7.7,55.96,1638.93
10,4,0,19.8,46.2,1200,7,3.9,4.5,7.2,29.16,908.9
11,3,0,12.0,61.1,1800,3,6.9,6.4,2.2,37.91,1218.52
11,1,1,22.2,69.8,5000,5,8.2,3.2,0.0,55.42,1652.11
9,1,0,25.9,50.4,1800,9,9.0,3.3,0.0,48.61,1491.75
9,0,0,31.5,51.5,3500,1,8.9,4.1,0.0,48.51,1496.9
5,0,0,28.0,84.5,2200,2,10.0,4.1,0.0,41.68,1268.89
10,3,0,22.0,70.4,1200,5,5.0,4.6,0.0,29.83,935.78
1,6,0,13.3,73.1,4500,4,7.6,4.4,0.5,54.83,1668.86
1,2,0,16.2,41.8,1200,1,6.7,6.1,2.3,22.58,634.78
6,5,0,27.1,41.5,1500,7,4.7,5.6,0.0,37.08,1011.62
2,2,0,11.2,58.4,3500,9,8.4,8.2,5.4,58.47,1762.51
8,2,0,31.7,40.5,2200,1,12.5,5.4,0.3,46.1,1372.59
9,1,0,25.3,74.2,1500,8,10.3,7.1,0.0,47.01,1337.09
4,5,0,22.2,69.4,1200,9,6.6,6.8,0.7,42.44,1263.51
5,1,0,30.9,44.3,2800,2,8.5,3.9,1.1,41.65,1243.44
11,5,0,17.5,80.7,800,1,10.6,4.3,0.0,26.55,809.96
8,4,0,29.0,52.4,4500,6,7.9,7.1,2.9,58.58,1807.57
3,1,0,15.3,86.1,2200,7,6.7,3.0,0.0,39.16,1138.47
5,1,0,27.9,52.4,2200,2,10.0,5.9,0.5,41.7,1158.1
3,1,0,19.6,61.9,1200,5,3.0,5.2,0.1,26.84,787.11
12,6,0,19.1,76.8,3500,5,6.3,4.4,5.9,42.08,1299.03
10,3,0,19.4,72.8,2200,7,6.3,5.3,2.6,37.77,1193.32
3,1,0,15.9,61.1,4500,1,8.6,7.5,3.6,50.39,1484.58
3,0,0,21.6,53.3,2200,8,5.0,3.2,3.3,38.5,1181.32
12,0,0,16.2,66.2,5000,5,7.1,3.7,5.5,53.46,1554.3
7,5,0,25.9,40.9,2200,3,7.7,2.4,7.7,32.89,987.01
7,4,0,35.9,52.5,1500,9,10.0,5.2,7.1,54.02,1492.37
7,3,0,22.4,37.4,1200,3,6.0,4.4,10.2,24.01,705.56
10,6,0,25.5,36.1,2200,7,9.0,5.9,7.9,43.81,1328.69
8,5,0,23.2,53.1,2200,7,7.8,5.0,3.9,43.34,1279.54
5,0,0,34.5,65.8,2800,8,11.1,6.5,0.0,62.51,1812.12
5,3,0,19.0,61.8,1200,8,3.3,4.6,7.7,30.54,919.69
4,3,0,27.2,51.5,2200,4,8.7,8.5,1.8,41.95,1340.1
7,4,0,29.6,71.6,800,1,6.9,6.0,0.0,29.6,850.61
10,3,0,20.4,50.7,1500,4,10.2,6.2,3.6,38.07,1109.94
4,1,0,22.8,29.5,1500,6,6.5,6.5,5.6,37.11,1102.5
2,3,0,17.9,31.3,1500,6,6.5,4.0,2.0,39.2,1250.87
4,4,1,17.9,38.3,1500,6,10.0,5.2,0.8,45.05,1291.51
8,5,0,25.3,62.3,4500,7,9.7,5.4,0.0,63.61,1873.69
9,4,0,28.9,47.4,800,1,7.9,4.4,3.2,26.27,818.5
3,6,0,10.3,60.5,2800,1,6.9,4.6,0.0,38.25,1091.9
7,4,0,27.4,70.4,2800,7,4.4,6.9,0.0,43.69,1272.11
12,0,0,28.8,46.8,800,4,6.2,5.3,6.7,29.37,960.97
9,1,1,21.6,60.7,800,6,6.8,6.0,0.0,37.77,1211.66
11,0,0,23.2,65.8,1500,6,6.4,3.1,0.0,35.2,1082.56
4,5,0,19.4,42.2,4500,9,4.6,3.3,3.7,57.07,1726.88
10,2,0,24.3,73.8,2800,2,6.2,3.8,0.0,36.75,1076.07
3,5,1,20.9,51.5,1800,4,9.5,7.9,0.9,43.3,1299.2
5,1,0,31.1,46.1,2200,4,11.3,8.4,1.2,50.67,1485.77
1,3,0,13.1,84.7,1500,7,11.9,7.2,0.0,54.01,1688.61
3,4,0,26.9,61.3,2800,1,6.4,4.5,0.0,35.25,1064.1
8,2,0,26.3,63.6,2800,5,9.2,6.1,6.4,46.28,1381.41
11,1,0,19.1,75.6,2800,4,8.0,7.3,0.0,42.22,1269.04
8,0,0,30.0,44.7,5000,2,11.6,8.0,6.3,66.73,1973.3
4,4,0,17.0,67.5,4500,5,7.2,3.8,0.0,52.73,1605.01
2,5,0,13.8,51.5,2800,9,6.6,6.2,9.2,50.08,1492.49
8,0,0,29.7,46.0,1200,8,6.8,5.3,0.6,42.49,1405.52
8,1,0,27.0,49.2,1800,9,7.8,6.8,0.0,48.35,1430.84
10,1,0,33.0,50.0,2800,7,9.8,5.8,1.6,54.62,1676.19
4,5,1,18.2,62.4,5000,7,7.4,4.2,0.0,59.93,1880.95
3,2,0,23.3,58.2,1200,2,3.9,5.8,0.0,22.13,538.36
2,5,1,18.9,51.6,2800,3,9.2,4.3,9.6,38.01,1120.95
9,3,1,25.9,63.1,3500,8,4.8,5.7,0.0,53.13,1662.7
1,0,0,10.1,56.0,4500,2,11.9,5.2,0.6,56.17,1583.97
7,2,0,26.5,46.7,5000,7,7.0,8.2,0.0,65.03,2004.65
5,4,0,23.7,51.3,2200,6,10.5,6.1,9.3,47.63,1443.66
8,6,0,20.9,58.1,5000,4,2.5,5.3,0.0,45.15,1423.87
4,3,0,17.5,57.2,5000,4,9.4,6.5,1.1,59.72,1778.14
7,2,0,23.3,46.3,3500,3,4.6,4.0,0.0,40.18,1217.32
5,6,0,32.1,60.8,1200,6,7.1,5.8,0.0,42.8,1231.36
5,6,0,28.8,48.0,4500,3,11.7,6.3,0.0,60.32,1799.33
9,0,0,29.5,47.1,2200,9,10.1,6.8,0.0,53.58,1572.42
9,1,1,28.6,37.4,4500,4,5.3,4.6,5.6,50.06,1475.47
9,4,0,26.8,66.8,1200,4,8.1,5.9,0.0,32.85,992.19
12,5,1,21.6,60.1,3500,2,9.0,6.2,4.1,47.6,1392.75
6,0,0,26.2,52.5,2200,2,8.7,3.8,6.8,29.88,795.95
6,3,1,29.4,62.5,1800,7,8.6,4.8,6.1,44.95,1359.51
5,6,0,29.4,44.9,2800,5,10.8,5.0,0.0,52.12,1573.37
9,3,0,20.1,38.5,2200,3,7.0,8.8,1.2,35.47,1097.53
10,6,0,35.9,58.3,2800,6,7.2,4.5,0.0,48.91,1467.02
8,1,0,29.1,56.2,5000,6,8.6,6.1,0.0,65.76,1924.07
7,1,1,30.6,47.5,800,1,9.8,4.6,5.7,30.38,980.03
7,4,0,35.7,68.4,800,3,10.9,3.9,0.0,37.74,1116.95
6,5,1,33.0,20.2,2800,5,8.8,6.5,4.2,54.64,1595.56
5,4,0,26.2,64.1,1200,7,8.5,3.6,0.0,39.0,1235.45
4,1,0,22.6,62.0,4500,4,6.8,7.6,0.0,57.38,1797.99
3,1,0,11.2,60.5,3500,8,5.0,4.2,0.0,53.15,1470.08
3,3,0,15.5,20.0,2800,3,5.0,4.3,5.1,37.08,1070.66
6,1,0,31.3,65.4,1800,6,9.7,6.5,0.0,45.72,1363.35
4,2,1,24.0,40.2,5000,6,8.4,6.7,7.0,62.64,1891.73
12,6,1,20.6,53.9,3500,9,4.6,6.2,0.0,52.02,1590.04
12,0,1,14.5,58.0,3500,4,9.4,4.6,3.2,50.86,1639.11
6,1,1,22.7,54.9,2200,7,7.5,3.3,2.0,42.99,1240.39
3,4,0,22.8,62.7,800,1,6.2,5.0,0.0,22.1,670.07
4,5,0,28.5,63.2,1200,1,9.1,3.8,1.4,26.44,726.83
9,6,0,30.0,64.8,4500,2,9.5,8.8,0.0,56.59,1707.91
5,6,1,25.3,53.7,2200,4,9.0,5.6,3.5,46.85,1480.1
7,5,0,34.7,55.7,1200,6,12.0,3.7,0.0,46.6,1272.2
10,5,0,37.4,44.4,2200,4,8.8,4.9,3.6,44.95,1283.84
2,6,0,15.6,48.5,4500,6,6.2,6.7,2.1,55.13,1689.15
5,2,0,20.1,61.4,1800,2,9.2,6.9,0.0,35.55,1102.9
9,4,0,23.4,65.0,1500,9,8.5,5.4,0.0,41.29,1201.38
11,2,1,20.8,68.0,2200,3,7.3,5.1,0.0,37.79,1170.46
3,1,0,10.8,48.8,3500,7,10.6,6.5,6.9,60.22,1865.31
9,0,0,26.8,65.9,1200,1,10.0,3.7,0.0,32.76,1007.62
11,5,0,19.7,45.4,800,8,6.7,6.3,2.6,33.48,1070.12
6,4,0,35.8,62.9,2200,4,9.7,5.8,0.0,51.22,1551.18
4,5,0,27.9,49.4,3500,5,9.2,6.3,0.0,56.66,1688.0
7,2,0,33.9,70.9,4500,7,9.8,5.6,0.4,69.11,2086.12
8,3,1,19.2,34.2,4500,3,9.6,3.0,7.1,53.21,1634.25
6,1,0,33.1,71.2,5000,9,12.7,6.2,0.0,77.69,2258.15
5,0,0,29.2,46.3,800,9,10.2,4.6,2.6,45.32,1371.75
6,1,0,30.1,45.4,3500,8,6.2,8.4,3.9,59.02,1764.81
5,3,0,18.2,53.0,4500,1,4.6,7.7,7.2,38.05,1117.61
8,0,0,25.4,44.1,2800,2,4.7,3.5,0.0,32.24,916.12
1,3,0,8.7,58.5,1800,2,10.1,3.9,5.2,39.15,1089.86
11,1,0,8.9,50.5,3500,3,11.5,1.8,0.0,51.49,1521.44
7,2,0,30.0,42.3,1500,2,8.1,6.3,4.8,34.04,994.4
10,6,1,18.4,63.3,1200,1,5.5,4.2,0.0,27.49,867.09
10,1,0,33.8,46.7,2800,5,10.0,5.9,6.1,53.69,1661.53
11,1,0,17.2,50.1,1200,6,5.6,4.8,0.0,34.31,990.9
2,1,0,20.9,41.0,2800,7,6.6,3.3,0.0,42.11,1224.49
9,4,1,18.9,49.0,1500,7,6.1,6.0,1.8,38.07,1116.81
1,3,0,11.6,75.1,1200,2,7.5,7.1,0.0,33.71,1061.66
11,3,1,18.4,49.2,4500,7,7.0,5.7,0.0,59.69,1760.49
10,5,0,17.9,48.7,1800,2,8.7,3.7,1.8,35.78,1161.76
6,3,0,27.0,52.3,1800,2,4.8,5.0,0.0,30.39,917.36
9,5,0,25.0,50.6,3500,6,7.5,6.4,2.4,54.32,1649.52
1,4,0,12.9,86.1,4500,6,4.2,5.3,0.0,53.6,1586.83
4,2,0,30.3,50.5,5000,8,8.3,4.2,0.0,65.89,2049.57
4,5,0,23.7,56.5,4500,5,8.2,8.5,1.7,56.65,1719.05
9,1,1,28.2,66.3,1800,5,10.2,3.2,0.0,46.69,1379.09
11,2,1,20.4,70.4,1200,1,5.1,8.5,0.0,26.36,731.47
5,6,0,28.8,53.5,2200,4,7.3,5.3,1.8,40.31,1240.22
5,4,0,25.6,48.7,3500,1,6.9,6.4,3.7,39.85,1166.69
6,3,0,27.5,74.3,1200,5,5.7,5.8,0.0,33.92,1009.61
1,5,0,14.8,58.1,1800,8,8.2,4.5,1.4,45.66,1327.66
1,1,0,19.2,54.0,2800,1,4.5,7.1,2.7,31.1,891.51
9,0,1,31.1,47.2,4500,3,10.1,6.2,8.7,58.33,1722.43
3,6,1,16.9,34.3,2800,1,5.8,5.0,10.4,33.85,1012.58
4,0,0,25.5,62.4,2800,6,6.7,6.7,0.0,47.67,1376.65
1,2,0,13.1,31.2,2800,1,9.4,4.9,3.3,40.64,1207.83
9,3,0,26.2,54.9,1800,3,8.8,2.0,6.1,37.28,1086.01
8,0,0,26.8,50.0,1500,5,8.9,2.9,11.2,35.93,1072.44
2,2,0,14.3,84.4,800,5,8.5,5.5,0.0,36.0,1121.25
8,4,0,35.0,30.5,1200,2,8.0,4.7,7.9,34.6,1047.43
7,2,0,30.4,39.9,1200,3,8.8,5.2,2.7,36.34,1062.82
11,6,0,18.6,57.7,3500,9,6.4,5.4,2.6,50.67,1517.94
6,2,0,22.4,47.6,2800,1,5.6,3.4,0.0,30.32,936.47
1,6,0,12.6,52.7,4500,1,8.7,3.0,0.0,47.05,1443.05
7,2,1,28.9,49.7,5000,2,6.6,3.9,5.0,50.53,1525.25
10,1,0,18.3,42.4,2200,8,6.7,6.9,0.0,45.78,1454.29
7,2,0,30.1,55.0,1500,6,8.1,4.4,3.2,42.98,1249.64
9,5,0,24.1,27.1,1800,4,6.0,7.0,8.7,35.07,1075.82
1,2,0,14.4,59.0,4500,7,5.7,4.1,2.5,55.73,1668.86
2,1,0,15.6,50.3,1500,6,5.3,7.4,0.0,34.97,1094.96
11,1,1,13.7,71.5,1200,9,10.9,5.1,0.8,51.47,1544.55
9,4,0,24.2,76.1,3500,6,7.2,5.1,4.2,49.93,1591.67
9,6,1,26.3,51.0,1800,2,11.2,4.8,0.0,45.01,1354.31
6,3,0,34.3,66.7,4500,3,13.7,6.2,0.0,67.32,2052.59
6,0,0,30.1,46.2,800,9,11.2,6.3,2.1,52.05,1552.5
4,0,1,19.0,40.9,4500,7,4.0,5.9,4.9,53.01,1605.73
4,2,0,23.8,73.5,2200,6,9.7,5.5,0.0,47.2,1388.47
5,4,1,33.7,56.9,1200,5,9.6,4.6,0.0,46.41,1411.62
3,2,0,22.1,55.1,800,3,5.8,6.9,6.8,25.53,677.56
1,0,1,16.5,67.6,2800,4,6.5,5.5,3.0,39.79,1169.48
1,6,0,17.3,62.6,5000,1,6.4,6.0,0.0,46.89,1375.63
12,6,0,21.6,59.2,5000,5,7.0,5.8,7.6,59.32,1865.28
7,6,0,34.8,34.8,5000,7,14.7,5.1,3.3,77.3,2286.34
1,1,0,16.6,56.1,1800,2,4.0,8.8,2.1,30.8,902.22
1,3,1,18.8,66.8,2800,8,10.5,7.6,0.0,55.81,1640.02
3,4,0,13.1,53.5,2800,6,11.4,4.8,5.0,53.11,1611.8
10,1,0,15.2,68.3,2200,3,7.4,8.4,0.0,42.5,1260.05
4,3,0,22.7,57.1,1200,2,5.5,6.6,0.0,23.34,679.72
4,4,0,22.3,42.0,3500,8,3.7,4.2,0.0,46.49,1490.94
2,4,0,12.6,41.7,800,4,6.7,6.7,0.0,32.44,980.09
1,0,0,17.7,57.4,2800,7,5.8,6.3,0.0,45.94,1408.71
3,1,1,9.6,48.7,2200,7,9.2,5.9,0.0,56.69,1719.01
11,4,0,15.6,63.4,2200,9,7.6,7.4,1.9,49.32,1441.82
4,5,0,19.8,43.9,4500,8,7.9,6.3,1.7,58.66,1733.77
3,6,0,10.6,47.6,5000,8,10.4,2.8,1.5,67.53,1975.46
8,4,0,35.7,65.1,3500,7,10.9,3.7,0.0,66.06,1926.52
10,3,0,15.9,59.3,4500,5,7.4,4.2,4.1,53.01,1591.85
1,0,0,11.4,50.9,1200,9,11.2,8.9,0.0,54.36,1635.33
2,2,0,19.2,57.7,1200,7,8.2,6.7,0.8,35.08,1046.63
7,6,1,32.9,67.2,4500,3,10.5,6.1,3.9,62.26,1884.72
4,0,0,17.0,56.0,2800,6,6.4,5.8,6.9,42.61,1270.8
8,2,0,32.0,59.6,4500,3,11.5,3.9,0.0,60.26,1863.56
11,1,0,19.3,50.3,5000,6,8.2,3.4,1.2,56.69,1678.19
3,1,0,28.5,67.3,5000,8,7.8,7.3,1.6,64.62,1982.71
6,4,0,30.7,77.8,2800,9,5.1,8.4,0.0,52.88,1620.39
9,5,1,25.4,45.5,4500,2,7.5,6.2,7.2,54.01,1504.98
1,1,0,10.1,45.1,1200,6,7.9,4.9,0.0,39.88,1128.49
1,4,0,10.7,61.4,4500,3,10.5,4.7,0.3,54.61,1560.68
8,6,0,25.2,63.0,1500,7,7.7,6.7,1.2,39.96,1212.39
3,0,0,24.2,53.9,800,4,3.6,5.2,0.0,24.76,693.89
5,1,1,26.1,38.0,3500,5,8.1,5.3,7.6,49.23,1523.87
1,0,0,16.5,58.0,800,6,10.8,4.8,0.0,39.5,1135.76
5,0,0,32.8,57.8,800,8,9.2,4.8,6.9,44.95,1356.45
11,5,0,7.4,54.4,800,2,10.1,5.0,0.0,35.84,1029.58
6,1,0,34.7,57.3,1800,4,9.4,3.0,0.0,40.91,1253.03
8,0,0,29.2,66.5,1800,4,8.6,6.3,0.0,41.99,1245.34
3,5,0,20.0,57.9,2800,6,9.4,2.8,0.0,46.83,1384.58
3,5,0,14.3,54.7,1500,4,10.1,7.0,0.0,40.07,1171.15
12,1,0,11.7,70.0,2800,5,7.6,4.7,0.0,44.13,1274.03
11,5,0,20.2,49.1,3500,5,6.1,5.3,3.2,43.8,1330.24
11,1,0,28.7,47.9,800,8,8.3,6.6,2.1,44.75,1311.88
10,1,1,26.5,54.3,2800,4,8.5,5.0,1.8,45.23,1464.63
9,2,0,31.7,49.1,800,6,10.1,4.5,0.0,40.57,1288.68
4,0,1,21.1,42.9,3500,7,5.8,6.1,0.0,48.91,1455.23
4,3,0,19.3,74.5,2200,8,4.0,9.1,1.9,40.48,1195.86
12,1,1,11.6,86.1,1800,9,8.6,7.1,0.0,52.97,1580.34
7,0,0,27.8,46.4,800,8,7.3,4.7,3.9,37.63,1196.4
2,6,0,5.8,58.6,5000,4,8.8,4.9,0.0,57.32,1814.26
8,5,0,25.7,50.2,3500,4,9.0,4.7,3.7,48.38,1362.88
6,4,0,26.4,63.3,1200,5,7.7,4.0,4.0,37.48,1184.56
3,1,0,17.2,70.7,1800,3,5.1,6.2,0.0,31.4,928.99
9,5,0,26.6,33.7,1800,2,11.6,4.7,5.9,38.77,1126.07
5,5,1,27.6,56.4,4500,2,8.8,5.7,7.0,53.02,1640.93
8,5,0,28.9,36.8,1200,9,10.0,2.0,5.8,42.67,1283.77
7,5,0,27.4,71.8,2200,8,10.0,6.8,0.0,53.4,1663.56
8,5,0,20.1,57.8,4500,6,5.4,4.7,0.0,51.56,1589.63
7,1,0,27.4,40.8,2800,9,9.0,4.4,1.4,57.74,1747.14
3,6,0,13.6,52.1,1800,5,4.4,3.5,5.5,30.37,984.12
2,3,0,17.2,54.0,2200,1,9.1,3.7,6.4,35.35,1053.66
7,2,0,34.1,57.0,1200,8,9.8,5.2,4.9,49.72,1442.24
3,5,0,22.2,67.5,2200,3,7.4,6.6,0.0,36.68,1186.71
3,5,1,21.4,41.2,1500,9,6.0,5.2,4.0,40.16,1194.14
2,2,0,14.5,79.6,1500,1,11.6,6.6,0.0,35.44,1071.01
4,6,1,19.7,71.8,3500,3,8.8,5.7,0.0,48.16,1419.49
8,6,0,25.6,42.0,1500,1,2.2,7.8,7.2,21.48,648.93
12,1,0,8.3,60.9,1800,1,10.9,4.3,3.2,40.73,1236.29
1,0,0,18.5,79.9,3500,6,6.2,6.2,0.0,48.61,1408.26
1,4,0,13.2,74.1,1500,4,9.5,7.3,0.5,37.46,1074.74
12,4,0,9.5,56.0,1200,4,10.6,6.3,0.5,41.74,1212.46
5,0,0,22.3,60.4,3500,5,4.9,5.2,0.0,44.09,1316.97
11,1,0,14.1,95.0,2200,3,7.8,4.6,0.0,37.62,1148.09
5,4,0,26.2,51.9,800,2,5.5,2.3,1.8,23.43,761.23
11,6,1,22.8,51.7,4500,8,9.5,5.4,0.0,64.11,2033.56
12,2,0,13.5,62.1,1500,7,8.9,4.3,0.1,44.71,1349.38
1,0,0,3.9,62.3,3500,4,12.0,4.6,0.0,58.16,1724.5
6,6,0,28.1,43.7,2800,2,8.7,5.3,1.4,42.0,1152.89
1,3,0,13.3,64.6,2800,9,6.2,3.6,1.3,52.53,1587.55
5,1,0,25.0,35.6,4500,8,8.5,4.3,12.5,56.21,1678.64
9,0,0,23.2,47.0,1800,4,10.2,6.0,0.0,41.54,1230.13
12,4,0,16.1,69.1,1800,5,4.4,3.6,0.0,32.5,945.43
5,1,1,26.3,29.6,1500,6,7.8,5.5,11.0,38.85,1137.34
6,2,0,28.8,60.8,800,4,9.9,3.3,3.0,35.28,1073.19
8,1,0,30.8,28.4,1500,2,7.4,6.0,13.0,33.24,1026.1
11,1,0,16.1,38.6,800,5,8.9,6.5,11.8,33.67,1008.92
1,2,0,11.8,53.3,2800,1,8.8,7.0,4.4,42.14,1299.61
2,5,0,21.3,60.9,4500,7,4.7,7.6,0.0,55.34,1718.11
9,2,0,28.5,70.9,1500,9,3.2,6.3,0.0,38.31,1145.11
3,6,0,21.7,55.7,1800,3,6.0,2.7,0.0,28.02,895.64
6,1,0,34.4,47.0,2200,6,9.9,5.6,4.6,51.4,1499.14
5,2,0,28.4,57.6,3500,9,10.8,6.6,0.0,63.75,1925.54
11,5,0,22.2,48.9,2800,4,7.0,5.6,4.4,40.24,1189.96
2,6,0,8.0,59.2,1200,6,8.8,8.1,3.1,39.58,1209.51
7,0,0,30.9,36.3,3500,3,5.8,7.2,5.9,46.9,1309.99
4,2,0,21.2,53.5,4500,9,7.8,5.9,3.1,63.33,1952.86
1,2,0,21.5,57.8,800,7,6.4,6.8,3.4,34.77,1040.93
4,1,1,26.2,42.8,2800,7,6.8,3.5,0.5,49.85,1515.04
6,6,1,26.1,52.0,5000,4,6.4,5.7,2.9,58.58,1722.02
7,0,0,31.7,52.6,3500,6,11.7,3.7,1.2,58.92,1842.72
7,3,0,30.8,64.8,2200,8,11.7,5.5,3.6,54.05,1637.01
7,3,0,32.0,31.4,5000,6,8.0,4.6,9.0,62.27,1851.01
3,4,0,13.4,54.1,1200,6,3.7,4.6,0.0,32.9,892.63
6,2,0,30.5,40.9,3500,4,8.4,4.2,6.7,46.93,1392.25
8,2,0,27.9,62.9,5000,8,8.5,5.2,5.0,66.59,1893.33
4,0,0,23.3,61.5,1200,8,6.8,4.9,1.4,38.68,1166.15
8,5,0,25.7,58.6,2800,9,4.3,6.8,0.0,48.24,1473.79
2,3,0,12.4,49.1,5000,6,11.6,5.2,0.0,67.31,2051.19
10,4,0,27.3,68.1,1500,2,4.2,5.1,0.0,27.64,790.59
9,0,0,21.3,36.6,4500,4,4.6,5.8,9.2,44.12,1295.12
9,2,0,21.6,34.2,2200,4,4.1,5.8,0.0,38.26,1143.61
8,3,0,28.7,37.2,3500,8,6.2,4.2,0.5,50.61,1493.67
10,6,0,18.5,57.1,1500,5,2.4,5.1,1.0,22.17,590.41
10,4,0,18.0,65.6,4500,4,7.0,5.8,0.1,52.08,1534.49
1,1,0,14.5,23.6,1200,8,10.8,4.5,13.2,42.98,1307.37
2,3,0,8.3,73.4,4500,3,9.5,3.8,0.0,57.53,1705.22
6,4,0,24.4,51.6,1200,2,5.0,3.4,0.6,18.65,548.92
10,0,0,31.2,38.7,3500,4,11.9,5.7,3.2,53.72,1588.19
5,1,0,28.1,51.9,1200,1,9.8,4.7,0.0,32.01,1065.68
12,4,0,11.7,73.1,3500,1,7.1,4.9,3.1,43.31,1304.94
9,4,0,27.9,62.2,800,5,8.7,2.8,3.1,30.14,914.27
5,2,0,28.6,63.9,2800,1,10.4,5.2,0.3,44.79,1317.99
2,5,0,19.5,41.1,3500,4,4.6,5.6,9.5,38.24,1168.49
10,3,0,21.4,52.5,1800,8,6.4,6.2,5.8,40.67,1224.51
4,2,0,26.4,41.4,800,8,6.8,8.0,5.9,38.75,1084.14
9,6,0,16.8,75.6,2800,2,4.9,4.1,0.0,33.38,1068.74
1,1,0,9.2,67.0,1800,3,9.9,6.0,0.0,42.45,1268.56
11,5,0,18.7,93.5,1500,3,7.6,5.8,0.0,34.44,1057.32
1,4,0,15.5,53.7,1800,1,7.7,5.8,5.6,31.09,904.14
12,2,0,11.0,51.3,2800,3,7.4,4.8,1.0,44.15,1344.62
7,5,0,31.2,49.0,2200,8,13.3,6.9,6.5,58.23,1776.88
11,6,1,15.2,75.9,1200,6,6.8,4.5,0.0,39.42,1116.7
3,3,0,16.8,50.6,1200,5,8.4,4.8,2.3,34.65,1062.97
10,6,1,26.6,59.0,1500,9,9.3,5.6,3.6,49.28,1473.58
2,1,0,19.2,58.7,2800,7,1.6,5.4,0.0,33.79,967.44
9,0,0,21.5,55.5,800,6,7.8,6.2,0.0,32.79,1058.98
3,2,0,13.2,47.2,3500,5,8.4,5.9,2.0,50.23,1464.9
2,1,0,13.2,55.9,4500,5,7.8,5.9,2.6,53.12,1604.11
12,0,0,15.0,57.8,3500,9,7.6,7.9,3.9,56.29,1632.88
8,2,0,26.0,52.4,1500,6,8.7,5.3,1.9,42.18,1215.84
10,1,0,26.7,68.8,2800,4,3.1,7.0,0.0,39.51,1232.96
6,6,0,30.5,71.1,1800,4,8.9,3.8,3.0,36.95,1092.7
6,1,0,30.8,39.9,2200,4,9.8,5.2,2.6,48.27,1513.01
10,5,0,16.3,52.8,1500,6,11.7,5.5,3.0,46.3,1370.45
11,6,0,23.3,49.4,2200,1,4.0,3.1,4.1,28.56,836.29
7,2,0,17.3,52.9,2800,9,8.0,6.0,1.7,54.13,1589.65
7,1,0,33.8,44.2,4500,2,8.9,5.4,0.0,59.49,1762.55
11,4,0,22.2,62.2,2800,2,7.3,6.1,0.0,39.37,1208.94
6,2,0,27.0,63.2,5000,5,9.5,6.2,1.2,61.43,1846.8
4,1,0,27.7,22.2,1800,4,6.5,3.5,13.9,32.58,963.58
11,5,0,17.7,65.2,1200,3,10.9,7.1,1.7,33.25,1028.56
9,0,0,26.3,49.5,5000,5,10.2,4.8,4.0,61.58,1872.17
6,0,0,30.5,55.5,1500,7,10.4,4.8,0.0,47.48,1411.82
4,4,0,36.3,41.7,3500,2,9.9,5.9,7.9,53.28,1667.0
12,2,1,21.1,74.4,1800,6,4.9,6.9,0.8,38.44,1083.82
3,5,1,21.2,66.0,800,4,6.9,4.7,1.1,29.08,890.67
4,1,0,17.9,59.3,4500,2,6.1,5.1,1.2,43.17,1289.57
3,1,0,18.6,64.5,1800,1,5.7,6.5,1.1,26.56,819.43
2,0,0,11.4,48.6,2800,8,12.7,4.4,7.2,57.78,1738.1
5,5,0,29.7,43.2,3500,5,9.7,1.3,3.1,49.53,1497.73
2,6,0,15.7,66.5,4500,2,9.2,6.0,0.2,48.05,1361.0
6,4,0,23.9,40.8,1200,8,10.6,7.2,2.6,46.37,1401.27
3,0,0,18.4,72.3,5000,3,6.9,2.9,0.0,49.13,1520.81
6,0,0,25.1,46.1,1500,7,6.0,5.7,3.2,37.06,1084.63
11,4,0,18.7,65.4,800,2,4.5,4.5,1.4,20.22,651.42
10,2,0,18.1,82.7,1200,7,9.6,5.9,0.0,40.69,1204.8
9,1,0,26.1,46.5,4500,4,6.8,2.3,2.2,51.58,1520.73
1,2,1,17.4,60.2,2800,1,1.2,3.2,1.3,25.06,726.17
6,5,0,28.7,62.7,800,5,3.0,6.2,0.0,26.45,747.56
9,6,0,24.2,66.4,5000,4,4.0,5.2,0.0,48.75,1465.73
11,3,0,18.9,55.4,3500,8,5.9,8.1,0.0,52.83,1556.82
4,3,0,25.1,46.3,1500,1,6.8,6.0,4.9,28.63,834.27
11,3,0,13.0,56.5,3500,2,9.5,3.8,0.0,45.65,1338.71
12,4,1,16.2,77.4,2800,5,5.2,6.6,0.0,43.88,1331.12
2,0,0,21.0,54.2,1500,2,6.4,7.8,2.3,30.42,855.64
4,6,0,24.6,53.4,4500,1,8.8,5.0,2.7,50.12,1530.25
1,2,0,14.3,54.2,800,6,7.7,6.2,2.9,35.29,1081.29
3,1,0,20.9,63.5,2200,4,5.1,6.6,1.1,33.17,1017.98
10,3,1,24.0,59.4,4500,5,5.2,5.2,1.8,51.19,1491.57
9,2,1,29.4,43.0,1500,3,10.8,2.1,9.3,38.86,1176.54
10,3,0,12.9,45.9,2800,6,5.7,6.4,6.2,45.58,1426.06
5,6,0,19.0,26.7,1200,4,9.8,6.6,10.4,34.61,983.95
11,3,0,22.5,49.4,5000,6,6.4,7.8,4.4,57.45,1731.65
6,1,0,22.2,59.5,1200,5,4.3,3.8,3.6,25.7,720.87
3,5,0,19.8,70.9,2200,2,8.0,3.6,0.0,34.6,1025.7
5,5,0,24.4,58.9,1500,4,8.0,4.4,2.8,32.29,967.23
11,6,1,13.5,66.0,5000,2,9.1,4.9,3.5,56.28,1659.9
8,5,0,30.5,51.0,5000,5,10.3,6.3,1.0,68.45,2019.72
6,4,1,29.8,59.3,3500,3,9.0,3.6,5.6,51.79,1565.22
4,0,0,31.5,55.9,2200,6,10.1,7.0,0.0,52.15,1519.04
2,4,0,12.3,79.2,5000,5,11.3,6.8,0.0,66.02,2003.84
9,2,1,32.5,53.8,3500,2,9.9,6.6,0.0,53.91,1695.67
12,4,0,16.7,76.1,1200,8,8.9,5.3,0.0,42.43,1215.4
1,2,1,11.0,69.8,800,6,4.6,2.2,2.9,34.47,973.9
1,2,0,17.6,68.2,1800,9,7.7,8.3,0.0,49.68,1422.2
4,0,0,24.5,28.4,4500,3,12.1,4.4,1.0,59.52,1764.17
7,1,1,30.2,61.8,2800,4,5.2,6.5,0.0,44.62,1377.21
1,6,0,15.2,57.8,1200,8,11.7,6.0,0.0,47.27,1460.75
9,0,1,23.3,49.7,2200,7,8.1,7.4,2.4,48.26,1466.76
4,6,1,18.3,34.7,5000,8,3.4,5.7,8.4,57.76,1741.82
3,5,0,21.4,54.9,2800,9,6.2,6.0,2.9,51.25,1594.91
1,5,0,13.0,59.7,2800,8,9.2,6.1,0.0,53.18,1573.38
10,4,0,21.6,41.9,3500,8,8.0,6.4,2.3,50.12,1528.74
4,2,0,23.3,34.8,2200,6,5.8,3.7,5.9,36.45,1182.84
9,3,0,27.2,60.8,1500,2,9.3,8.0,5.4,38.71,1216.83
10,3,0,15.6,68.0,1500,7,10.4,5.6,0.0,44.47,1283.66
6,6,0,34.7,52.3,2200,4,11.9,6.3,3.5,52.05,1535.44
6,2,0,29.5,63.8,1800,3,10.9,7.6,0.0,42.9,1378.52
1,6,0,13.1,58.3,2200,4,7.5,5.4,0.0,39.94,1172.3
10,0,0,23.9,56.8,5000,4,8.2,3.9,0.0,54.38,1703.33
2,1,0,16.1,46.5,2200,3,12.1,3.8,1.9,42.86,1266.37
11,0,1,21.5,40.6,1800,9,4.0,5.2,9.0,39.28,1169.45
6,2,0,31.3,72.3,1800,3,9.9,5.8,0.0,43.79,1272.4
2,2,0,18.3,71.1,800,2,4.6,5.9,0.0,21.02,596.98
3,1,0,24.1,38.3,1800,1,9.4,6.8,1.9,33.27,989.31
4,6,0,26.0,54.4,1800,1,3.5,2.8,6.3,19.33,588.2
11,4,1,17.3,58.1,5000,5,6.0,5.8,1.9,58.78,1745.28
5,4,0,20.9,47.4,1800,5,10.6,6.4,8.0,39.91,1228.81
9,1,0,33.5,50.1,3500,9,8.8,6.8,0.0,64.5,1916.99
12,4,0,14.0,64.6,800,4,8.0,1.8,2.8,25.95,685.61
4,3,0,19.9,62.3,3500,5,8.8,4.9,0.0,51.56,1537.46
11,4,0,10.2,64.2,1200,6,9.0,6.8,0.0,48.05,1420.2
9,4,0,27.5,53.6,4500,7,3.9,4.5,0.5,53.72,1678.53
11,4,0,18.7,57.4,800,9,4.5,4.1,0.4,31.89,997.01
10,3,0,15.2,68.7,1500,6,10.4,6.4,0.0,47.15,1459.2
3,6,1,20.0,60.6,4500,1,9.2,5.5,0.0,49.96,1530.42
8,4,0,26.7,53.4,4500,8,3.7,6.1,0.9,55.6,1687.76
12,5,0,27.2,59.6,2200,2,6.0,4.2,0.0,28.53,875.52
1,3,0,11.4,63.5,2200,9,7.5,3.9,0.0,48.82,1506.13
11,1,0,16.0,53.7,4500,7,6.7,7.1,2.6,60.0,1826.1
9,0,1,22.1,64.9,2200,7,4.5,10.7,0.0,44.64,1315.48
9,1,0,31.8,42.1,5000,5,9.5,3.1,4.3,60.87,1762.41
10,0,0,20.3,52.6,800,8,5.1,7.3,0.0,33.17,910.2
2,1,0,11.8,64.8,2200,1,7.9,4.8,0.0,39.34,1141.98
4,5,0,25.2,38.9,1500,3,5.0,5.8,0.0,30.33,876.78
8,0,0,22.7,33.6,1500,9,8.1,5.8,3.1,44.1,1318.73
7,0,0,32.8,51.4,1200,1,6.8,8.4,0.0,32.39,966.15
1,2,0,22.0,39.0,1500,8,7.1,4.6,4.0,40.9,1305.22
5,0,0,28.5,35.1,3500,6,10.3,4.7,4.9,54.09,1647.97
7,0,0,32.9,59.7,4500,5,13.6,5.6,3.9,70.41,2078.74
4,2,0,25.9,50.0,4500,6,8.5,6.5,0.0,59.79,1855.42
1,4,1,21.7,74.8,4500,5,6.7,7.5,0.0,58.5,1744.65
9,4,0,31.4,40.5,800,9,5.7,6.6,11.9,37.86,1161.29
5,2,0,28.0,49.5,3500,2,11.0,5.5,0.1,52.48,1595.47
11,3,0,22.1,64.1,1200,6,6.6,4.9,2.1,34.51,1037.12
2,0,0,11.1,43.5,1800,4,9.6,6.2,9.0,41.03,1294.53
8,0,0,32.4,64.9,2200,3,10.2,4.2,4.6,46.03,1354.61
11,2,0,13.5,65.5,800,5,8.5,5.8,0.0,38.01,1146.09
2,2,0,13.4,38.2,1800,2,8.3,4.9,8.7,32.16,924.22
3,3,0,4.1,54.5,1800,3,10.3,3.8,4.5,41.3,1254.77
10,5,0,23.8,62.1,5000,7,8.3,8.0,4.4,63.4,1920.34
1,4,0,11.1,52.2,5000,1,6.0,3.6,4.3,47.28,1422.26
11,1,0,23.0,41.6,800,2,3.6,4.6,8.4,19.62,591.66
2,5,0,16.8,60.8,4500,3,5.6,2.9,0.0,46.19,1377.83
7,6,0,35.1,77.2,1800,7,12.7,5.4,0.0,54.12,1640.55
10,4,0,17.1,52.9,1800,4,8.1,6.1,0.0,36.32,1117.42
2,0,0,19.7,76.3,2200,8,5.1,4.4,0.0,40.09,1148.18
6,6,0,38.4,41.0,1200,8,9.6,3.1,2.6,49.34,1467.71
3,5,0,21.4,57.6,800,1,6.0,4.5,0.0,23.77,696.82
4,2,0,25.6,61.8,2200,5,8.2,5.3,0.0,43.06,1321.55
11,3,0,18.8,59.2,3500,1,9.4,4.7,4.5,41.63,1303.28
8,4,0,26.6,48.9,5000,7,11.8,8.1,0.0,71.52,2164.84
3,3,0,21.4,63.7,1200,4,5.9,5.9,6.7,26.99,816.14
10,6,0,15.2,80.2,4500,8,12.1,6.2,0.0,68.65,2024.92
6,4,1,27.0,53.6,3500,8,8.0,6.3,4.7,57.39,1805.48
1,5,1,6.0,53.1,1200,9,11.1,6.4,1.2,54.66,1598.29
7,0,0,26.8,48.4,2200,6,9.7,4.9,0.0,48.3,1392.52
8,1,0,31.8,82.7,3500,7,11.5,4.3,0.0,58.95,1800.88
11,3,0,20.3,60.9,1500,7,9.4,9.4,2.9,41.15,1211.48
8,3,0,29.2,45.4,1200,5,5.9,5.3,2.2,32.38,1005.8
3,1,0,18.8,41.3,2800,7,6.9,5.7,4.8,46.54,1460.65
10,3,0,13.5,35.6,2800,9,10.8,6.0,4.9,58.4,1739.97
1,3,0,12.3,63.7,1800,4,6.5,4.3,0.0,37.54,1146.72
9,4,0,22.9,62.9,800,2,2.8,5.5,0.7,15.88,456.32
6,4,0,26.0,45.2,2200,8,4.5,3.9,0.1,41.94,1261.53
11,1,0,20.7,59.2,800,7,5.8,6.8,3.2,29.77,887.34
9,6,0,22.1,41.0,4500,6,10.4,5.2,13.1,55.5,1708.2
7,0,0,27.3,52.3,1200,7,4.9,7.4,5.9,33.83,990.37
1,5,0,4.6,65.1,5000,3,8.6,6.1,0.0,59.67,1759.78
12,5,0,13.7,53.6,5000,6,7.2,6.2,2.7,64.95,1939.62
12,6,1,10.2,80.3,1500,7,7.3,4.5,0.5,44.93,1377.73
1,3,1,14.4,49.3,2800,7,5.6,5.8,1.8,44.57,1301.14
6,0,0,24.6,53.4,5000,5,3.0,6.6,3.6,48.01,1387.06
5,1,0,26.5,60.8,3500,3,6.6,5.5,2.7,44.44,1386.08
9,6,0,25.3,54.1,1800,2,11.2,3.2,2.2,37.8,1033.97
2,1,0,22.6,55.2,1500,7,7.6,7.2,1.7,39.91,1138.71
8,4,0,31.2,35.4,1200,4,11.4,6.5,9.1,44.81,1441.77
11,3,1,9.7,75.6,800,2,8.2,2.9,3.8,28.79,784.87
5,2,0,20.3,48.6,800,8,4.5,6.0,1.9,33.11,973.61
2,1,0,15.3,63.9,1800,2,8.8,6.4,4.2,37.01,1081.1
10,6,0,17.8,65.6,1800,6,7.1,4.7,0.0,42.63,1175.67
11,3,0,4.6,51.8,5000,4,10.8,3.4,3.6,68.45,2008.35
11,0,0,24.1,57.0,800,9,10.3,4.3,0.0,44.74,1354.13
12,6,0,18.3,76.0,1800,5,5.2,5.3,0.0,33.72,1045.57
6,4,0,31.3,36.6,1500,4,7.2,6.8,0.5,39.48,1234.06
10,5,0,19.3,83.0,5000,8,8.2,4.2,1.9,62.5,1858.18
8,0,0,30.9,43.6,2200,3,10.4,3.7,2.1,40.0,1116.77
4,1,0,18.8,38.3,5000,9,4.6,5.4,4.1,55.32,1661.93
2,1,1,16.0,59.1,2800,8,7.7,6.8,0.0,55.44,1725.05
12,0,0,10.9,86.5,5000,8,5.4,8.4,0.0,67.0,2078.66
11,1,1,24.8,36.4,800,5,7.7,5.6,5.9,37.0,1154.21
5,6,0,18.9,49.0,1800,1,5.7,4.1,2.5,25.05,690.16
12,3,0,20.6,65.7,1800,9,5.6,4.7,0.0,41.09,1223.95
2,1,0,15.2,57.9,2800,2,5.5,7.3,5.9,35.72,1081.95
2,4,0,12.9,62.1,800,1,10.8,3.2,5.0,32.55,994.15
6,3,1,29.7,41.4,2200,6,9.1,5.9,0.0,49.9,1416.96
11,6,1,21.3,52.1,1500,1,8.1,7.1,0.0,31.58,1039.93
10,2,0,28.2,55.7,800,7,8.0,5.5,2.7,38.08,1201.78
9,1,0,27.4,41.4,2800,7,10.3,4.1,1.9,52.09,1562.58
4,1,0,18.0,52.0,1500,1,3.2,5.9,0.7,21.71,657.05
6,4,1,29.2,45.3,1800,5,8.5,5.7,0.0,46.63,1376.42
7,6,0,38.2,45.0,5000,3,13.6,6.0,0.0,71.36,2196.42
11,4,0,24.1,63.2,1200,2,3.0,6.1,0.0,21.71,599.22
6,5,0,33.0,28.2,800,5,9.9,6.3,6.9,38.65,1164.61
8,6,0,32.5,49.8,2800,5,10.6,5.9,2.8,52.35,1532.82
4,0,1,25.1,80.3,800,2,6.5,6.2,0.0,25.39,760.91
12,0,0,20.3,47.0,800,6,8.2,7.6,0.0,37.35,1173.1
1,0,0,11.9,74.8,3500,7,10.7,4.5,0.0,59.84,1766.26
7,4,0,23.9,51.3,1200,1,5.6,4.7,5.7,25.54,774.35
3,0,0,18.3,47.8,1800,3,6.0,6.5,10.9,30.68,914.65
6,6,0,25.2,34.2,1800,4,4.9,5.3,6.9,28.7,827.95
2,0,0,10.3,59.2,1200,2,9.8,3.3,0.0,34.41,1004.51
9,2,1,22.8,72.4,2800,5,6.9,6.0,0.0,46.08,1355.11
1,0,0,25.2,54.7,1200,4,7.3,4.7,5.8,32.84,903.96
6,1,0,29.5,49.0,4500,2,8.8,8.4,0.0,59.77,1786.05
6,5,0,30.6,62.1,1800,1,7.2,6.6,3.1,31.95,962.0
5,4,0,20.5,54.8,800,8,3.3,7.5,5.3,31.1,864.79
5,3,1,17.7,31.8,3500,2,7.9,5.3,10.8,42.7,1260.61
1,5,0,10.3,60.5,2800,4,8.8,5.9,0.0,52.52,1565.44
10,2,0,28.5,75.6,2800,5,6.2,5.0,0.0,45.69,1407.07
12,4,0,16.6,59.6,1500,2,5.9,3.9,0.8,26.53,873.53
5,6,0,28.7,20.0,3500,9,10.1,4.5,13.3,61.13,1851.6
2,4,0,18.4,62.2,2800,2,8.5,8.4,0.0,41.84,1193.23
7,1,1,27.3,48.3,5000,6,9.2,6.2,6.1,66.62,1956.99
3,6,0,24.2,33.1,1500,7,6.9,3.7,6.5,35.9,1080.31
4,5,0,19.2,32.3,1500,6,5.2,7.0,9.4,32.76,962.44
3,5,0,24.3,66.7,1800,4,9.6,9.3,1.7,45.6,1366.2
3,0,0,20.0,46.2,1500,1,5.7,2.8,0.1,21.9,694.27
4,6,0,13.9,41.6,1800,2,8.7,6.1,4.8,30.17,897.38
5,1,1,22.6,50.2,2800,6,4.8,3.9,0.0,40.84,1335.31
1,0,0,6.0,51.6,800,8,10.0,7.5,1.6,50.69,1449.7
4,0,0,27.2,53.7,1200,3,2.5,2.1,8.3,22.78,707.65
12,4,0,15.0,57.6,2800,7,6.5,5.8,0.0,46.02,1305.53
12,5,0,5.0,45.6,2800,9,7.8,6.6,0.4,55.27,1619.73
11,0,0,19.7,53.2,800,4,6.8,3.3,0.6,25.19,793.57
8,2,1,26.5,57.8,2800,7,6.5,6.4,3.1,51.75,1459.75
10,2,0,15.3,58.0,5000,7,7.1,5.0,3.1,59.6,1801.37
7,5,1,37.6,49.7,4500,9,15.2,8.5,3.5,81.27,2382.13
9,2,0,26.5,78.2,2200,3,5.6,3.2,0.0,34.51,1032.15
5,4,0,24.7,59.4,1800,1,7.4,6.5,0.0,34.31,1000.96
10,1,0,20.2,67.7,2800,8,6.7,5.7,4.1,49.14,1474.83
4,3,0,15.2,50.5,2200,4,5.8,7.3,0.0,34.62,1056.49
8,0,0,23.1,55.1,2800,2,8.8,7.2,2.0,44.06,1369.44
9,3,0,31.8,49.8,1500,5,12.5,5.1,1.2,48.34,1456.46
7,1,0,27.9,60.0,3500,4,10.5,5.3,1.9,51.98,1587.1
7,1,0,30.1,49.3,4500,1,6.8,6.5,2.7,46.53,1392.87
5,4,1,16.8,53.3,2200,7,5.9,6.5,0.0,41.36,1180.38
4,2,0,16.1,54.4,2200,4,3.4,5.2,3.5,30.03,849.63
10,2,1,24.7,57.3,1800,8,6.7,4.5,0.0,42.93,1355.03
1,1,0,15.7,94.6,2200,9,7.4,6.4,0.0,48.79,1408.77
10,4,0,29.9,49.5,4500,8,10.2,4.1,2.3,68.33,2058.47
10,4,0,28.0,49.4,2200,1,11.6,6.1,0.5,42.69,1288.55
7,5,0,29.0,59.0,5000,8,5.9,7.5,0.0,61.78,1858.71
1,6,1,16.1,52.2,800,5,7.7,4.3,0.0,32.28,1014.42
1,0,0,12.6,55.8,3500,1,8.1,4.5,0.0,43.92,1288.55
5,6,1,35.2,37.6,2200,9,10.0,5.0,10.7,55.48,1654.88
9,2,1,31.2,60.9,1800,9,12.2,7.5,1.1,60.29,1793.36
6,1,0,29.7,56.1,1500,7,8.8,5.8,0.1,47.47,1322.12
3,5,1,18.9,51.2,3500,7,7.7,5.2,4.8,53.53,1571.67
3,3,0,24.5,63.6,1200,1,8.0,6.1,0.0,28.42,900.55
7,2,1,32.6,28.4,2200,9,9.9,5.2,5.3,55.09,1743.77
6,0,0,35.9,41.5,1200,1,8.9,4.8,7.4,36.84,1147.97
9,4,0,16.1,53.0,3500,7,11.2,4.0,0.0,55.97,1696.58
6,1,1,31.0,35.9,2800,9,8.9,7.2,0.7,65.11,1891.41
5,2,0,23.7,29.7,3500,9,7.9,4.3,8.7,56.56,1705.14
10,3,0,29.9,53.8,5000,5,9.2,7.6,1.9,64.52,1940.04
7,0,0,37.0,59.0,1200,6,6.6,6.0,0.8,39.27,1283.45
1,0,0,14.1,74.7,5000,2,6.0,5.0,0.0,50.47,1435.49
12,5,0,22.0,53.4,3500,2,6.5,5.2,3.7,42.2,1209.71
7,2,0,38.0,59.5,1200,9,9.4,8.5,0.0,53.55,1661.04
3,3,0,18.3,62.6,1200,1,7.6,3.1,0.0,22.57,746.6
9,0,0,37.1,69.6,1800,5,9.0,3.6,0.0,44.4,1346.91
6,1,0,28.8,45.8,1200,7,8.4,7.1,5.4,43.17,1278.68
9,0,0,25.0,33.4,800,6,3.8,4.2,10.3,26.27,813.89
5,3,0,29.9,51.5,2800,6,10.3,4.5,3.9,52.16,1662.8
7,4,0,28.4,38.5,2200,6,9.1,4.9,0.6,45.99,1350.56
4,4,1,22.4,43.8,1500,8,7.4,7.5,0.0,45.04,1372.14
7,5,0,36.3,47.1,800,7,10.4,6.9,7.4,45.3,1349.91
1,2,0,14.1,55.3,5000,5,6.7,5.3,4.6,56.45,1710.13
7,3,1,22.4,52.4,4500,2,9.6,5.8,3.7,54.31,1664.34
8,5,0,30.6,60.9,2800,6,12.2,6.2,3.5,56.56,1670.4
5,6,0,22.9,46.3,2800,5,6.4,4.0,3.4,38.8,1208.13
2,0,0,19.0,62.2,1800,4,5.5,4.0,0.0,33.18,973.25
5,6,1,29.1,50.8,1200,5,5.0,2.4,1.2,33.06,1017.57
6,0,0,35.5,61.2,1800,9,10.8,8.1,2.3,59.46,1696.38
12,4,0,19.2,57.7,1200,2,5.2,4.2,1.4,21.67,684.44
2,5,0,20.0,56.6,3500,6,5.3,5.6,0.0,45.14,1314.27
6,4,0,25.9,45.5,5000,9,9.4,6.7,6.4,67.28,1995.91
6,1,0,32.5,48.1,1200,5,7.5,4.0,4.7,39.11,1071.74
1,6,0,22.9,49.9,5000,6,10.4,4.3,3.3,60.25,1797.39
1,6,0,10.9,48.7,5000,4,7.0,4.0,7.9,52.69,1640.47
11,4,0,26.1,68.6,4500,5,3.4,1.2,0.0,45.5,1294.51
10,1,0,19.5,44.5,800,8,5.1,5.7,0.0,30.58,926.15
3,0,0,14.2,51.2,2200,1,8.8,8.6,3.8,41.15,1142.7
10,5,0,23.3,69.7,1800,1,7.0,4.3,0.0,26.75,795.75
10,1,1,25.2,53.3,3500,4,7.6,4.6,8.0,47.0,1448.63
12,5,0,19.2,69.9,4500,3,6.0,4.7,0.0,45.9,1372.12
3,6,0,13.7,47.9,4500,5,7.2,6.0,0.0,56.36,1725.92
4,5,1,24.0,39.9,1200,8,4.4,7.1,2.4,36.92,1084.99
2,6,0,12.0,38.4,1500,1,9.0,3.8,3.1,32.26,1084.1
9,1,0,19.3,70.8,3500,5,8.6,6.2,0.0,48.23,1496.44
10,6,0,17.8,43.9,1800,5,7.0,5.4,2.2,34.63,1048.33
12,2,0,11.7,69.0,2800,2,7.3,5.6,0.0,40.53,1292.94
11,6,1,20.3,47.3,4500,5,6.5,6.2,0.0,54.14,1686.96
7,4,0,35.2,66.5,4500,8,13.2,4.3,0.7,73.02,2166.42
7,1,0,23.4,77.2,3500,7,6.3,4.9,0.0,48.99,1492.24
6,0,0,30.5,29.8,1200,2,6.4,5.9,5.4,32.37,957.78
3,5,0,12.7,42.0,1200,6,8.9,5.4,0.0,41.1,1274.34
6,3,0,31.8,59.3,1500,1,10.4,6.3,0.0,39.06,1242.53
12,1,0,12.3,66.2,1800,3,10.3,5.0,0.0,42.84,1218.61
8,4,0,24.2,61.8,800,6,8.4,7.1,5.9,33.64,1014.56
8,6,0,32.5,45.6,2200,9,9.8,3.0,9.0,55.51,1731.11
11,5,1,15.4,83.2,3500,1,6.0,5.6,0.0,38.71,1195.52
9,2,0,24.6,56.4,2200,6,5.1,3.7,0.0,39.85,1214.74
1,0,0,4.0,44.7,3500,2,10.4,6.9,3.7,50.99,1578.08
1,2,0,18.3,56.3,2200,9,8.0,5.7,0.0,48.09,1382.5
3,3,0,21.7,40.6,4500,2,4.9,4.7,1.5,42.0,1285.57
3,1,0,18.0,74.1,3500,3,5.9,4.1,0.0,43.27,1353.61
10,5,0,15.1,49.6,800,2,6.0,6.2,1.2,26.9,832.62
8,1,0,34.4,58.4,800,4,13.1,6.3,0.0,44.93,1293.03
10,4,0,19.0,51.9,2200,4,6.2,5.0,0.0,36.29,1071.74
1,1,1,12.0,51.9,1200,1,10.0,6.1,0.0,36.99,1110.2
2,0,0,25.5,34.6,5000,8,10.5,6.1,4.8,69.59,2050.84
2,3,0,11.9,64.7,1200,5,6.8,5.6,0.0,35.47,1023.54
3,2,0,21.3,70.6,5000,8,7.6,7.0,4.1,61.32,1861.7
6,3,0,31.5,39.0,1200,6,9.0,8.3,0.0,41.17,1309.23
1,5,0,15.8,40.8,1800,2,10.4,5.6,8.8,35.65,984.66
2,1,1,16.3,67.1,1500,7,5.8,6.1,0.0,40.46,1192.06
1,5,0,15.7,39.6,2800,9,8.0,7.3,14.1,49.44,1450.69
5,2,0,27.2,65.3,1800,7,9.1,4.3,1.6,44.82,1412.15
7,5,0,29.8,39.8,5000,5,7.3,5.2,0.0,61.88,1888.94
8,4,1,35.7,39.3,5000,4,10.0,4.8,9.0,65.23,2019.52
10,3,0,16.1,60.5,5000,8,7.2,6.3,0.0,62.06,1901.66
1,2,0,18.6,46.9,1500,6,8.9,5.9,6.3,40.41,1265.46
7,2,0,33.7,42.2,1500,5,14.2,8.1,3.5,54.1,1635.9
5,6,0,29.1,54.9,1800,7,11.6,7.9,0.0,53.69,1632.11
10,2,0,27.0,28.4,5000,3,10.7,3.0,5.3,56.82,1728.22
1,6,0,13.6,79.0,2800,9,0.0,6.4,0.0,39.05,1173.0
3,0,0,9.6,55.5,5000,4,9.7,6.5,0.0,63.85,1915.73
7,6,0,29.7,35.2,4500,4,8.7,5.5,0.0,58.26,1769.17
10,3,1,17.5,45.3,3500,8,8.7,5.0,1.1,55.8,1694.23
1,5,0,10.7,71.2,2200,6,6.2,7.7,0.0,45.24,1366.71
7,6,1,24.4,57.9,5000,1,8.5,5.6,4.7,55.41,1670.43
5,2,0,23.9,67.3,1800,2,2.7,3.6,4.5,20.85,657.53
1,3,0,11.3,51.1,1800,9,11.0,7.4,1.7,55.74,1666.46
1,6,0,3.3,62.9,4500,6,8.0,6.3,0.0,63.69,1855.77
1,6,0,17.2,64.4,1800,7,9.6,4.7,0.0,46.22,1395.86
11,2,0,28.0,67.7,3500,9,10.4,4.8,0.0,63.98,1878.99
9,4,0,28.7,68.5,1800,3,7.6,4.1,3.6,35.46,1110.54
11,4,0,17.1,50.7,800,5,8.0,7.3,5.4,33.32,973.19
3,6,0,17.8,53.6,5000,5,7.0,6.4,2.2,56.09,1660.18
5,4,0,24.1,43.3,1800,7,4.0,7.1,9.4,33.91,1035.97
11,1,0,18.4,58.7,1500,2,7.9,5.5,0.0,31.74,951.67
10,2,0,21.8,65.9,1500,4,8.6,4.4,1.3,34.76,1096.01
12,1,0,11.3,40.2,5000,4,8.3,4.2,1.9,56.6,1688.59
9,3,0,33.6,68.3,4500,8,11.1,7.4,0.0,68.59,2044.46
6,1,1,22.2,36.3,3500,3,4.6,6.0,0.0,43.27,1263.75
12,3,1,18.3,56.3,3500,2,8.6,4.8,1.1,44.95,1295.16
9,6,0,25.5,69.9,1800,9,7.4,5.9,0.0,47.93,1414.21
8,3,0,37.5,56.4,1500,4,10.9,6.9,0.2,45.43,1381.42
8,3,0,30.5,56.6,1800,9,9.8,6.7,2.5,53.17,1652.86
1,5,0,12.4,45.2,2800,6,11.6,5.5,7.0,53.24,1635.5
9,1,0,24.9,42.5,1800,1,8.2,5.0,3.4,31.46,918.13
6,5,0,29.1,61.3,1800,3,6.3,4.4,2.2,36.79,1111.0
9,6,0,20.9,47.9,1200,7,4.6,5.7,3.9,32.07,963.36
3,2,0,14.5,49.1,3500,9,7.8,5.5,6.5,52.67,1632.24
12,1,0,7.0,71.6,2800,8,11.2,5.7,0.0,59.65,1848.7
3,2,0,13.8,42.4,1200,5,5.8,4.7,10.8,27.27,730.5
6,2,0,29.4,53.2,2200,8,9.2,3.8,2.4,52.26,1630.5
9,3,0,27.4,55.5,2800,2,9.7,6.6,0.0,45.79,1303.07
7,1,1,21.1,50.6,2200,3,5.0,6.2,6.9,33.01,1002.59
3,2,0,17.4,48.8,1800,8,11.0,5.4,4.8,45.51,1271.25
3,4,0,20.5,48.0,5000,9,4.7,5.4,4.3,58.14,1789.9
2,2,0,14.3,44.6,1500,8,8.4,3.7,0.0,44.86,1330.57
9,4,0,23.1,60.8,1200,4,2.5,7.0,5.8,25.66,800.24
3,1,0,16.1,47.0,5000,6,6.8,7.5,6.6,59.69,1777.73
11,6,0,15.6,71.0,4500,5,7.3,5.4,0.0,57.2,1759.71
5,5,0,23.1,48.0,5000,4,5.8,5.9,0.0,55.93,1602.89
9,1,1,26.8,42.3,1500,9,6.3,4.4,2.2,44.31,1356.75
8,5,0,39.3,49.6,800,3,10.5,5.4,9.7,39.73,1210.66
2,5,1,11.7,52.6,800,1,10.1,4.1,3.4,35.02,1067.47
3,1,0,16.6,67.1,1500,7,3.5,4.7,0.0,31.09,955.81
2,2,1,14.8,53.1,1800,8,4.1,5.4,0.0,41.96,1309.87
8,0,0,25.8,49.2,1200,3,6.5,4.7,0.6,27.96,883.21
6,2,0,33.9,66.9,4500,3,9.6,5.1,3.1,57.48,1660.88
6,2,0,18.3,56.1,1500,6,5.2,7.2,0.0,37.67,1135.26
12,6,0,12.7,80.0,1800,2,8.6,2.0,0.2,32.01,976.29
9,3,0,29.7,70.1,2800,6,9.9,4.8,1.1,54.1,1620.02
8,3,0,27.6,41.9,2800,5,9.9,6.4,12.6,47.13,1420.86
4,2,1,18.3,64.4,1200,7,9.5,6.0,1.3,45.23,1378.41
12,4,1,17.1,78.3,2800,9,4.5,4.7,0.0,50.56,1550.87
4,6,0,26.1,70.9,1800,9,6.0,9.1,0.0,45.75,1398.17
9,5,0,26.9,66.9,2200,1,6.0,9.1,0.0,36.89,1145.57
1,3,0,10.4,70.9,3500,7,11.2,5.7,0.0,63.24,1985.82
2,2,0,17.1,53.9,3500,3,5.9,3.8,8.2,38.09,1133.37
2,6,0,13.3,47.5,2800,4,8.9,5.0,0.0,46.97,1403.06
6,0,0,32.3,45.8,2800,2,6.6,3.5,6.6,36.2,1117.64
